[     751ms] [LOG] JQMIGRATE: Migrate is installed with logging active, version 3.4.0 @ https://wiki.one.int.sap/wiki/s/92d2c4742cba354172eb1affa02efacd-CDN/-23x24x/9116/n2r6gc/1bfa1eaa8b04ae6d4124fc3e33a6146f/_/download/contextbatch/js/_super/batch.js?locale=en-US:99
[     752ms] [WARNING] Use of `window._` through AUI is deprecated and will be removed in AUI 10.0.0 @ https://wiki.one.int.sap/wiki/s/92d2c4742cba354172eb1affa02efacd-CDN/-23x24x/9116/n2r6gc/1bfa1eaa8b04ae6d4124fc3e33a6146f/_/download/contextbatch/js/_super/batch.js?locale=en-US:173
[     753ms] [WARNING] DEPRECATED undefined - AJS.params has been deprecated since 9.0.0 and will be removed in 10.0.0.  
     at HTMLMetaElement.<anonymous> (https://wiki.one.int.sap/wiki/s/92d2c4742cba354172eb1affa02efacd-CDN/-23x24x/9116/n2r6gc/1bfa1eaa8b04ae6d4124fc3e33a6146f/_/download/contextbatch/js/_super/batch.js?locale=en-US:2852:304) @ https://wiki.one.int.sap/wiki/s/92d2c4742cba354172eb1affa02efacd-CDN/-23x24x/9116/n2r6gc/1bfa1eaa8b04ae6d4124fc3e33a6146f/_/download/contextbatch/js/_super/batch.js?locale=en-US:2576
[     754ms] [WARNING] DEPRECATED undefined - AJS.params has been deprecated since 9.0.0 and will be removed in 10.0.0.  
     at HTMLMetaElement.<anonymous> (https://wiki.one.int.sap/wiki/s/92d2c4742cba354172eb1affa02efacd-CDN/-23x24x/9116/n2r6gc/1bfa1eaa8b04ae6d4124fc3e33a6146f/_/download/contextbatch/js/_super/batch.js?locale=en-US:2852:304) @ https://wiki.one.int.sap/wiki/s/92d2c4742cba354172eb1affa02efacd-CDN/-23x24x/9116/n2r6gc/1bfa1eaa8b04ae6d4124fc3e33a6146f/_/download/contextbatch/js/_super/batch.js?locale=en-US:2576
[     754ms] [WARNING] DEPRECATED undefined - AJS.params has been deprecated since 9.0.0 and will be removed in 10.0.0.  
     at HTMLMetaElement.<anonymous> (https://wiki.one.int.sap/wiki/s/92d2c4742cba354172eb1affa02efacd-CDN/-23x24x/9116/n2r6gc/1bfa1eaa8b04ae6d4124fc3e33a6146f/_/download/contextbatch/js/_super/batch.js?locale=en-US:2852:304) @ https://wiki.one.int.sap/wiki/s/92d2c4742cba354172eb1affa02efacd-CDN/-23x24x/9116/n2r6gc/1bfa1eaa8b04ae6d4124fc3e33a6146f/_/download/contextbatch/js/_super/batch.js?locale=en-US:2576
[     754ms] [WARNING] DEPRECATED undefined - AJS.params has been deprecated since 9.0.0 and will be removed in 10.0.0.  
     at HTMLMetaElement.<anonymous> (https://wiki.one.int.sap/wiki/s/92d2c4742cba354172eb1affa02efacd-CDN/-23x24x/9116/n2r6gc/1bfa1eaa8b04ae6d4124fc3e33a6146f/_/download/contextbatch/js/_super/batch.js?locale=en-US:2852:304) @ https://wiki.one.int.sap/wiki/s/92d2c4742cba354172eb1affa02efacd-CDN/-23x24x/9116/n2r6gc/1bfa1eaa8b04ae6d4124fc3e33a6146f/_/download/contextbatch/js/_super/batch.js?locale=en-US:2576
[     754ms] [WARNING] DEPRECATED undefined - AJS.params has been deprecated since 9.0.0 and will be removed in 10.0.0.  
     at HTMLMetaElement.<anonymous> (https://wiki.one.int.sap/wiki/s/92d2c4742cba354172eb1affa02efacd-CDN/-23x24x/9116/n2r6gc/1bfa1eaa8b04ae6d4124fc3e33a6146f/_/download/contextbatch/js/_super/batch.js?locale=en-US:2852:304) @ https://wiki.one.int.sap/wiki/s/92d2c4742cba354172eb1affa02efacd-CDN/-23x24x/9116/n2r6gc/1bfa1eaa8b04ae6d4124fc3e33a6146f/_/download/contextbatch/js/_super/batch.js?locale=en-US:2576
[     754ms] [WARNING] DEPRECATED undefined - AJS.params has been deprecated since 9.0.0 and will be removed in 10.0.0.  
     at HTMLMetaElement.<anonymous> (https://wiki.one.int.sap/wiki/s/92d2c4742cba354172eb1affa02efacd-CDN/-23x24x/9116/n2r6gc/1bfa1eaa8b04ae6d4124fc3e33a6146f/_/download/contextbatch/js/_super/batch.js?locale=en-US:2852:304) @ https://wiki.one.int.sap/wiki/s/92d2c4742cba354172eb1affa02efacd-CDN/-23x24x/9116/n2r6gc/1bfa1eaa8b04ae6d4124fc3e33a6146f/_/download/contextbatch/js/_super/batch.js?locale=en-US:2576
[     754ms] [WARNING] DEPRECATED undefined - AJS.params has been deprecated since 9.0.0 and will be removed in 10.0.0.  
     at HTMLMetaElement.<anonymous> (https://wiki.one.int.sap/wiki/s/92d2c4742cba354172eb1affa02efacd-CDN/-23x24x/9116/n2r6gc/1bfa1eaa8b04ae6d4124fc3e33a6146f/_/download/contextbatch/js/_super/batch.js?locale=en-US:2852:304) @ https://wiki.one.int.sap/wiki/s/92d2c4742cba354172eb1affa02efacd-CDN/-23x24x/9116/n2r6gc/1bfa1eaa8b04ae6d4124fc3e33a6146f/_/download/contextbatch/js/_super/batch.js?locale=en-US:2576
[     754ms] [WARNING] DEPRECATED undefined - AJS.params has been deprecated since 9.0.0 and will be removed in 10.0.0.  
     at HTMLMetaElement.<anonymous> (https://wiki.one.int.sap/wiki/s/92d2c4742cba354172eb1affa02efacd-CDN/-23x24x/9116/n2r6gc/1bfa1eaa8b04ae6d4124fc3e33a6146f/_/download/contextbatch/js/_super/batch.js?locale=en-US:2852:304) @ https://wiki.one.int.sap/wiki/s/92d2c4742cba354172eb1affa02efacd-CDN/-23x24x/9116/n2r6gc/1bfa1eaa8b04ae6d4124fc3e33a6146f/_/download/contextbatch/js/_super/batch.js?locale=en-US:2576
[     754ms] [WARNING] DEPRECATED undefined - AJS.params has been deprecated since 9.0.0 and will be removed in 10.0.0.  
     at HTMLMetaElement.<anonymous> (https://wiki.one.int.sap/wiki/s/92d2c4742cba354172eb1affa02efacd-CDN/-23x24x/9116/n2r6gc/1bfa1eaa8b04ae6d4124fc3e33a6146f/_/download/contextbatch/js/_super/batch.js?locale=en-US:2852:304) @ https://wiki.one.int.sap/wiki/s/92d2c4742cba354172eb1affa02efacd-CDN/-23x24x/9116/n2r6gc/1bfa1eaa8b04ae6d4124fc3e33a6146f/_/download/contextbatch/js/_super/batch.js?locale=en-US:2576
[     754ms] [WARNING] DEPRECATED undefined - AJS.params has been deprecated since 9.0.0 and will be removed in 10.0.0.  
     at HTMLMetaElement.<anonymous> (https://wiki.one.int.sap/wiki/s/92d2c4742cba354172eb1affa02efacd-CDN/-23x24x/9116/n2r6gc/1bfa1eaa8b04ae6d4124fc3e33a6146f/_/download/contextbatch/js/_super/batch.js?locale=en-US:2852:304) @ https://wiki.one.int.sap/wiki/s/92d2c4742cba354172eb1affa02efacd-CDN/-23x24x/9116/n2r6gc/1bfa1eaa8b04ae6d4124fc3e33a6146f/_/download/contextbatch/js/_super/batch.js?locale=en-US:2576
[     754ms] [WARNING] DEPRECATED undefined - AJS.params has been deprecated since 9.0.0 and will be removed in 10.0.0.  
     at HTMLMetaElement.<anonymous> (https://wiki.one.int.sap/wiki/s/92d2c4742cba354172eb1affa02efacd-CDN/-23x24x/9116/n2r6gc/1bfa1eaa8b04ae6d4124fc3e33a6146f/_/download/contextbatch/js/_super/batch.js?locale=en-US:2852:304) @ https://wiki.one.int.sap/wiki/s/92d2c4742cba354172eb1affa02efacd-CDN/-23x24x/9116/n2r6gc/1bfa1eaa8b04ae6d4124fc3e33a6146f/_/download/contextbatch/js/_super/batch.js?locale=en-US:2576
[     755ms] [WARNING] DEPRECATED undefined - AJS.params has been deprecated since 9.0.0 and will be removed in 10.0.0.  
     at HTMLMetaElement.<anonymous> (https://wiki.one.int.sap/wiki/s/92d2c4742cba354172eb1affa02efacd-CDN/-23x24x/9116/n2r6gc/1bfa1eaa8b04ae6d4124fc3e33a6146f/_/download/contextbatch/js/_super/batch.js?locale=en-US:2852:304) @ https://wiki.one.int.sap/wiki/s/92d2c4742cba354172eb1affa02efacd-CDN/-23x24x/9116/n2r6gc/1bfa1eaa8b04ae6d4124fc3e33a6146f/_/download/contextbatch/js/_super/batch.js?locale=en-US:2576
[     755ms] [WARNING] DEPRECATED undefined - AJS.params has been deprecated since 9.0.0 and will be removed in 10.0.0.  
     at HTMLMetaElement.<anonymous> (https://wiki.one.int.sap/wiki/s/92d2c4742cba354172eb1affa02efacd-CDN/-23x24x/9116/n2r6gc/1bfa1eaa8b04ae6d4124fc3e33a6146f/_/download/contextbatch/js/_super/batch.js?locale=en-US:2852:304) @ https://wiki.one.int.sap/wiki/s/92d2c4742cba354172eb1affa02efacd-CDN/-23x24x/9116/n2r6gc/1bfa1eaa8b04ae6d4124fc3e33a6146f/_/download/contextbatch/js/_super/batch.js?locale=en-US:2576
[     755ms] [WARNING] DEPRECATED undefined - AJS.params has been deprecated since 9.0.0 and will be removed in 10.0.0.  
     at HTMLMetaElement.<anonymous> (https://wiki.one.int.sap/wiki/s/92d2c4742cba354172eb1affa02efacd-CDN/-23x24x/9116/n2r6gc/1bfa1eaa8b04ae6d4124fc3e33a6146f/_/download/contextbatch/js/_super/batch.js?locale=en-US:2852:304) @ https://wiki.one.int.sap/wiki/s/92d2c4742cba354172eb1affa02efacd-CDN/-23x24x/9116/n2r6gc/1bfa1eaa8b04ae6d4124fc3e33a6146f/_/download/contextbatch/js/_super/batch.js?locale=en-US:2576
[     755ms] [WARNING] DEPRECATED undefined - AJS.params has been deprecated since 9.0.0 and will be removed in 10.0.0.  
     at HTMLMetaElement.<anonymous> (https://wiki.one.int.sap/wiki/s/92d2c4742cba354172eb1affa02efacd-CDN/-23x24x/9116/n2r6gc/1bfa1eaa8b04ae6d4124fc3e33a6146f/_/download/contextbatch/js/_super/batch.js?locale=en-US:2852:304) @ https://wiki.one.int.sap/wiki/s/92d2c4742cba354172eb1affa02efacd-CDN/-23x24x/9116/n2r6gc/1bfa1eaa8b04ae6d4124fc3e33a6146f/_/download/contextbatch/js/_super/batch.js?locale=en-US:2576
[     755ms] [WARNING] DEPRECATED undefined - AJS.params has been deprecated since 9.0.0 and will be removed in 10.0.0.  
     at HTMLMetaElement.<anonymous> (https://wiki.one.int.sap/wiki/s/92d2c4742cba354172eb1affa02efacd-CDN/-23x24x/9116/n2r6gc/1bfa1eaa8b04ae6d4124fc3e33a6146f/_/download/contextbatch/js/_super/batch.js?locale=en-US:2852:304) @ https://wiki.one.int.sap/wiki/s/92d2c4742cba354172eb1affa02efacd-CDN/-23x24x/9116/n2r6gc/1bfa1eaa8b04ae6d4124fc3e33a6146f/_/download/contextbatch/js/_super/batch.js?locale=en-US:2576
[     755ms] [WARNING] DEPRECATED undefined - AJS.params has been deprecated since 9.0.0 and will be removed in 10.0.0.  
     at HTMLMetaElement.<anonymous> (https://wiki.one.int.sap/wiki/s/92d2c4742cba354172eb1affa02efacd-CDN/-23x24x/9116/n2r6gc/1bfa1eaa8b04ae6d4124fc3e33a6146f/_/download/contextbatch/js/_super/batch.js?locale=en-US:2852:304) @ https://wiki.one.int.sap/wiki/s/92d2c4742cba354172eb1affa02efacd-CDN/-23x24x/9116/n2r6gc/1bfa1eaa8b04ae6d4124fc3e33a6146f/_/download/contextbatch/js/_super/batch.js?locale=en-US:2576
[     755ms] [WARNING] DEPRECATED undefined - AJS.params has been deprecated since 9.0.0 and will be removed in 10.0.0.  
     at HTMLMetaElement.<anonymous> (https://wiki.one.int.sap/wiki/s/92d2c4742cba354172eb1affa02efacd-CDN/-23x24x/9116/n2r6gc/1bfa1eaa8b04ae6d4124fc3e33a6146f/_/download/contextbatch/js/_super/batch.js?locale=en-US:2852:304) @ https://wiki.one.int.sap/wiki/s/92d2c4742cba354172eb1affa02efacd-CDN/-23x24x/9116/n2r6gc/1bfa1eaa8b04ae6d4124fc3e33a6146f/_/download/contextbatch/js/_super/batch.js?locale=en-US:2576
[     755ms] [WARNING] DEPRECATED undefined - AJS.params has been deprecated since 9.0.0 and will be removed in 10.0.0.  
     at HTMLMetaElement.<anonymous> (https://wiki.one.int.sap/wiki/s/92d2c4742cba354172eb1affa02efacd-CDN/-23x24x/9116/n2r6gc/1bfa1eaa8b04ae6d4124fc3e33a6146f/_/download/contextbatch/js/_super/batch.js?locale=en-US:2852:304) @ https://wiki.one.int.sap/wiki/s/92d2c4742cba354172eb1affa02efacd-CDN/-23x24x/9116/n2r6gc/1bfa1eaa8b04ae6d4124fc3e33a6146f/_/download/contextbatch/js/_super/batch.js?locale=en-US:2576
[     755ms] [WARNING] DEPRECATED undefined - AJS.params has been deprecated since 9.0.0 and will be removed in 10.0.0.  
     at HTMLMetaElement.<anonymous> (https://wiki.one.int.sap/wiki/s/92d2c4742cba354172eb1affa02efacd-CDN/-23x24x/9116/n2r6gc/1bfa1eaa8b04ae6d4124fc3e33a6146f/_/download/contextbatch/js/_super/batch.js?locale=en-US:2852:304) @ https://wiki.one.int.sap/wiki/s/92d2c4742cba354172eb1affa02efacd-CDN/-23x24x/9116/n2r6gc/1bfa1eaa8b04ae6d4124fc3e33a6146f/_/download/contextbatch/js/_super/batch.js?locale=en-US:2576
[     755ms] [WARNING] DEPRECATED undefined - AJS.params has been deprecated since 9.0.0 and will be removed in 10.0.0.  
     at HTMLMetaElement.<anonymous> (https://wiki.one.int.sap/wiki/s/92d2c4742cba354172eb1affa02efacd-CDN/-23x24x/9116/n2r6gc/1bfa1eaa8b04ae6d4124fc3e33a6146f/_/download/contextbatch/js/_super/batch.js?locale=en-US:2852:304) @ https://wiki.one.int.sap/wiki/s/92d2c4742cba354172eb1affa02efacd-CDN/-23x24x/9116/n2r6gc/1bfa1eaa8b04ae6d4124fc3e33a6146f/_/download/contextbatch/js/_super/batch.js?locale=en-US:2576
[     755ms] [WARNING] DEPRECATED undefined - AJS.params has been deprecated since 9.0.0 and will be removed in 10.0.0.  
     at HTMLMetaElement.<anonymous> (https://wiki.one.int.sap/wiki/s/92d2c4742cba354172eb1affa02efacd-CDN/-23x24x/9116/n2r6gc/1bfa1eaa8b04ae6d4124fc3e33a6146f/_/download/contextbatch/js/_super/batch.js?locale=en-US:2852:304) @ https://wiki.one.int.sap/wiki/s/92d2c4742cba354172eb1affa02efacd-CDN/-23x24x/9116/n2r6gc/1bfa1eaa8b04ae6d4124fc3e33a6146f/_/download/contextbatch/js/_super/batch.js?locale=en-US:2576
[     755ms] [WARNING] DEPRECATED undefined - AJS.params has been deprecated since 9.0.0 and will be removed in 10.0.0.  
     at HTMLMetaElement.<anonymous> (https://wiki.one.int.sap/wiki/s/92d2c4742cba354172eb1affa02efacd-CDN/-23x24x/9116/n2r6gc/1bfa1eaa8b04ae6d4124fc3e33a6146f/_/download/contextbatch/js/_super/batch.js?locale=en-US:2852:304) @ https://wiki.one.int.sap/wiki/s/92d2c4742cba354172eb1affa02efacd-CDN/-23x24x/9116/n2r6gc/1bfa1eaa8b04ae6d4124fc3e33a6146f/_/download/contextbatch/js/_super/batch.js?locale=en-US:2576
[     755ms] [WARNING] DEPRECATED undefined - AJS.params has been deprecated since 9.0.0 and will be removed in 10.0.0.  
     at HTMLMetaElement.<anonymous> (https://wiki.one.int.sap/wiki/s/92d2c4742cba354172eb1affa02efacd-CDN/-23x24x/9116/n2r6gc/1bfa1eaa8b04ae6d4124fc3e33a6146f/_/download/contextbatch/js/_super/batch.js?locale=en-US:2852:304) @ https://wiki.one.int.sap/wiki/s/92d2c4742cba354172eb1affa02efacd-CDN/-23x24x/9116/n2r6gc/1bfa1eaa8b04ae6d4124fc3e33a6146f/_/download/contextbatch/js/_super/batch.js?locale=en-US:2576
[     755ms] [WARNING] DEPRECATED undefined - AJS.params has been deprecated since 9.0.0 and will be removed in 10.0.0.  
     at HTMLMetaElement.<anonymous> (https://wiki.one.int.sap/wiki/s/92d2c4742cba354172eb1affa02efacd-CDN/-23x24x/9116/n2r6gc/1bfa1eaa8b04ae6d4124fc3e33a6146f/_/download/contextbatch/js/_super/batch.js?locale=en-US:2852:304) @ https://wiki.one.int.sap/wiki/s/92d2c4742cba354172eb1affa02efacd-CDN/-23x24x/9116/n2r6gc/1bfa1eaa8b04ae6d4124fc3e33a6146f/_/download/contextbatch/js/_super/batch.js?locale=en-US:2576
[     755ms] [WARNING] DEPRECATED undefined - AJS.params has been deprecated since 9.0.0 and will be removed in 10.0.0.  
     at HTMLMetaElement.<anonymous> (https://wiki.one.int.sap/wiki/s/92d2c4742cba354172eb1affa02efacd-CDN/-23x24x/9116/n2r6gc/1bfa1eaa8b04ae6d4124fc3e33a6146f/_/download/contextbatch/js/_super/batch.js?locale=en-US:2852:304) @ https://wiki.one.int.sap/wiki/s/92d2c4742cba354172eb1affa02efacd-CDN/-23x24x/9116/n2r6gc/1bfa1eaa8b04ae6d4124fc3e33a6146f/_/download/contextbatch/js/_super/batch.js?locale=en-US:2576
[     755ms] [WARNING] DEPRECATED undefined - AJS.params has been deprecated since 9.0.0 and will be removed in 10.0.0.  
     at HTMLMetaElement.<anonymous> (https://wiki.one.int.sap/wiki/s/92d2c4742cba354172eb1affa02efacd-CDN/-23x24x/9116/n2r6gc/1bfa1eaa8b04ae6d4124fc3e33a6146f/_/download/contextbatch/js/_super/batch.js?locale=en-US:2852:304) @ https://wiki.one.int.sap/wiki/s/92d2c4742cba354172eb1affa02efacd-CDN/-23x24x/9116/n2r6gc/1bfa1eaa8b04ae6d4124fc3e33a6146f/_/download/contextbatch/js/_super/batch.js?locale=en-US:2576
[     755ms] [WARNING] DEPRECATED undefined - AJS.params has been deprecated since 9.0.0 and will be removed in 10.0.0.  
     at HTMLMetaElement.<anonymous> (https://wiki.one.int.sap/wiki/s/92d2c4742cba354172eb1affa02efacd-CDN/-23x24x/9116/n2r6gc/1bfa1eaa8b04ae6d4124fc3e33a6146f/_/download/contextbatch/js/_super/batch.js?locale=en-US:2852:304) @ https://wiki.one.int.sap/wiki/s/92d2c4742cba354172eb1affa02efacd-CDN/-23x24x/9116/n2r6gc/1bfa1eaa8b04ae6d4124fc3e33a6146f/_/download/contextbatch/js/_super/batch.js?locale=en-US:2576
[     755ms] [WARNING] DEPRECATED undefined - AJS.params has been deprecated since 9.0.0 and will be removed in 10.0.0.  
     at HTMLMetaElement.<anonymous> (https://wiki.one.int.sap/wiki/s/92d2c4742cba354172eb1affa02efacd-CDN/-23x24x/9116/n2r6gc/1bfa1eaa8b04ae6d4124fc3e33a6146f/_/download/contextbatch/js/_super/batch.js?locale=en-US:2852:304) @ https://wiki.one.int.sap/wiki/s/92d2c4742cba354172eb1affa02efacd-CDN/-23x24x/9116/n2r6gc/1bfa1eaa8b04ae6d4124fc3e33a6146f/_/download/contextbatch/js/_super/batch.js?locale=en-US:2576
[     755ms] [WARNING] DEPRECATED undefined - AJS.params has been deprecated since 9.0.0 and will be removed in 10.0.0.  
     at HTMLMetaElement.<anonymous> (https://wiki.one.int.sap/wiki/s/92d2c4742cba354172eb1affa02efacd-CDN/-23x24x/9116/n2r6gc/1bfa1eaa8b04ae6d4124fc3e33a6146f/_/download/contextbatch/js/_super/batch.js?locale=en-US:2852:304) @ https://wiki.one.int.sap/wiki/s/92d2c4742cba354172eb1affa02efacd-CDN/-23x24x/9116/n2r6gc/1bfa1eaa8b04ae6d4124fc3e33a6146f/_/download/contextbatch/js/_super/batch.js?locale=en-US:2576
[     755ms] [WARNING] DEPRECATED undefined - AJS.params has been deprecated since 9.0.0 and will be removed in 10.0.0.  
     at HTMLMetaElement.<anonymous> (https://wiki.one.int.sap/wiki/s/92d2c4742cba354172eb1affa02efacd-CDN/-23x24x/9116/n2r6gc/1bfa1eaa8b04ae6d4124fc3e33a6146f/_/download/contextbatch/js/_super/batch.js?locale=en-US:2852:304) @ https://wiki.one.int.sap/wiki/s/92d2c4742cba354172eb1affa02efacd-CDN/-23x24x/9116/n2r6gc/1bfa1eaa8b04ae6d4124fc3e33a6146f/_/download/contextbatch/js/_super/batch.js?locale=en-US:2576
[     756ms] [WARNING] DEPRECATED undefined - AJS.params has been deprecated since 9.0.0 and will be removed in 10.0.0.  
     at HTMLMetaElement.<anonymous> (https://wiki.one.int.sap/wiki/s/92d2c4742cba354172eb1affa02efacd-CDN/-23x24x/9116/n2r6gc/1bfa1eaa8b04ae6d4124fc3e33a6146f/_/download/contextbatch/js/_super/batch.js?locale=en-US:2852:304) @ https://wiki.one.int.sap/wiki/s/92d2c4742cba354172eb1affa02efacd-CDN/-23x24x/9116/n2r6gc/1bfa1eaa8b04ae6d4124fc3e33a6146f/_/download/contextbatch/js/_super/batch.js?locale=en-US:2576
[     756ms] [WARNING] DEPRECATED undefined - AJS.params has been deprecated since 9.0.0 and will be removed in 10.0.0.  
     at HTMLMetaElement.<anonymous> (https://wiki.one.int.sap/wiki/s/92d2c4742cba354172eb1affa02efacd-CDN/-23x24x/9116/n2r6gc/1bfa1eaa8b04ae6d4124fc3e33a6146f/_/download/contextbatch/js/_super/batch.js?locale=en-US:2852:304) @ https://wiki.one.int.sap/wiki/s/92d2c4742cba354172eb1affa02efacd-CDN/-23x24x/9116/n2r6gc/1bfa1eaa8b04ae6d4124fc3e33a6146f/_/download/contextbatch/js/_super/batch.js?locale=en-US:2576
[     756ms] [WARNING] DEPRECATED undefined - AJS.params has been deprecated since 9.0.0 and will be removed in 10.0.0.  
     at HTMLMetaElement.<anonymous> (https://wiki.one.int.sap/wiki/s/92d2c4742cba354172eb1affa02efacd-CDN/-23x24x/9116/n2r6gc/1bfa1eaa8b04ae6d4124fc3e33a6146f/_/download/contextbatch/js/_super/batch.js?locale=en-US:2852:304) @ https://wiki.one.int.sap/wiki/s/92d2c4742cba354172eb1affa02efacd-CDN/-23x24x/9116/n2r6gc/1bfa1eaa8b04ae6d4124fc3e33a6146f/_/download/contextbatch/js/_super/batch.js?locale=en-US:2576
[     756ms] [WARNING] DEPRECATED undefined - AJS.params has been deprecated since 9.0.0 and will be removed in 10.0.0.  
     at HTMLMetaElement.<anonymous> (https://wiki.one.int.sap/wiki/s/92d2c4742cba354172eb1affa02efacd-CDN/-23x24x/9116/n2r6gc/1bfa1eaa8b04ae6d4124fc3e33a6146f/_/download/contextbatch/js/_super/batch.js?locale=en-US:2852:304) @ https://wiki.one.int.sap/wiki/s/92d2c4742cba354172eb1affa02efacd-CDN/-23x24x/9116/n2r6gc/1bfa1eaa8b04ae6d4124fc3e33a6146f/_/download/contextbatch/js/_super/batch.js?locale=en-US:2576
[     756ms] [WARNING] DEPRECATED undefined - AJS.params has been deprecated since 9.0.0 and will be removed in 10.0.0.  
     at HTMLMetaElement.<anonymous> (https://wiki.one.int.sap/wiki/s/92d2c4742cba354172eb1affa02efacd-CDN/-23x24x/9116/n2r6gc/1bfa1eaa8b04ae6d4124fc3e33a6146f/_/download/contextbatch/js/_super/batch.js?locale=en-US:2852:304) @ https://wiki.one.int.sap/wiki/s/92d2c4742cba354172eb1affa02efacd-CDN/-23x24x/9116/n2r6gc/1bfa1eaa8b04ae6d4124fc3e33a6146f/_/download/contextbatch/js/_super/batch.js?locale=en-US:2576
[     756ms] [WARNING] DEPRECATED undefined - AJS.params has been deprecated since 9.0.0 and will be removed in 10.0.0.  
     at HTMLMetaElement.<anonymous> (https://wiki.one.int.sap/wiki/s/92d2c4742cba354172eb1affa02efacd-CDN/-23x24x/9116/n2r6gc/1bfa1eaa8b04ae6d4124fc3e33a6146f/_/download/contextbatch/js/_super/batch.js?locale=en-US:2852:304) @ https://wiki.one.int.sap/wiki/s/92d2c4742cba354172eb1affa02efacd-CDN/-23x24x/9116/n2r6gc/1bfa1eaa8b04ae6d4124fc3e33a6146f/_/download/contextbatch/js/_super/batch.js?locale=en-US:2576
[     756ms] [WARNING] DEPRECATED undefined - AJS.params has been deprecated since 9.0.0 and will be removed in 10.0.0.  
     at HTMLMetaElement.<anonymous> (https://wiki.one.int.sap/wiki/s/92d2c4742cba354172eb1affa02efacd-CDN/-23x24x/9116/n2r6gc/1bfa1eaa8b04ae6d4124fc3e33a6146f/_/download/contextbatch/js/_super/batch.js?locale=en-US:2852:304) @ https://wiki.one.int.sap/wiki/s/92d2c4742cba354172eb1affa02efacd-CDN/-23x24x/9116/n2r6gc/1bfa1eaa8b04ae6d4124fc3e33a6146f/_/download/contextbatch/js/_super/batch.js?locale=en-US:2576
[     756ms] [WARNING] DEPRECATED undefined - AJS.params has been deprecated since 9.0.0 and will be removed in 10.0.0.  
     at HTMLMetaElement.<anonymous> (https://wiki.one.int.sap/wiki/s/92d2c4742cba354172eb1affa02efacd-CDN/-23x24x/9116/n2r6gc/1bfa1eaa8b04ae6d4124fc3e33a6146f/_/download/contextbatch/js/_super/batch.js?locale=en-US:2852:304) @ https://wiki.one.int.sap/wiki/s/92d2c4742cba354172eb1affa02efacd-CDN/-23x24x/9116/n2r6gc/1bfa1eaa8b04ae6d4124fc3e33a6146f/_/download/contextbatch/js/_super/batch.js?locale=en-US:2576
[     756ms] [WARNING] DEPRECATED undefined - AJS.params has been deprecated since 9.0.0 and will be removed in 10.0.0.  
     at HTMLMetaElement.<anonymous> (https://wiki.one.int.sap/wiki/s/92d2c4742cba354172eb1affa02efacd-CDN/-23x24x/9116/n2r6gc/1bfa1eaa8b04ae6d4124fc3e33a6146f/_/download/contextbatch/js/_super/batch.js?locale=en-US:2852:304) @ https://wiki.one.int.sap/wiki/s/92d2c4742cba354172eb1affa02efacd-CDN/-23x24x/9116/n2r6gc/1bfa1eaa8b04ae6d4124fc3e33a6146f/_/download/contextbatch/js/_super/batch.js?locale=en-US:2576
[     756ms] [WARNING] DEPRECATED undefined - AJS.params has been deprecated since 9.0.0 and will be removed in 10.0.0.  
     at HTMLMetaElement.<anonymous> (https://wiki.one.int.sap/wiki/s/92d2c4742cba354172eb1affa02efacd-CDN/-23x24x/9116/n2r6gc/1bfa1eaa8b04ae6d4124fc3e33a6146f/_/download/contextbatch/js/_super/batch.js?locale=en-US:2852:304) @ https://wiki.one.int.sap/wiki/s/92d2c4742cba354172eb1affa02efacd-CDN/-23x24x/9116/n2r6gc/1bfa1eaa8b04ae6d4124fc3e33a6146f/_/download/contextbatch/js/_super/batch.js?locale=en-US:2576
[     756ms] [WARNING] DEPRECATED undefined - AJS.params has been deprecated since 9.0.0 and will be removed in 10.0.0.  
     at HTMLMetaElement.<anonymous> (https://wiki.one.int.sap/wiki/s/92d2c4742cba354172eb1affa02efacd-CDN/-23x24x/9116/n2r6gc/1bfa1eaa8b04ae6d4124fc3e33a6146f/_/download/contextbatch/js/_super/batch.js?locale=en-US:2852:304) @ https://wiki.one.int.sap/wiki/s/92d2c4742cba354172eb1affa02efacd-CDN/-23x24x/9116/n2r6gc/1bfa1eaa8b04ae6d4124fc3e33a6146f/_/download/contextbatch/js/_super/batch.js?locale=en-US:2576
[     756ms] [WARNING] DEPRECATED undefined - AJS.params has been deprecated since 9.0.0 and will be removed in 10.0.0.  
     at HTMLMetaElement.<anonymous> (https://wiki.one.int.sap/wiki/s/92d2c4742cba354172eb1affa02efacd-CDN/-23x24x/9116/n2r6gc/1bfa1eaa8b04ae6d4124fc3e33a6146f/_/download/contextbatch/js/_super/batch.js?locale=en-US:2852:304) @ https://wiki.one.int.sap/wiki/s/92d2c4742cba354172eb1affa02efacd-CDN/-23x24x/9116/n2r6gc/1bfa1eaa8b04ae6d4124fc3e33a6146f/_/download/contextbatch/js/_super/batch.js?locale=en-US:2576
[     756ms] [WARNING] DEPRECATED undefined - AJS.params has been deprecated since 9.0.0 and will be removed in 10.0.0.  
     at HTMLMetaElement.<anonymous> (https://wiki.one.int.sap/wiki/s/92d2c4742cba354172eb1affa02efacd-CDN/-23x24x/9116/n2r6gc/1bfa1eaa8b04ae6d4124fc3e33a6146f/_/download/contextbatch/js/_super/batch.js?locale=en-US:2852:304) @ https://wiki.one.int.sap/wiki/s/92d2c4742cba354172eb1affa02efacd-CDN/-23x24x/9116/n2r6gc/1bfa1eaa8b04ae6d4124fc3e33a6146f/_/download/contextbatch/js/_super/batch.js?locale=en-US:2576
[     756ms] [WARNING] DEPRECATED undefined - AJS.params has been deprecated since 9.0.0 and will be removed in 10.0.0.  
     at HTMLMetaElement.<anonymous> (https://wiki.one.int.sap/wiki/s/92d2c4742cba354172eb1affa02efacd-CDN/-23x24x/9116/n2r6gc/1bfa1eaa8b04ae6d4124fc3e33a6146f/_/download/contextbatch/js/_super/batch.js?locale=en-US:2852:304) @ https://wiki.one.int.sap/wiki/s/92d2c4742cba354172eb1affa02efacd-CDN/-23x24x/9116/n2r6gc/1bfa1eaa8b04ae6d4124fc3e33a6146f/_/download/contextbatch/js/_super/batch.js?locale=en-US:2576
[     756ms] [WARNING] DEPRECATED undefined - AJS.params has been deprecated since 9.0.0 and will be removed in 10.0.0.  
     at HTMLMetaElement.<anonymous> (https://wiki.one.int.sap/wiki/s/92d2c4742cba354172eb1affa02efacd-CDN/-23x24x/9116/n2r6gc/1bfa1eaa8b04ae6d4124fc3e33a6146f/_/download/contextbatch/js/_super/batch.js?locale=en-US:2852:304) @ https://wiki.one.int.sap/wiki/s/92d2c4742cba354172eb1affa02efacd-CDN/-23x24x/9116/n2r6gc/1bfa1eaa8b04ae6d4124fc3e33a6146f/_/download/contextbatch/js/_super/batch.js?locale=en-US:2576
[     756ms] [WARNING] DEPRECATED undefined - AJS.params has been deprecated since 9.0.0 and will be removed in 10.0.0.  
     at HTMLMetaElement.<anonymous> (https://wiki.one.int.sap/wiki/s/92d2c4742cba354172eb1affa02efacd-CDN/-23x24x/9116/n2r6gc/1bfa1eaa8b04ae6d4124fc3e33a6146f/_/download/contextbatch/js/_super/batch.js?locale=en-US:2852:304) @ https://wiki.one.int.sap/wiki/s/92d2c4742cba354172eb1affa02efacd-CDN/-23x24x/9116/n2r6gc/1bfa1eaa8b04ae6d4124fc3e33a6146f/_/download/contextbatch/js/_super/batch.js?locale=en-US:2576
[     756ms] [WARNING] DEPRECATED undefined - AJS.params has been deprecated since 9.0.0 and will be removed in 10.0.0.  
     at HTMLMetaElement.<anonymous> (https://wiki.one.int.sap/wiki/s/92d2c4742cba354172eb1affa02efacd-CDN/-23x24x/9116/n2r6gc/1bfa1eaa8b04ae6d4124fc3e33a6146f/_/download/contextbatch/js/_super/batch.js?locale=en-US:2852:304) @ https://wiki.one.int.sap/wiki/s/92d2c4742cba354172eb1affa02efacd-CDN/-23x24x/9116/n2r6gc/1bfa1eaa8b04ae6d4124fc3e33a6146f/_/download/contextbatch/js/_super/batch.js?locale=en-US:2576
[     756ms] [WARNING] DEPRECATED undefined - AJS.params has been deprecated since 9.0.0 and will be removed in 10.0.0.  
     at HTMLMetaElement.<anonymous> (https://wiki.one.int.sap/wiki/s/92d2c4742cba354172eb1affa02efacd-CDN/-23x24x/9116/n2r6gc/1bfa1eaa8b04ae6d4124fc3e33a6146f/_/download/contextbatch/js/_super/batch.js?locale=en-US:2852:304) @ https://wiki.one.int.sap/wiki/s/92d2c4742cba354172eb1affa02efacd-CDN/-23x24x/9116/n2r6gc/1bfa1eaa8b04ae6d4124fc3e33a6146f/_/download/contextbatch/js/_super/batch.js?locale=en-US:2576
[     756ms] [WARNING] DEPRECATED undefined - AJS.params has been deprecated since 9.0.0 and will be removed in 10.0.0.  
     at HTMLMetaElement.<anonymous> (https://wiki.one.int.sap/wiki/s/92d2c4742cba354172eb1affa02efacd-CDN/-23x24x/9116/n2r6gc/1bfa1eaa8b04ae6d4124fc3e33a6146f/_/download/contextbatch/js/_super/batch.js?locale=en-US:2852:304) @ https://wiki.one.int.sap/wiki/s/92d2c4742cba354172eb1affa02efacd-CDN/-23x24x/9116/n2r6gc/1bfa1eaa8b04ae6d4124fc3e33a6146f/_/download/contextbatch/js/_super/batch.js?locale=en-US:2576
[     756ms] [WARNING] DEPRECATED undefined - AJS.params has been deprecated since 9.0.0 and will be removed in 10.0.0.  
     at HTMLMetaElement.<anonymous> (https://wiki.one.int.sap/wiki/s/92d2c4742cba354172eb1affa02efacd-CDN/-23x24x/9116/n2r6gc/1bfa1eaa8b04ae6d4124fc3e33a6146f/_/download/contextbatch/js/_super/batch.js?locale=en-US:2852:304) @ https://wiki.one.int.sap/wiki/s/92d2c4742cba354172eb1affa02efacd-CDN/-23x24x/9116/n2r6gc/1bfa1eaa8b04ae6d4124fc3e33a6146f/_/download/contextbatch/js/_super/batch.js?locale=en-US:2576
[     756ms] [WARNING] DEPRECATED undefined - AJS.params has been deprecated since 9.0.0 and will be removed in 10.0.0.  
     at HTMLMetaElement.<anonymous> (https://wiki.one.int.sap/wiki/s/92d2c4742cba354172eb1affa02efacd-CDN/-23x24x/9116/n2r6gc/1bfa1eaa8b04ae6d4124fc3e33a6146f/_/download/contextbatch/js/_super/batch.js?locale=en-US:2852:304) @ https://wiki.one.int.sap/wiki/s/92d2c4742cba354172eb1affa02efacd-CDN/-23x24x/9116/n2r6gc/1bfa1eaa8b04ae6d4124fc3e33a6146f/_/download/contextbatch/js/_super/batch.js?locale=en-US:2576
[     771ms] [WARNING] Properties of "AJS.Confluence.QuickEdit" were overwritten @ https://wiki.one.int.sap/wiki/s/92d2c4742cba354172eb1affa02efacd-CDN/-23x24x/9116/n2r6gc/1bfa1eaa8b04ae6d4124fc3e33a6146f/_/download/contextbatch/js/_super/batch.js?locale=en-US:193
[     775ms] [LOG] recBaseUrl: https://icrs.cfapps.eu10.hana.ondemand.com @ https://wiki.one.int.sap/wiki/s/d768014809aa9e9356abc4f32fa3cf06-CDN/-23x24x/9116/n2r6gc/fa8ab6e9231284a06bf1fb80b856a1e4/_/download/contextbatch/js/atl.confluence.plugins.pagetree-desktop,main,page,viewcontent,atl.general,atl.comments,-_super/batch.js?analytics-enabled=false&cefp_collab_enabled=true&cefp_ed_perm=false&cefp_is_admin=false&gatekeeper-ui-v2=true&highlightactions=true&hostenabled=true&locale=en-US&table-resizable.breaking-text=false&theme.switcher=true&user-logged-in=true:5174
[     795ms] [WARNING] DEPRECATED JS - AJS.debounce has been deprecated since 8.0.0 and will be removed in 10.0.0. Use equivalent functions from libraries like lodash / underscore instead  
     at p.init (https://wiki.one.int.sap/wiki/s/92d2c4742cba354172eb1affa02efacd-CDN/-23x24x/9116/n2r6gc/1bfa1eaa8b04ae6d4124fc3e33a6146f/_/download/contextbatch/js/_super/batch.js?locale=en-US:3200:1993) @ https://wiki.one.int.sap/wiki/s/92d2c4742cba354172eb1affa02efacd-CDN/-23x24x/9116/n2r6gc/1bfa1eaa8b04ae6d4124fc3e33a6146f/_/download/contextbatch/js/_super/batch.js?locale=en-US:2576
[     806ms] [WARNING] DEPRECATED undefined - AJS.params has been deprecated since 9.0.0 and will be removed in 10.0.0.  
     at Object.getParam (https://wiki.one.int.sap/wiki/s/d768014809aa9e9356abc4f32fa3cf06-CDN/-23x24x/9116/n2r6gc/fa8ab6e9231284a06bf1fb80b856a1e4/_/download/contextbatch/js/atl.confluence.plugins.pagetree-desktop,main,page,viewcontent,atl.general,atl.comments,-_super/batch.js?analytics-enabled=false&cefp_collab_enabled=true&cefp_ed_perm=false&cefp_is_admin=false&gatekeeper-ui-v2=true&highlightactions=true&hostenabled=true&locale=en-US&table-resizable.breaking-text=false&theme.switcher=true&user-logged-in=true:227:281) @ https://wiki.one.int.sap/wiki/s/92d2c4742cba354172eb1affa02efacd-CDN/-23x24x/9116/n2r6gc/1bfa1eaa8b04ae6d4124fc3e33a6146f/_/download/contextbatch/js/_super/batch.js?locale=en-US:2576
[     807ms] [WARNING] DEPRECATED undefined - AJS.params has been deprecated since 9.0.0 and will be removed in 10.0.0.  
     at Object.getParam (https://wiki.one.int.sap/wiki/s/d768014809aa9e9356abc4f32fa3cf06-CDN/-23x24x/9116/n2r6gc/fa8ab6e9231284a06bf1fb80b856a1e4/_/download/contextbatch/js/atl.confluence.plugins.pagetree-desktop,main,page,viewcontent,atl.general,atl.comments,-_super/batch.js?analytics-enabled=false&cefp_collab_enabled=true&cefp_ed_perm=false&cefp_is_admin=false&gatekeeper-ui-v2=true&highlightactions=true&hostenabled=true&locale=en-US&table-resizable.breaking-text=false&theme.switcher=true&user-logged-in=true:227:281) @ https://wiki.one.int.sap/wiki/s/92d2c4742cba354172eb1affa02efacd-CDN/-23x24x/9116/n2r6gc/1bfa1eaa8b04ae6d4124fc3e33a6146f/_/download/contextbatch/js/_super/batch.js?locale=en-US:2576
[     807ms] [WARNING] DEPRECATED undefined - AJS.params has been deprecated since 9.0.0 and will be removed in 10.0.0.  
     at Object.getParam (https://wiki.one.int.sap/wiki/s/d768014809aa9e9356abc4f32fa3cf06-CDN/-23x24x/9116/n2r6gc/fa8ab6e9231284a06bf1fb80b856a1e4/_/download/contextbatch/js/atl.confluence.plugins.pagetree-desktop,main,page,viewcontent,atl.general,atl.comments,-_super/batch.js?analytics-enabled=false&cefp_collab_enabled=true&cefp_ed_perm=false&cefp_is_admin=false&gatekeeper-ui-v2=true&highlightactions=true&hostenabled=true&locale=en-US&table-resizable.breaking-text=false&theme.switcher=true&user-logged-in=true:227:281) @ https://wiki.one.int.sap/wiki/s/92d2c4742cba354172eb1affa02efacd-CDN/-23x24x/9116/n2r6gc/1bfa1eaa8b04ae6d4124fc3e33a6146f/_/download/contextbatch/js/_super/batch.js?locale=en-US:2576
[    1000ms] [WARNING] DEPRECATED JS - PopulateParameters has been deprecated since 9.0.0 and will be removed in 10.0.0.  
     at HTMLDocument.<anonymous> (https://wiki.one.int.sap/wiki/s/92d2c4742cba354172eb1affa02efacd-CDN/-23x24x/9116/n2r6gc/1bfa1eaa8b04ae6d4124fc3e33a6146f/_/download/contextbatch/js/_super/batch.js?locale=en-US:2682:988) @ https://wiki.one.int.sap/wiki/s/92d2c4742cba354172eb1affa02efacd-CDN/-23x24x/9116/n2r6gc/1bfa1eaa8b04ae6d4124fc3e33a6146f/_/download/contextbatch/js/_super/batch.js?locale=en-US:2576
[    1028ms] [WARNING] DEPRECATED JS - Dialog has been deprecated since 6.0.6 and will be removed in a future release. Use require('confluence-create-content/space-blueprint')  
     at https://wiki.one.int.sap/wiki/s/92d2c4742cba354172eb1affa02efacd-CDN/-23x24x/9116/n2r6gc/1bfa1eaa8b04ae6d4124fc3e33a6146f/_/download/contextbatch/js/_super/batch.js?locale=en-US:3634:56 @ https://wiki.one.int.sap/wiki/s/92d2c4742cba354172eb1affa02efacd-CDN/-23x24x/9116/n2r6gc/1bfa1eaa8b04ae6d4124fc3e33a6146f/_/download/contextbatch/js/_super/batch.js?locale=en-US:2576
[    1029ms] [WARNING] DEPRECATED undefined - AJS.params has been deprecated since 9.0.0 and will be removed in 10.0.0.  
     at O (https://wiki.one.int.sap/wiki/s/d768014809aa9e9356abc4f32fa3cf06-CDN/-23x24x/9116/n2r6gc/fa8ab6e9231284a06bf1fb80b856a1e4/_/download/contextbatch/js/atl.confluence.plugins.pagetree-desktop,main,page,viewcontent,atl.general,atl.comments,-_super/batch.js?analytics-enabled=false&cefp_collab_enabled=true&cefp_ed_perm=false&cefp_is_admin=false&gatekeeper-ui-v2=true&highlightactions=true&hostenabled=true&locale=en-US&table-resizable.breaking-text=false&theme.switcher=true&user-logged-in=true:39:46) @ https://wiki.one.int.sap/wiki/s/92d2c4742cba354172eb1affa02efacd-CDN/-23x24x/9116/n2r6gc/1bfa1eaa8b04ae6d4124fc3e33a6146f/_/download/contextbatch/js/_super/batch.js?locale=en-US:2576
[    1029ms] [WARNING] DEPRECATED JS - JQuery.fn.spin has been deprecated since 7.9.4 and will be removed in 10.0.0. Use <aui-spinner> instead.   
     at F (https://wiki.one.int.sap/wiki/s/d768014809aa9e9356abc4f32fa3cf06-CDN/-23x24x/9116/n2r6gc/fa8ab6e9231284a06bf1fb80b856a1e4/_/download/contextbatch/js/atl.confluence.plugins.pagetree-desktop,main,page,viewcontent,atl.general,atl.comments,-_super/batch.js?analytics-enabled=false&cefp_collab_enabled=true&cefp_ed_perm=false&cefp_is_admin=false&gatekeeper-ui-v2=true&highlightactions=true&hostenabled=true&locale=en-US&table-resizable.breaking-text=false&theme.switcher=true&user-logged-in=true:35:290) @ https://wiki.one.int.sap/wiki/s/92d2c4742cba354172eb1affa02efacd-CDN/-23x24x/9116/n2r6gc/1bfa1eaa8b04ae6d4124fc3e33a6146f/_/download/contextbatch/js/_super/batch.js?locale=en-US:2576
[    1029ms] [WARNING] DEPRECATED undefined - AJS.params has been deprecated since 9.0.0 and will be removed in 10.0.0.  
     at K (https://wiki.one.int.sap/wiki/s/d768014809aa9e9356abc4f32fa3cf06-CDN/-23x24x/9116/n2r6gc/fa8ab6e9231284a06bf1fb80b856a1e4/_/download/contextbatch/js/atl.confluence.plugins.pagetree-desktop,main,page,viewcontent,atl.general,atl.comments,-_super/batch.js?analytics-enabled=false&cefp_collab_enabled=true&cefp_ed_perm=false&cefp_is_admin=false&gatekeeper-ui-v2=true&highlightactions=true&hostenabled=true&locale=en-US&table-resizable.breaking-text=false&theme.switcher=true&user-logged-in=true:34:167) @ https://wiki.one.int.sap/wiki/s/92d2c4742cba354172eb1affa02efacd-CDN/-23x24x/9116/n2r6gc/1bfa1eaa8b04ae6d4124fc3e33a6146f/_/download/contextbatch/js/_super/batch.js?locale=en-US:2576
[    1030ms] [WARNING] DEPRECATED undefined - AJS.params has been deprecated since 9.0.0 and will be removed in 10.0.0.  
     at https://wiki.one.int.sap/wiki/s/d768014809aa9e9356abc4f32fa3cf06-CDN/-23x24x/9116/n2r6gc/fa8ab6e9231284a06bf1fb80b856a1e4/_/download/contextbatch/js/atl.confluence.plugins.pagetree-desktop,main,page,viewcontent,atl.general,atl.comments,-_super/batch.js?analytics-enabled=false&cefp_collab_enabled=true&cefp_ed_perm=false&cefp_is_admin=false&gatekeeper-ui-v2=true&highlightactions=true&hostenabled=true&locale=en-US&table-resizable.breaking-text=false&theme.switcher=true&user-logged-in=true:201:45 @ https://wiki.one.int.sap/wiki/s/92d2c4742cba354172eb1affa02efacd-CDN/-23x24x/9116/n2r6gc/1bfa1eaa8b04ae6d4124fc3e33a6146f/_/download/contextbatch/js/_super/batch.js?locale=en-US:2576
[    1030ms] [WARNING] DEPRECATED JS - AJS.debounce has been deprecated since 8.0.0 and will be removed in 10.0.0. Use equivalent functions from libraries like lodash / underscore instead  
     at q (https://wiki.one.int.sap/wiki/s/d768014809aa9e9356abc4f32fa3cf06-CDN/-23x24x/9116/n2r6gc/fa8ab6e9231284a06bf1fb80b856a1e4/_/download/contextbatch/js/atl.confluence.plugins.pagetree-desktop,main,page,viewcontent,atl.general,atl.comments,-_super/batch.js?analytics-enabled=false&cefp_collab_enabled=true&cefp_ed_perm=false&cefp_is_admin=false&gatekeeper-ui-v2=true&highlightactions=true&hostenabled=true&locale=en-US&table-resizable.breaking-text=false&theme.switcher=true&user-logged-in=true:935:292) @ https://wiki.one.int.sap/wiki/s/92d2c4742cba354172eb1affa02efacd-CDN/-23x24x/9116/n2r6gc/1bfa1eaa8b04ae6d4124fc3e33a6146f/_/download/contextbatch/js/_super/batch.js?locale=en-US:2576
[    1037ms] [WARNING] DEPRECATED JS - Inline dialog constructor has been deprecated and will be removed in a future release. Use inline dialog 2 instead.   
     at B (https://wiki.one.int.sap/wiki/s/d768014809aa9e9356abc4f32fa3cf06-CDN/-23x24x/9116/n2r6gc/fa8ab6e9231284a06bf1fb80b856a1e4/_/download/contextbatch/js/atl.confluence.plugins.pagetree-desktop,main,page,viewcontent,atl.general,atl.comments,-_super/batch.js?analytics-enabled=false&cefp_collab_enabled=true&cefp_ed_perm=false&cefp_is_admin=false&gatekeeper-ui-v2=true&highlightactions=true&hostenabled=true&locale=en-US&table-resizable.breaking-text=false&theme.switcher=true&user-logged-in=true:4907:362) @ https://wiki.one.int.sap/wiki/s/92d2c4742cba354172eb1affa02efacd-CDN/-23x24x/9116/n2r6gc/1bfa1eaa8b04ae6d4124fc3e33a6146f/_/download/contextbatch/js/_super/batch.js?locale=en-US:2576
[    1039ms] [WARNING] DEPRECATED undefined - AJS.params has been deprecated since 9.0.0 and will be removed in 10.0.0.  
     at Object.getParam (https://wiki.one.int.sap/wiki/s/d768014809aa9e9356abc4f32fa3cf06-CDN/-23x24x/9116/n2r6gc/fa8ab6e9231284a06bf1fb80b856a1e4/_/download/contextbatch/js/atl.confluence.plugins.pagetree-desktop,main,page,viewcontent,atl.general,atl.comments,-_super/batch.js?analytics-enabled=false&cefp_collab_enabled=true&cefp_ed_perm=false&cefp_is_admin=false&gatekeeper-ui-v2=true&highlightactions=true&hostenabled=true&locale=en-US&table-resizable.breaking-text=false&theme.switcher=true&user-logged-in=true:227:281) @ https://wiki.one.int.sap/wiki/s/92d2c4742cba354172eb1affa02efacd-CDN/-23x24x/9116/n2r6gc/1bfa1eaa8b04ae6d4124fc3e33a6146f/_/download/contextbatch/js/_super/batch.js?locale=en-US:2576
[    1039ms] [WARNING] DEPRECATED undefined - AJS.params has been deprecated since 9.0.0 and will be removed in 10.0.0.  
     at Object.getParam (https://wiki.one.int.sap/wiki/s/d768014809aa9e9356abc4f32fa3cf06-CDN/-23x24x/9116/n2r6gc/fa8ab6e9231284a06bf1fb80b856a1e4/_/download/contextbatch/js/atl.confluence.plugins.pagetree-desktop,main,page,viewcontent,atl.general,atl.comments,-_super/batch.js?analytics-enabled=false&cefp_collab_enabled=true&cefp_ed_perm=false&cefp_is_admin=false&gatekeeper-ui-v2=true&highlightactions=true&hostenabled=true&locale=en-US&table-resizable.breaking-text=false&theme.switcher=true&user-logged-in=true:227:281) @ https://wiki.one.int.sap/wiki/s/92d2c4742cba354172eb1affa02efacd-CDN/-23x24x/9116/n2r6gc/1bfa1eaa8b04ae6d4124fc3e33a6146f/_/download/contextbatch/js/_super/batch.js?locale=en-US:2576
[    1039ms] [WARNING] DEPRECATED undefined - AJS.params has been deprecated since 9.0.0 and will be removed in 10.0.0.  
     at Object.getParam (https://wiki.one.int.sap/wiki/s/d768014809aa9e9356abc4f32fa3cf06-CDN/-23x24x/9116/n2r6gc/fa8ab6e9231284a06bf1fb80b856a1e4/_/download/contextbatch/js/atl.confluence.plugins.pagetree-desktop,main,page,viewcontent,atl.general,atl.comments,-_super/batch.js?analytics-enabled=false&cefp_collab_enabled=true&cefp_ed_perm=false&cefp_is_admin=false&gatekeeper-ui-v2=true&highlightactions=true&hostenabled=true&locale=en-US&table-resizable.breaking-text=false&theme.switcher=true&user-logged-in=true:227:281) @ https://wiki.one.int.sap/wiki/s/92d2c4742cba354172eb1affa02efacd-CDN/-23x24x/9116/n2r6gc/1bfa1eaa8b04ae6d4124fc3e33a6146f/_/download/contextbatch/js/_super/batch.js?locale=en-US:2576
[    1039ms] [WARNING] DEPRECATED undefined - AJS.params has been deprecated since 9.0.0 and will be removed in 10.0.0.  
     at Object.getParam (https://wiki.one.int.sap/wiki/s/d768014809aa9e9356abc4f32fa3cf06-CDN/-23x24x/9116/n2r6gc/fa8ab6e9231284a06bf1fb80b856a1e4/_/download/contextbatch/js/atl.confluence.plugins.pagetree-desktop,main,page,viewcontent,atl.general,atl.comments,-_super/batch.js?analytics-enabled=false&cefp_collab_enabled=true&cefp_ed_perm=false&cefp_is_admin=false&gatekeeper-ui-v2=true&highlightactions=true&hostenabled=true&locale=en-US&table-resizable.breaking-text=false&theme.switcher=true&user-logged-in=true:227:281) @ https://wiki.one.int.sap/wiki/s/92d2c4742cba354172eb1affa02efacd-CDN/-23x24x/9116/n2r6gc/1bfa1eaa8b04ae6d4124fc3e33a6146f/_/download/contextbatch/js/_super/batch.js?locale=en-US:2576
[    1040ms] [WARNING] DEPRECATED undefined - AJS.params has been deprecated since 9.0.0 and will be removed in 10.0.0.  
     at Object.getParam (https://wiki.one.int.sap/wiki/s/d768014809aa9e9356abc4f32fa3cf06-CDN/-23x24x/9116/n2r6gc/fa8ab6e9231284a06bf1fb80b856a1e4/_/download/contextbatch/js/atl.confluence.plugins.pagetree-desktop,main,page,viewcontent,atl.general,atl.comments,-_super/batch.js?analytics-enabled=false&cefp_collab_enabled=true&cefp_ed_perm=false&cefp_is_admin=false&gatekeeper-ui-v2=true&highlightactions=true&hostenabled=true&locale=en-US&table-resizable.breaking-text=false&theme.switcher=true&user-logged-in=true:227:281) @ https://wiki.one.int.sap/wiki/s/92d2c4742cba354172eb1affa02efacd-CDN/-23x24x/9116/n2r6gc/1bfa1eaa8b04ae6d4124fc3e33a6146f/_/download/contextbatch/js/_super/batch.js?locale=en-US:2576
[    1040ms] [WARNING] DEPRECATED undefined - AJS.params has been deprecated since 9.0.0 and will be removed in 10.0.0.  
     at Object.getParam (https://wiki.one.int.sap/wiki/s/d768014809aa9e9356abc4f32fa3cf06-CDN/-23x24x/9116/n2r6gc/fa8ab6e9231284a06bf1fb80b856a1e4/_/download/contextbatch/js/atl.confluence.plugins.pagetree-desktop,main,page,viewcontent,atl.general,atl.comments,-_super/batch.js?analytics-enabled=false&cefp_collab_enabled=true&cefp_ed_perm=false&cefp_is_admin=false&gatekeeper-ui-v2=true&highlightactions=true&hostenabled=true&locale=en-US&table-resizable.breaking-text=false&theme.switcher=true&user-logged-in=true:227:281) @ https://wiki.one.int.sap/wiki/s/92d2c4742cba354172eb1affa02efacd-CDN/-23x24x/9116/n2r6gc/1bfa1eaa8b04ae6d4124fc3e33a6146f/_/download/contextbatch/js/_super/batch.js?locale=en-US:2576
[    1040ms] [WARNING] DEPRECATED undefined - AJS.params has been deprecated since 9.0.0 and will be removed in 10.0.0.  
     at Object.getParam (https://wiki.one.int.sap/wiki/s/d768014809aa9e9356abc4f32fa3cf06-CDN/-23x24x/9116/n2r6gc/fa8ab6e9231284a06bf1fb80b856a1e4/_/download/contextbatch/js/atl.confluence.plugins.pagetree-desktop,main,page,viewcontent,atl.general,atl.comments,-_super/batch.js?analytics-enabled=false&cefp_collab_enabled=true&cefp_ed_perm=false&cefp_is_admin=false&gatekeeper-ui-v2=true&highlightactions=true&hostenabled=true&locale=en-US&table-resizable.breaking-text=false&theme.switcher=true&user-logged-in=true:227:281) @ https://wiki.one.int.sap/wiki/s/92d2c4742cba354172eb1affa02efacd-CDN/-23x24x/9116/n2r6gc/1bfa1eaa8b04ae6d4124fc3e33a6146f/_/download/contextbatch/js/_super/batch.js?locale=en-US:2576
[    1040ms] [WARNING] DEPRECATED undefined - AJS.params has been deprecated since 9.0.0 and will be removed in 10.0.0.  
     at Object.getParam (https://wiki.one.int.sap/wiki/s/d768014809aa9e9356abc4f32fa3cf06-CDN/-23x24x/9116/n2r6gc/fa8ab6e9231284a06bf1fb80b856a1e4/_/download/contextbatch/js/atl.confluence.plugins.pagetree-desktop,main,page,viewcontent,atl.general,atl.comments,-_super/batch.js?analytics-enabled=false&cefp_collab_enabled=true&cefp_ed_perm=false&cefp_is_admin=false&gatekeeper-ui-v2=true&highlightactions=true&hostenabled=true&locale=en-US&table-resizable.breaking-text=false&theme.switcher=true&user-logged-in=true:227:281) @ https://wiki.one.int.sap/wiki/s/92d2c4742cba354172eb1affa02efacd-CDN/-23x24x/9116/n2r6gc/1bfa1eaa8b04ae6d4124fc3e33a6146f/_/download/contextbatch/js/_super/batch.js?locale=en-US:2576
[    1040ms] [WARNING] DEPRECATED undefined - AJS.params has been deprecated since 9.0.0 and will be removed in 10.0.0.  
     at Object.getParam (https://wiki.one.int.sap/wiki/s/d768014809aa9e9356abc4f32fa3cf06-CDN/-23x24x/9116/n2r6gc/fa8ab6e9231284a06bf1fb80b856a1e4/_/download/contextbatch/js/atl.confluence.plugins.pagetree-desktop,main,page,viewcontent,atl.general,atl.comments,-_super/batch.js?analytics-enabled=false&cefp_collab_enabled=true&cefp_ed_perm=false&cefp_is_admin=false&gatekeeper-ui-v2=true&highlightactions=true&hostenabled=true&locale=en-US&table-resizable.breaking-text=false&theme.switcher=true&user-logged-in=true:227:281) @ https://wiki.one.int.sap/wiki/s/92d2c4742cba354172eb1affa02efacd-CDN/-23x24x/9116/n2r6gc/1bfa1eaa8b04ae6d4124fc3e33a6146f/_/download/contextbatch/js/_super/batch.js?locale=en-US:2576
[    1040ms] [WARNING] DEPRECATED undefined - AJS.params has been deprecated since 9.0.0 and will be removed in 10.0.0.  
     at Object.getParam (https://wiki.one.int.sap/wiki/s/d768014809aa9e9356abc4f32fa3cf06-CDN/-23x24x/9116/n2r6gc/fa8ab6e9231284a06bf1fb80b856a1e4/_/download/contextbatch/js/atl.confluence.plugins.pagetree-desktop,main,page,viewcontent,atl.general,atl.comments,-_super/batch.js?analytics-enabled=false&cefp_collab_enabled=true&cefp_ed_perm=false&cefp_is_admin=false&gatekeeper-ui-v2=true&highlightactions=true&hostenabled=true&locale=en-US&table-resizable.breaking-text=false&theme.switcher=true&user-logged-in=true:227:281) @ https://wiki.one.int.sap/wiki/s/92d2c4742cba354172eb1affa02efacd-CDN/-23x24x/9116/n2r6gc/1bfa1eaa8b04ae6d4124fc3e33a6146f/_/download/contextbatch/js/_super/batch.js?locale=en-US:2576
[    1040ms] [WARNING] DEPRECATED undefined - AJS.params has been deprecated since 9.0.0 and will be removed in 10.0.0.  
     at Object.getParam (https://wiki.one.int.sap/wiki/s/d768014809aa9e9356abc4f32fa3cf06-CDN/-23x24x/9116/n2r6gc/fa8ab6e9231284a06bf1fb80b856a1e4/_/download/contextbatch/js/atl.confluence.plugins.pagetree-desktop,main,page,viewcontent,atl.general,atl.comments,-_super/batch.js?analytics-enabled=false&cefp_collab_enabled=true&cefp_ed_perm=false&cefp_is_admin=false&gatekeeper-ui-v2=true&highlightactions=true&hostenabled=true&locale=en-US&table-resizable.breaking-text=false&theme.switcher=true&user-logged-in=true:227:281) @ https://wiki.one.int.sap/wiki/s/92d2c4742cba354172eb1affa02efacd-CDN/-23x24x/9116/n2r6gc/1bfa1eaa8b04ae6d4124fc3e33a6146f/_/download/contextbatch/js/_super/batch.js?locale=en-US:2576
[    1040ms] [WARNING] DEPRECATED undefined - AJS.params has been deprecated since 9.0.0 and will be removed in 10.0.0.  
     at Object.getParam (https://wiki.one.int.sap/wiki/s/d768014809aa9e9356abc4f32fa3cf06-CDN/-23x24x/9116/n2r6gc/fa8ab6e9231284a06bf1fb80b856a1e4/_/download/contextbatch/js/atl.confluence.plugins.pagetree-desktop,main,page,viewcontent,atl.general,atl.comments,-_super/batch.js?analytics-enabled=false&cefp_collab_enabled=true&cefp_ed_perm=false&cefp_is_admin=false&gatekeeper-ui-v2=true&highlightactions=true&hostenabled=true&locale=en-US&table-resizable.breaking-text=false&theme.switcher=true&user-logged-in=true:227:281) @ https://wiki.one.int.sap/wiki/s/92d2c4742cba354172eb1affa02efacd-CDN/-23x24x/9116/n2r6gc/1bfa1eaa8b04ae6d4124fc3e33a6146f/_/download/contextbatch/js/_super/batch.js?locale=en-US:2576
[    1040ms] [WARNING] DEPRECATED undefined - AJS.params has been deprecated since 9.0.0 and will be removed in 10.0.0.  
     at Object.getParam (https://wiki.one.int.sap/wiki/s/d768014809aa9e9356abc4f32fa3cf06-CDN/-23x24x/9116/n2r6gc/fa8ab6e9231284a06bf1fb80b856a1e4/_/download/contextbatch/js/atl.confluence.plugins.pagetree-desktop,main,page,viewcontent,atl.general,atl.comments,-_super/batch.js?analytics-enabled=false&cefp_collab_enabled=true&cefp_ed_perm=false&cefp_is_admin=false&gatekeeper-ui-v2=true&highlightactions=true&hostenabled=true&locale=en-US&table-resizable.breaking-text=false&theme.switcher=true&user-logged-in=true:227:281) @ https://wiki.one.int.sap/wiki/s/92d2c4742cba354172eb1affa02efacd-CDN/-23x24x/9116/n2r6gc/1bfa1eaa8b04ae6d4124fc3e33a6146f/_/download/contextbatch/js/_super/batch.js?locale=en-US:2576
[    1040ms] [WARNING] DEPRECATED undefined - AJS.params has been deprecated since 9.0.0 and will be removed in 10.0.0.  
     at Object.getParam (https://wiki.one.int.sap/wiki/s/d768014809aa9e9356abc4f32fa3cf06-CDN/-23x24x/9116/n2r6gc/fa8ab6e9231284a06bf1fb80b856a1e4/_/download/contextbatch/js/atl.confluence.plugins.pagetree-desktop,main,page,viewcontent,atl.general,atl.comments,-_super/batch.js?analytics-enabled=false&cefp_collab_enabled=true&cefp_ed_perm=false&cefp_is_admin=false&gatekeeper-ui-v2=true&highlightactions=true&hostenabled=true&locale=en-US&table-resizable.breaking-text=false&theme.switcher=true&user-logged-in=true:227:281) @ https://wiki.one.int.sap/wiki/s/92d2c4742cba354172eb1affa02efacd-CDN/-23x24x/9116/n2r6gc/1bfa1eaa8b04ae6d4124fc3e33a6146f/_/download/contextbatch/js/_super/batch.js?locale=en-US:2576
[    1041ms] [WARNING] DEPRECATED undefined - AJS.params has been deprecated since 9.0.0 and will be removed in 10.0.0.  
     at Object.getParam (https://wiki.one.int.sap/wiki/s/d768014809aa9e9356abc4f32fa3cf06-CDN/-23x24x/9116/n2r6gc/fa8ab6e9231284a06bf1fb80b856a1e4/_/download/contextbatch/js/atl.confluence.plugins.pagetree-desktop,main,page,viewcontent,atl.general,atl.comments,-_super/batch.js?analytics-enabled=false&cefp_collab_enabled=true&cefp_ed_perm=false&cefp_is_admin=false&gatekeeper-ui-v2=true&highlightactions=true&hostenabled=true&locale=en-US&table-resizable.breaking-text=false&theme.switcher=true&user-logged-in=true:227:281) @ https://wiki.one.int.sap/wiki/s/92d2c4742cba354172eb1affa02efacd-CDN/-23x24x/9116/n2r6gc/1bfa1eaa8b04ae6d4124fc3e33a6146f/_/download/contextbatch/js/_super/batch.js?locale=en-US:2576
[    1041ms] [WARNING] DEPRECATED undefined - AJS.params has been deprecated since 9.0.0 and will be removed in 10.0.0.  
     at Object.getParam (https://wiki.one.int.sap/wiki/s/d768014809aa9e9356abc4f32fa3cf06-CDN/-23x24x/9116/n2r6gc/fa8ab6e9231284a06bf1fb80b856a1e4/_/download/contextbatch/js/atl.confluence.plugins.pagetree-desktop,main,page,viewcontent,atl.general,atl.comments,-_super/batch.js?analytics-enabled=false&cefp_collab_enabled=true&cefp_ed_perm=false&cefp_is_admin=false&gatekeeper-ui-v2=true&highlightactions=true&hostenabled=true&locale=en-US&table-resizable.breaking-text=false&theme.switcher=true&user-logged-in=true:227:281) @ https://wiki.one.int.sap/wiki/s/92d2c4742cba354172eb1affa02efacd-CDN/-23x24x/9116/n2r6gc/1bfa1eaa8b04ae6d4124fc3e33a6146f/_/download/contextbatch/js/_super/batch.js?locale=en-US:2576
[    1041ms] [WARNING] DEPRECATED undefined - AJS.params has been deprecated since 9.0.0 and will be removed in 10.0.0.  
     at Object.getParam (https://wiki.one.int.sap/wiki/s/d768014809aa9e9356abc4f32fa3cf06-CDN/-23x24x/9116/n2r6gc/fa8ab6e9231284a06bf1fb80b856a1e4/_/download/contextbatch/js/atl.confluence.plugins.pagetree-desktop,main,page,viewcontent,atl.general,atl.comments,-_super/batch.js?analytics-enabled=false&cefp_collab_enabled=true&cefp_ed_perm=false&cefp_is_admin=false&gatekeeper-ui-v2=true&highlightactions=true&hostenabled=true&locale=en-US&table-resizable.breaking-text=false&theme.switcher=true&user-logged-in=true:227:281) @ https://wiki.one.int.sap/wiki/s/92d2c4742cba354172eb1affa02efacd-CDN/-23x24x/9116/n2r6gc/1bfa1eaa8b04ae6d4124fc3e33a6146f/_/download/contextbatch/js/_super/batch.js?locale=en-US:2576
[    1041ms] [WARNING] DEPRECATED undefined - AJS.params has been deprecated since 9.0.0 and will be removed in 10.0.0.  
     at Object.getParam (https://wiki.one.int.sap/wiki/s/d768014809aa9e9356abc4f32fa3cf06-CDN/-23x24x/9116/n2r6gc/fa8ab6e9231284a06bf1fb80b856a1e4/_/download/contextbatch/js/atl.confluence.plugins.pagetree-desktop,main,page,viewcontent,atl.general,atl.comments,-_super/batch.js?analytics-enabled=false&cefp_collab_enabled=true&cefp_ed_perm=false&cefp_is_admin=false&gatekeeper-ui-v2=true&highlightactions=true&hostenabled=true&locale=en-US&table-resizable.breaking-text=false&theme.switcher=true&user-logged-in=true:227:281) @ https://wiki.one.int.sap/wiki/s/92d2c4742cba354172eb1affa02efacd-CDN/-23x24x/9116/n2r6gc/1bfa1eaa8b04ae6d4124fc3e33a6146f/_/download/contextbatch/js/_super/batch.js?locale=en-US:2576
[    1041ms] [WARNING] DEPRECATED undefined - AJS.params has been deprecated since 9.0.0 and will be removed in 10.0.0.  
     at Object.getParam (https://wiki.one.int.sap/wiki/s/d768014809aa9e9356abc4f32fa3cf06-CDN/-23x24x/9116/n2r6gc/fa8ab6e9231284a06bf1fb80b856a1e4/_/download/contextbatch/js/atl.confluence.plugins.pagetree-desktop,main,page,viewcontent,atl.general,atl.comments,-_super/batch.js?analytics-enabled=false&cefp_collab_enabled=true&cefp_ed_perm=false&cefp_is_admin=false&gatekeeper-ui-v2=true&highlightactions=true&hostenabled=true&locale=en-US&table-resizable.breaking-text=false&theme.switcher=true&user-logged-in=true:227:281) @ https://wiki.one.int.sap/wiki/s/92d2c4742cba354172eb1affa02efacd-CDN/-23x24x/9116/n2r6gc/1bfa1eaa8b04ae6d4124fc3e33a6146f/_/download/contextbatch/js/_super/batch.js?locale=en-US:2576
[    1041ms] [WARNING] DEPRECATED undefined - AJS.params has been deprecated since 9.0.0 and will be removed in 10.0.0.  
     at Object.getParam (https://wiki.one.int.sap/wiki/s/d768014809aa9e9356abc4f32fa3cf06-CDN/-23x24x/9116/n2r6gc/fa8ab6e9231284a06bf1fb80b856a1e4/_/download/contextbatch/js/atl.confluence.plugins.pagetree-desktop,main,page,viewcontent,atl.general,atl.comments,-_super/batch.js?analytics-enabled=false&cefp_collab_enabled=true&cefp_ed_perm=false&cefp_is_admin=false&gatekeeper-ui-v2=true&highlightactions=true&hostenabled=true&locale=en-US&table-resizable.breaking-text=false&theme.switcher=true&user-logged-in=true:227:281) @ https://wiki.one.int.sap/wiki/s/92d2c4742cba354172eb1affa02efacd-CDN/-23x24x/9116/n2r6gc/1bfa1eaa8b04ae6d4124fc3e33a6146f/_/download/contextbatch/js/_super/batch.js?locale=en-US:2576
[    1041ms] [WARNING] DEPRECATED undefined - AJS.params has been deprecated since 9.0.0 and will be removed in 10.0.0.  
     at Object.getParam (https://wiki.one.int.sap/wiki/s/d768014809aa9e9356abc4f32fa3cf06-CDN/-23x24x/9116/n2r6gc/fa8ab6e9231284a06bf1fb80b856a1e4/_/download/contextbatch/js/atl.confluence.plugins.pagetree-desktop,main,page,viewcontent,atl.general,atl.comments,-_super/batch.js?analytics-enabled=false&cefp_collab_enabled=true&cefp_ed_perm=false&cefp_is_admin=false&gatekeeper-ui-v2=true&highlightactions=true&hostenabled=true&locale=en-US&table-resizable.breaking-text=false&theme.switcher=true&user-logged-in=true:227:281) @ https://wiki.one.int.sap/wiki/s/92d2c4742cba354172eb1affa02efacd-CDN/-23x24x/9116/n2r6gc/1bfa1eaa8b04ae6d4124fc3e33a6146f/_/download/contextbatch/js/_super/batch.js?locale=en-US:2576
[    1041ms] [WARNING] DEPRECATED undefined - AJS.params has been deprecated since 9.0.0 and will be removed in 10.0.0.  
     at Object.getParam (https://wiki.one.int.sap/wiki/s/d768014809aa9e9356abc4f32fa3cf06-CDN/-23x24x/9116/n2r6gc/fa8ab6e9231284a06bf1fb80b856a1e4/_/download/contextbatch/js/atl.confluence.plugins.pagetree-desktop,main,page,viewcontent,atl.general,atl.comments,-_super/batch.js?analytics-enabled=false&cefp_collab_enabled=true&cefp_ed_perm=false&cefp_is_admin=false&gatekeeper-ui-v2=true&highlightactions=true&hostenabled=true&locale=en-US&table-resizable.breaking-text=false&theme.switcher=true&user-logged-in=true:227:281) @ https://wiki.one.int.sap/wiki/s/92d2c4742cba354172eb1affa02efacd-CDN/-23x24x/9116/n2r6gc/1bfa1eaa8b04ae6d4124fc3e33a6146f/_/download/contextbatch/js/_super/batch.js?locale=en-US:2576
[    1041ms] [WARNING] DEPRECATED undefined - AJS.params has been deprecated since 9.0.0 and will be removed in 10.0.0.  
     at Object.getParam (https://wiki.one.int.sap/wiki/s/d768014809aa9e9356abc4f32fa3cf06-CDN/-23x24x/9116/n2r6gc/fa8ab6e9231284a06bf1fb80b856a1e4/_/download/contextbatch/js/atl.confluence.plugins.pagetree-desktop,main,page,viewcontent,atl.general,atl.comments,-_super/batch.js?analytics-enabled=false&cefp_collab_enabled=true&cefp_ed_perm=false&cefp_is_admin=false&gatekeeper-ui-v2=true&highlightactions=true&hostenabled=true&locale=en-US&table-resizable.breaking-text=false&theme.switcher=true&user-logged-in=true:227:281) @ https://wiki.one.int.sap/wiki/s/92d2c4742cba354172eb1affa02efacd-CDN/-23x24x/9116/n2r6gc/1bfa1eaa8b04ae6d4124fc3e33a6146f/_/download/contextbatch/js/_super/batch.js?locale=en-US:2576
[    1041ms] [WARNING] DEPRECATED undefined - AJS.params has been deprecated since 9.0.0 and will be removed in 10.0.0.  
     at Object.getParam (https://wiki.one.int.sap/wiki/s/d768014809aa9e9356abc4f32fa3cf06-CDN/-23x24x/9116/n2r6gc/fa8ab6e9231284a06bf1fb80b856a1e4/_/download/contextbatch/js/atl.confluence.plugins.pagetree-desktop,main,page,viewcontent,atl.general,atl.comments,-_super/batch.js?analytics-enabled=false&cefp_collab_enabled=true&cefp_ed_perm=false&cefp_is_admin=false&gatekeeper-ui-v2=true&highlightactions=true&hostenabled=true&locale=en-US&table-resizable.breaking-text=false&theme.switcher=true&user-logged-in=true:227:281) @ https://wiki.one.int.sap/wiki/s/92d2c4742cba354172eb1affa02efacd-CDN/-23x24x/9116/n2r6gc/1bfa1eaa8b04ae6d4124fc3e33a6146f/_/download/contextbatch/js/_super/batch.js?locale=en-US:2576
[    1041ms] [WARNING] DEPRECATED undefined - AJS.params has been deprecated since 9.0.0 and will be removed in 10.0.0.  
     at Object.getParam (https://wiki.one.int.sap/wiki/s/d768014809aa9e9356abc4f32fa3cf06-CDN/-23x24x/9116/n2r6gc/fa8ab6e9231284a06bf1fb80b856a1e4/_/download/contextbatch/js/atl.confluence.plugins.pagetree-desktop,main,page,viewcontent,atl.general,atl.comments,-_super/batch.js?analytics-enabled=false&cefp_collab_enabled=true&cefp_ed_perm=false&cefp_is_admin=false&gatekeeper-ui-v2=true&highlightactions=true&hostenabled=true&locale=en-US&table-resizable.breaking-text=false&theme.switcher=true&user-logged-in=true:227:281) @ https://wiki.one.int.sap/wiki/s/92d2c4742cba354172eb1affa02efacd-CDN/-23x24x/9116/n2r6gc/1bfa1eaa8b04ae6d4124fc3e33a6146f/_/download/contextbatch/js/_super/batch.js?locale=en-US:2576
[    1041ms] [WARNING] DEPRECATED undefined - AJS.params has been deprecated since 9.0.0 and will be removed in 10.0.0.  
     at Object.getParam (https://wiki.one.int.sap/wiki/s/d768014809aa9e9356abc4f32fa3cf06-CDN/-23x24x/9116/n2r6gc/fa8ab6e9231284a06bf1fb80b856a1e4/_/download/contextbatch/js/atl.confluence.plugins.pagetree-desktop,main,page,viewcontent,atl.general,atl.comments,-_super/batch.js?analytics-enabled=false&cefp_collab_enabled=true&cefp_ed_perm=false&cefp_is_admin=false&gatekeeper-ui-v2=true&highlightactions=true&hostenabled=true&locale=en-US&table-resizable.breaking-text=false&theme.switcher=true&user-logged-in=true:227:281) @ https://wiki.one.int.sap/wiki/s/92d2c4742cba354172eb1affa02efacd-CDN/-23x24x/9116/n2r6gc/1bfa1eaa8b04ae6d4124fc3e33a6146f/_/download/contextbatch/js/_super/batch.js?locale=en-US:2576
[    1042ms] [WARNING] DEPRECATED undefined - AJS.params has been deprecated since 9.0.0 and will be removed in 10.0.0.  
     at Object.getParam (https://wiki.one.int.sap/wiki/s/d768014809aa9e9356abc4f32fa3cf06-CDN/-23x24x/9116/n2r6gc/fa8ab6e9231284a06bf1fb80b856a1e4/_/download/contextbatch/js/atl.confluence.plugins.pagetree-desktop,main,page,viewcontent,atl.general,atl.comments,-_super/batch.js?analytics-enabled=false&cefp_collab_enabled=true&cefp_ed_perm=false&cefp_is_admin=false&gatekeeper-ui-v2=true&highlightactions=true&hostenabled=true&locale=en-US&table-resizable.breaking-text=false&theme.switcher=true&user-logged-in=true:227:281) @ https://wiki.one.int.sap/wiki/s/92d2c4742cba354172eb1affa02efacd-CDN/-23x24x/9116/n2r6gc/1bfa1eaa8b04ae6d4124fc3e33a6146f/_/download/contextbatch/js/_super/batch.js?locale=en-US:2576
[    1042ms] [WARNING] DEPRECATED undefined - AJS.params has been deprecated since 9.0.0 and will be removed in 10.0.0.  
     at Object.getParam (https://wiki.one.int.sap/wiki/s/d768014809aa9e9356abc4f32fa3cf06-CDN/-23x24x/9116/n2r6gc/fa8ab6e9231284a06bf1fb80b856a1e4/_/download/contextbatch/js/atl.confluence.plugins.pagetree-desktop,main,page,viewcontent,atl.general,atl.comments,-_super/batch.js?analytics-enabled=false&cefp_collab_enabled=true&cefp_ed_perm=false&cefp_is_admin=false&gatekeeper-ui-v2=true&highlightactions=true&hostenabled=true&locale=en-US&table-resizable.breaking-text=false&theme.switcher=true&user-logged-in=true:227:281) @ https://wiki.one.int.sap/wiki/s/92d2c4742cba354172eb1affa02efacd-CDN/-23x24x/9116/n2r6gc/1bfa1eaa8b04ae6d4124fc3e33a6146f/_/download/contextbatch/js/_super/batch.js?locale=en-US:2576
[    1042ms] [WARNING] DEPRECATED undefined - AJS.params has been deprecated since 9.0.0 and will be removed in 10.0.0.  
     at Object.getParam (https://wiki.one.int.sap/wiki/s/d768014809aa9e9356abc4f32fa3cf06-CDN/-23x24x/9116/n2r6gc/fa8ab6e9231284a06bf1fb80b856a1e4/_/download/contextbatch/js/atl.confluence.plugins.pagetree-desktop,main,page,viewcontent,atl.general,atl.comments,-_super/batch.js?analytics-enabled=false&cefp_collab_enabled=true&cefp_ed_perm=false&cefp_is_admin=false&gatekeeper-ui-v2=true&highlightactions=true&hostenabled=true&locale=en-US&table-resizable.breaking-text=false&theme.switcher=true&user-logged-in=true:227:281) @ https://wiki.one.int.sap/wiki/s/92d2c4742cba354172eb1affa02efacd-CDN/-23x24x/9116/n2r6gc/1bfa1eaa8b04ae6d4124fc3e33a6146f/_/download/contextbatch/js/_super/batch.js?locale=en-US:2576
[    1042ms] [WARNING] DEPRECATED undefined - AJS.params has been deprecated since 9.0.0 and will be removed in 10.0.0.  
     at Object.getParam (https://wiki.one.int.sap/wiki/s/d768014809aa9e9356abc4f32fa3cf06-CDN/-23x24x/9116/n2r6gc/fa8ab6e9231284a06bf1fb80b856a1e4/_/download/contextbatch/js/atl.confluence.plugins.pagetree-desktop,main,page,viewcontent,atl.general,atl.comments,-_super/batch.js?analytics-enabled=false&cefp_collab_enabled=true&cefp_ed_perm=false&cefp_is_admin=false&gatekeeper-ui-v2=true&highlightactions=true&hostenabled=true&locale=en-US&table-resizable.breaking-text=false&theme.switcher=true&user-logged-in=true:227:281) @ https://wiki.one.int.sap/wiki/s/92d2c4742cba354172eb1affa02efacd-CDN/-23x24x/9116/n2r6gc/1bfa1eaa8b04ae6d4124fc3e33a6146f/_/download/contextbatch/js/_super/batch.js?locale=en-US:2576
[    1042ms] [WARNING] DEPRECATED undefined - AJS.params has been deprecated since 9.0.0 and will be removed in 10.0.0.  
     at Object.getParam (https://wiki.one.int.sap/wiki/s/d768014809aa9e9356abc4f32fa3cf06-CDN/-23x24x/9116/n2r6gc/fa8ab6e9231284a06bf1fb80b856a1e4/_/download/contextbatch/js/atl.confluence.plugins.pagetree-desktop,main,page,viewcontent,atl.general,atl.comments,-_super/batch.js?analytics-enabled=false&cefp_collab_enabled=true&cefp_ed_perm=false&cefp_is_admin=false&gatekeeper-ui-v2=true&highlightactions=true&hostenabled=true&locale=en-US&table-resizable.breaking-text=false&theme.switcher=true&user-logged-in=true:227:281) @ https://wiki.one.int.sap/wiki/s/92d2c4742cba354172eb1affa02efacd-CDN/-23x24x/9116/n2r6gc/1bfa1eaa8b04ae6d4124fc3e33a6146f/_/download/contextbatch/js/_super/batch.js?locale=en-US:2576
[    1042ms] [WARNING] DEPRECATED undefined - AJS.params has been deprecated since 9.0.0 and will be removed in 10.0.0.  
     at Object.getParam (https://wiki.one.int.sap/wiki/s/d768014809aa9e9356abc4f32fa3cf06-CDN/-23x24x/9116/n2r6gc/fa8ab6e9231284a06bf1fb80b856a1e4/_/download/contextbatch/js/atl.confluence.plugins.pagetree-desktop,main,page,viewcontent,atl.general,atl.comments,-_super/batch.js?analytics-enabled=false&cefp_collab_enabled=true&cefp_ed_perm=false&cefp_is_admin=false&gatekeeper-ui-v2=true&highlightactions=true&hostenabled=true&locale=en-US&table-resizable.breaking-text=false&theme.switcher=true&user-logged-in=true:227:281) @ https://wiki.one.int.sap/wiki/s/92d2c4742cba354172eb1affa02efacd-CDN/-23x24x/9116/n2r6gc/1bfa1eaa8b04ae6d4124fc3e33a6146f/_/download/contextbatch/js/_super/batch.js?locale=en-US:2576
[    1042ms] [WARNING] DEPRECATED undefined - AJS.params has been deprecated since 9.0.0 and will be removed in 10.0.0.  
     at Object.getParam (https://wiki.one.int.sap/wiki/s/d768014809aa9e9356abc4f32fa3cf06-CDN/-23x24x/9116/n2r6gc/fa8ab6e9231284a06bf1fb80b856a1e4/_/download/contextbatch/js/atl.confluence.plugins.pagetree-desktop,main,page,viewcontent,atl.general,atl.comments,-_super/batch.js?analytics-enabled=false&cefp_collab_enabled=true&cefp_ed_perm=false&cefp_is_admin=false&gatekeeper-ui-v2=true&highlightactions=true&hostenabled=true&locale=en-US&table-resizable.breaking-text=false&theme.switcher=true&user-logged-in=true:227:281) @ https://wiki.one.int.sap/wiki/s/92d2c4742cba354172eb1affa02efacd-CDN/-23x24x/9116/n2r6gc/1bfa1eaa8b04ae6d4124fc3e33a6146f/_/download/contextbatch/js/_super/batch.js?locale=en-US:2576
[    1042ms] [WARNING] DEPRECATED undefined - AJS.params has been deprecated since 9.0.0 and will be removed in 10.0.0.  
     at Object.getParam (https://wiki.one.int.sap/wiki/s/d768014809aa9e9356abc4f32fa3cf06-CDN/-23x24x/9116/n2r6gc/fa8ab6e9231284a06bf1fb80b856a1e4/_/download/contextbatch/js/atl.confluence.plugins.pagetree-desktop,main,page,viewcontent,atl.general,atl.comments,-_super/batch.js?analytics-enabled=false&cefp_collab_enabled=true&cefp_ed_perm=false&cefp_is_admin=false&gatekeeper-ui-v2=true&highlightactions=true&hostenabled=true&locale=en-US&table-resizable.breaking-text=false&theme.switcher=true&user-logged-in=true:227:281) @ https://wiki.one.int.sap/wiki/s/92d2c4742cba354172eb1affa02efacd-CDN/-23x24x/9116/n2r6gc/1bfa1eaa8b04ae6d4124fc3e33a6146f/_/download/contextbatch/js/_super/batch.js?locale=en-US:2576
[    1042ms] [WARNING] DEPRECATED undefined - AJS.params has been deprecated since 9.0.0 and will be removed in 10.0.0.  
     at Object.getParam (https://wiki.one.int.sap/wiki/s/d768014809aa9e9356abc4f32fa3cf06-CDN/-23x24x/9116/n2r6gc/fa8ab6e9231284a06bf1fb80b856a1e4/_/download/contextbatch/js/atl.confluence.plugins.pagetree-desktop,main,page,viewcontent,atl.general,atl.comments,-_super/batch.js?analytics-enabled=false&cefp_collab_enabled=true&cefp_ed_perm=false&cefp_is_admin=false&gatekeeper-ui-v2=true&highlightactions=true&hostenabled=true&locale=en-US&table-resizable.breaking-text=false&theme.switcher=true&user-logged-in=true:227:281) @ https://wiki.one.int.sap/wiki/s/92d2c4742cba354172eb1affa02efacd-CDN/-23x24x/9116/n2r6gc/1bfa1eaa8b04ae6d4124fc3e33a6146f/_/download/contextbatch/js/_super/batch.js?locale=en-US:2576
[    1042ms] [WARNING] DEPRECATED undefined - AJS.params has been deprecated since 9.0.0 and will be removed in 10.0.0.  
     at Object.getParam (https://wiki.one.int.sap/wiki/s/d768014809aa9e9356abc4f32fa3cf06-CDN/-23x24x/9116/n2r6gc/fa8ab6e9231284a06bf1fb80b856a1e4/_/download/contextbatch/js/atl.confluence.plugins.pagetree-desktop,main,page,viewcontent,atl.general,atl.comments,-_super/batch.js?analytics-enabled=false&cefp_collab_enabled=true&cefp_ed_perm=false&cefp_is_admin=false&gatekeeper-ui-v2=true&highlightactions=true&hostenabled=true&locale=en-US&table-resizable.breaking-text=false&theme.switcher=true&user-logged-in=true:227:281) @ https://wiki.one.int.sap/wiki/s/92d2c4742cba354172eb1affa02efacd-CDN/-23x24x/9116/n2r6gc/1bfa1eaa8b04ae6d4124fc3e33a6146f/_/download/contextbatch/js/_super/batch.js?locale=en-US:2576
[    1042ms] [WARNING] DEPRECATED undefined - AJS.params has been deprecated since 9.0.0 and will be removed in 10.0.0.  
     at Object.getParam (https://wiki.one.int.sap/wiki/s/d768014809aa9e9356abc4f32fa3cf06-CDN/-23x24x/9116/n2r6gc/fa8ab6e9231284a06bf1fb80b856a1e4/_/download/contextbatch/js/atl.confluence.plugins.pagetree-desktop,main,page,viewcontent,atl.general,atl.comments,-_super/batch.js?analytics-enabled=false&cefp_collab_enabled=true&cefp_ed_perm=false&cefp_is_admin=false&gatekeeper-ui-v2=true&highlightactions=true&hostenabled=true&locale=en-US&table-resizable.breaking-text=false&theme.switcher=true&user-logged-in=true:227:281) @ https://wiki.one.int.sap/wiki/s/92d2c4742cba354172eb1affa02efacd-CDN/-23x24x/9116/n2r6gc/1bfa1eaa8b04ae6d4124fc3e33a6146f/_/download/contextbatch/js/_super/batch.js?locale=en-US:2576
[    1042ms] [WARNING] DEPRECATED undefined - AJS.params has been deprecated since 9.0.0 and will be removed in 10.0.0.  
     at Object.getParam (https://wiki.one.int.sap/wiki/s/d768014809aa9e9356abc4f32fa3cf06-CDN/-23x24x/9116/n2r6gc/fa8ab6e9231284a06bf1fb80b856a1e4/_/download/contextbatch/js/atl.confluence.plugins.pagetree-desktop,main,page,viewcontent,atl.general,atl.comments,-_super/batch.js?analytics-enabled=false&cefp_collab_enabled=true&cefp_ed_perm=false&cefp_is_admin=false&gatekeeper-ui-v2=true&highlightactions=true&hostenabled=true&locale=en-US&table-resizable.breaking-text=false&theme.switcher=true&user-logged-in=true:227:281) @ https://wiki.one.int.sap/wiki/s/92d2c4742cba354172eb1affa02efacd-CDN/-23x24x/9116/n2r6gc/1bfa1eaa8b04ae6d4124fc3e33a6146f/_/download/contextbatch/js/_super/batch.js?locale=en-US:2576
[    1043ms] [WARNING] DEPRECATED undefined - AJS.params has been deprecated since 9.0.0 and will be removed in 10.0.0.  
     at Object.getParam (https://wiki.one.int.sap/wiki/s/d768014809aa9e9356abc4f32fa3cf06-CDN/-23x24x/9116/n2r6gc/fa8ab6e9231284a06bf1fb80b856a1e4/_/download/contextbatch/js/atl.confluence.plugins.pagetree-desktop,main,page,viewcontent,atl.general,atl.comments,-_super/batch.js?analytics-enabled=false&cefp_collab_enabled=true&cefp_ed_perm=false&cefp_is_admin=false&gatekeeper-ui-v2=true&highlightactions=true&hostenabled=true&locale=en-US&table-resizable.breaking-text=false&theme.switcher=true&user-logged-in=true:227:281) @ https://wiki.one.int.sap/wiki/s/92d2c4742cba354172eb1affa02efacd-CDN/-23x24x/9116/n2r6gc/1bfa1eaa8b04ae6d4124fc3e33a6146f/_/download/contextbatch/js/_super/batch.js?locale=en-US:2576
[    1043ms] [WARNING] DEPRECATED undefined - AJS.params has been deprecated since 9.0.0 and will be removed in 10.0.0.  
     at Object.getParam (https://wiki.one.int.sap/wiki/s/d768014809aa9e9356abc4f32fa3cf06-CDN/-23x24x/9116/n2r6gc/fa8ab6e9231284a06bf1fb80b856a1e4/_/download/contextbatch/js/atl.confluence.plugins.pagetree-desktop,main,page,viewcontent,atl.general,atl.comments,-_super/batch.js?analytics-enabled=false&cefp_collab_enabled=true&cefp_ed_perm=false&cefp_is_admin=false&gatekeeper-ui-v2=true&highlightactions=true&hostenabled=true&locale=en-US&table-resizable.breaking-text=false&theme.switcher=true&user-logged-in=true:227:281) @ https://wiki.one.int.sap/wiki/s/92d2c4742cba354172eb1affa02efacd-CDN/-23x24x/9116/n2r6gc/1bfa1eaa8b04ae6d4124fc3e33a6146f/_/download/contextbatch/js/_super/batch.js?locale=en-US:2576
[    1043ms] [WARNING] DEPRECATED undefined - AJS.params has been deprecated since 9.0.0 and will be removed in 10.0.0.  
     at Object.getParam (https://wiki.one.int.sap/wiki/s/d768014809aa9e9356abc4f32fa3cf06-CDN/-23x24x/9116/n2r6gc/fa8ab6e9231284a06bf1fb80b856a1e4/_/download/contextbatch/js/atl.confluence.plugins.pagetree-desktop,main,page,viewcontent,atl.general,atl.comments,-_super/batch.js?analytics-enabled=false&cefp_collab_enabled=true&cefp_ed_perm=false&cefp_is_admin=false&gatekeeper-ui-v2=true&highlightactions=true&hostenabled=true&locale=en-US&table-resizable.breaking-text=false&theme.switcher=true&user-logged-in=true:227:281) @ https://wiki.one.int.sap/wiki/s/92d2c4742cba354172eb1affa02efacd-CDN/-23x24x/9116/n2r6gc/1bfa1eaa8b04ae6d4124fc3e33a6146f/_/download/contextbatch/js/_super/batch.js?locale=en-US:2576
[    1043ms] [WARNING] DEPRECATED undefined - AJS.params has been deprecated since 9.0.0 and will be removed in 10.0.0.  
     at Object.getParam (https://wiki.one.int.sap/wiki/s/d768014809aa9e9356abc4f32fa3cf06-CDN/-23x24x/9116/n2r6gc/fa8ab6e9231284a06bf1fb80b856a1e4/_/download/contextbatch/js/atl.confluence.plugins.pagetree-desktop,main,page,viewcontent,atl.general,atl.comments,-_super/batch.js?analytics-enabled=false&cefp_collab_enabled=true&cefp_ed_perm=false&cefp_is_admin=false&gatekeeper-ui-v2=true&highlightactions=true&hostenabled=true&locale=en-US&table-resizable.breaking-text=false&theme.switcher=true&user-logged-in=true:227:281) @ https://wiki.one.int.sap/wiki/s/92d2c4742cba354172eb1affa02efacd-CDN/-23x24x/9116/n2r6gc/1bfa1eaa8b04ae6d4124fc3e33a6146f/_/download/contextbatch/js/_super/batch.js?locale=en-US:2576
[    1043ms] [WARNING] DEPRECATED JS - AJS.debounce has been deprecated since 8.0.0 and will be removed in 10.0.0. Use equivalent functions from libraries like lodash / underscore instead  
     at https://wiki.one.int.sap/wiki/s/d768014809aa9e9356abc4f32fa3cf06-CDN/-23x24x/9116/n2r6gc/fa8ab6e9231284a06bf1fb80b856a1e4/_/download/contextbatch/js/atl.confluence.plugins.pagetree-desktop,main,page,viewcontent,atl.general,atl.comments,-_super/batch.js?analytics-enabled=false&cefp_collab_enabled=true&cefp_ed_perm=false&cefp_is_admin=false&gatekeeper-ui-v2=true&highlightactions=true&hostenabled=true&locale=en-US&table-resizable.breaking-text=false&theme.switcher=true&user-logged-in=true:1439:377 @ https://wiki.one.int.sap/wiki/s/92d2c4742cba354172eb1affa02efacd-CDN/-23x24x/9116/n2r6gc/1bfa1eaa8b04ae6d4124fc3e33a6146f/_/download/contextbatch/js/_super/batch.js?locale=en-US:2576
[    1043ms] [WARNING] DEPRECATED JS - AJS.debounceImmediate has been deprecated since 8.0.0 and will be removed in 10.0.0. Use equivalent functions from libraries like lodash / underscore instead  
     at https://wiki.one.int.sap/wiki/s/d768014809aa9e9356abc4f32fa3cf06-CDN/-23x24x/9116/n2r6gc/fa8ab6e9231284a06bf1fb80b856a1e4/_/download/contextbatch/js/atl.confluence.plugins.pagetree-desktop,main,page,viewcontent,atl.general,atl.comments,-_super/batch.js?analytics-enabled=false&cefp_collab_enabled=true&cefp_ed_perm=false&cefp_is_admin=false&gatekeeper-ui-v2=true&highlightactions=true&hostenabled=true&locale=en-US&table-resizable.breaking-text=false&theme.switcher=true&user-logged-in=true:1439:455 @ https://wiki.one.int.sap/wiki/s/92d2c4742cba354172eb1affa02efacd-CDN/-23x24x/9116/n2r6gc/1bfa1eaa8b04ae6d4124fc3e33a6146f/_/download/contextbatch/js/_super/batch.js?locale=en-US:2576
[    1043ms] [WARNING] Remove legacy sidebar code when upgrade to AUI 5.8+ @ https://wiki.one.int.sap/wiki/s/92d2c4742cba354172eb1affa02efacd-CDN/-23x24x/9116/n2r6gc/1bfa1eaa8b04ae6d4124fc3e33a6146f/_/download/contextbatch/js/_super/batch.js?locale=en-US:2581
[    1195ms] [LOG] [WRM] [handler] Downloading resources [js!/wiki/s/d41d8cd98f00b204e9800998ecf8427e-CDN/-2…ext=false&theme.switcher=true&user-logged-in=true, js!/wiki/s/61f4ec5c93800775c916150d1014c62f-CDN/-2…sian.auiplugin:7498,-_super/batch.js?locale=en-US] @ https://wiki.one.int.sap/wiki/s/92d2c4742cba354172eb1affa02efacd-CDN/-23x24x/9116/n2r6gc/1bfa1eaa8b04ae6d4124fc3e33a6146f/_/download/contextbatch/js/_super/batch.js?locale=en-US:21
[    1202ms] [LOG] [BM] Collector installed @ https://wiki.one.int.sap/wiki/s/d41d8cd98f00b204e9800998ecf8427e-CDN/-23x24x/9116/n2r6gc/e4410f6bf3bb4c5006bf70387e5ddf3f/_/download/contextbatch/js/browser-metrics-plugin.contrib,-_super,-atl.general,-viewcontent,-page/batch.js?analytics-enabled=false&cefp_collab_enabled=true&cefp_ed_perm=false&cefp_is_admin=false&gatekeeper-ui-v2=true&highlightactions=true&hostenabled=true&table-resizable.breaking-text=false&theme.switcher=true&user-logged-in=true:87
[    1288ms] [WARNING] DEPRECATED undefined - AJS.params has been deprecated since 9.0.0 and will be removed in 10.0.0.  
     at HTMLMetaElement.<anonymous> (https://wiki.one.int.sap/wiki/s/92d2c4742cba354172eb1affa02efacd-CDN/-23x24x/9116/n2r6gc/1bfa1eaa8b04ae6d4124fc3e33a6146f/_/download/contextbatch/js/_super/batch.js?locale=en-US:2852:304) @ https://wiki.one.int.sap/wiki/s/92d2c4742cba354172eb1affa02efacd-CDN/-23x24x/9116/n2r6gc/1bfa1eaa8b04ae6d4124fc3e33a6146f/_/download/contextbatch/js/_super/batch.js?locale=en-US:2576
[    1288ms] [WARNING] DEPRECATED undefined - AJS.params has been deprecated since 9.0.0 and will be removed in 10.0.0.  
     at HTMLMetaElement.<anonymous> (https://wiki.one.int.sap/wiki/s/92d2c4742cba354172eb1affa02efacd-CDN/-23x24x/9116/n2r6gc/1bfa1eaa8b04ae6d4124fc3e33a6146f/_/download/contextbatch/js/_super/batch.js?locale=en-US:2852:304) @ https://wiki.one.int.sap/wiki/s/92d2c4742cba354172eb1affa02efacd-CDN/-23x24x/9116/n2r6gc/1bfa1eaa8b04ae6d4124fc3e33a6146f/_/download/contextbatch/js/_super/batch.js?locale=en-US:2576
[    1288ms] [WARNING] DEPRECATED undefined - AJS.params has been deprecated since 9.0.0 and will be removed in 10.0.0.  
     at HTMLMetaElement.<anonymous> (https://wiki.one.int.sap/wiki/s/92d2c4742cba354172eb1affa02efacd-CDN/-23x24x/9116/n2r6gc/1bfa1eaa8b04ae6d4124fc3e33a6146f/_/download/contextbatch/js/_super/batch.js?locale=en-US:2852:304) @ https://wiki.one.int.sap/wiki/s/92d2c4742cba354172eb1affa02efacd-CDN/-23x24x/9116/n2r6gc/1bfa1eaa8b04ae6d4124fc3e33a6146f/_/download/contextbatch/js/_super/batch.js?locale=en-US:2576
[    1288ms] [WARNING] DEPRECATED undefined - AJS.params has been deprecated since 9.0.0 and will be removed in 10.0.0.  
     at HTMLMetaElement.<anonymous> (https://wiki.one.int.sap/wiki/s/92d2c4742cba354172eb1affa02efacd-CDN/-23x24x/9116/n2r6gc/1bfa1eaa8b04ae6d4124fc3e33a6146f/_/download/contextbatch/js/_super/batch.js?locale=en-US:2852:304) @ https://wiki.one.int.sap/wiki/s/92d2c4742cba354172eb1affa02efacd-CDN/-23x24x/9116/n2r6gc/1bfa1eaa8b04ae6d4124fc3e33a6146f/_/download/contextbatch/js/_super/batch.js?locale=en-US:2576
[    1288ms] [WARNING] DEPRECATED undefined - AJS.params has been deprecated since 9.0.0 and will be removed in 10.0.0.  
     at HTMLMetaElement.<anonymous> (https://wiki.one.int.sap/wiki/s/92d2c4742cba354172eb1affa02efacd-CDN/-23x24x/9116/n2r6gc/1bfa1eaa8b04ae6d4124fc3e33a6146f/_/download/contextbatch/js/_super/batch.js?locale=en-US:2852:304) @ https://wiki.one.int.sap/wiki/s/92d2c4742cba354172eb1affa02efacd-CDN/-23x24x/9116/n2r6gc/1bfa1eaa8b04ae6d4124fc3e33a6146f/_/download/contextbatch/js/_super/batch.js?locale=en-US:2576
[    1288ms] [WARNING] DEPRECATED undefined - AJS.params has been deprecated since 9.0.0 and will be removed in 10.0.0.  
     at HTMLMetaElement.<anonymous> (https://wiki.one.int.sap/wiki/s/92d2c4742cba354172eb1affa02efacd-CDN/-23x24x/9116/n2r6gc/1bfa1eaa8b04ae6d4124fc3e33a6146f/_/download/contextbatch/js/_super/batch.js?locale=en-US:2852:304) @ https://wiki.one.int.sap/wiki/s/92d2c4742cba354172eb1affa02efacd-CDN/-23x24x/9116/n2r6gc/1bfa1eaa8b04ae6d4124fc3e33a6146f/_/download/contextbatch/js/_super/batch.js?locale=en-US:2576
[    1289ms] [WARNING] DEPRECATED undefined - AJS.params has been deprecated since 9.0.0 and will be removed in 10.0.0.  
     at HTMLMetaElement.<anonymous> (https://wiki.one.int.sap/wiki/s/92d2c4742cba354172eb1affa02efacd-CDN/-23x24x/9116/n2r6gc/1bfa1eaa8b04ae6d4124fc3e33a6146f/_/download/contextbatch/js/_super/batch.js?locale=en-US:2852:304) @ https://wiki.one.int.sap/wiki/s/92d2c4742cba354172eb1affa02efacd-CDN/-23x24x/9116/n2r6gc/1bfa1eaa8b04ae6d4124fc3e33a6146f/_/download/contextbatch/js/_super/batch.js?locale=en-US:2576
[    1289ms] [WARNING] DEPRECATED undefined - AJS.params has been deprecated since 9.0.0 and will be removed in 10.0.0.  
     at HTMLMetaElement.<anonymous> (https://wiki.one.int.sap/wiki/s/92d2c4742cba354172eb1affa02efacd-CDN/-23x24x/9116/n2r6gc/1bfa1eaa8b04ae6d4124fc3e33a6146f/_/download/contextbatch/js/_super/batch.js?locale=en-US:2852:304) @ https://wiki.one.int.sap/wiki/s/92d2c4742cba354172eb1affa02efacd-CDN/-23x24x/9116/n2r6gc/1bfa1eaa8b04ae6d4124fc3e33a6146f/_/download/contextbatch/js/_super/batch.js?locale=en-US:2576
[    1289ms] [WARNING] DEPRECATED undefined - AJS.params has been deprecated since 9.0.0 and will be removed in 10.0.0.  
     at HTMLMetaElement.<anonymous> (https://wiki.one.int.sap/wiki/s/92d2c4742cba354172eb1affa02efacd-CDN/-23x24x/9116/n2r6gc/1bfa1eaa8b04ae6d4124fc3e33a6146f/_/download/contextbatch/js/_super/batch.js?locale=en-US:2852:304) @ https://wiki.one.int.sap/wiki/s/92d2c4742cba354172eb1affa02efacd-CDN/-23x24x/9116/n2r6gc/1bfa1eaa8b04ae6d4124fc3e33a6146f/_/download/contextbatch/js/_super/batch.js?locale=en-US:2576
[    1289ms] [WARNING] DEPRECATED undefined - AJS.params has been deprecated since 9.0.0 and will be removed in 10.0.0.  
     at HTMLMetaElement.<anonymous> (https://wiki.one.int.sap/wiki/s/92d2c4742cba354172eb1affa02efacd-CDN/-23x24x/9116/n2r6gc/1bfa1eaa8b04ae6d4124fc3e33a6146f/_/download/contextbatch/js/_super/batch.js?locale=en-US:2852:304) @ https://wiki.one.int.sap/wiki/s/92d2c4742cba354172eb1affa02efacd-CDN/-23x24x/9116/n2r6gc/1bfa1eaa8b04ae6d4124fc3e33a6146f/_/download/contextbatch/js/_super/batch.js?locale=en-US:2576
[    1289ms] [WARNING] DEPRECATED undefined - AJS.params has been deprecated since 9.0.0 and will be removed in 10.0.0.  
     at HTMLMetaElement.<anonymous> (https://wiki.one.int.sap/wiki/s/92d2c4742cba354172eb1affa02efacd-CDN/-23x24x/9116/n2r6gc/1bfa1eaa8b04ae6d4124fc3e33a6146f/_/download/contextbatch/js/_super/batch.js?locale=en-US:2852:304) @ https://wiki.one.int.sap/wiki/s/92d2c4742cba354172eb1affa02efacd-CDN/-23x24x/9116/n2r6gc/1bfa1eaa8b04ae6d4124fc3e33a6146f/_/download/contextbatch/js/_super/batch.js?locale=en-US:2576
[    1289ms] [WARNING] DEPRECATED undefined - AJS.params has been deprecated since 9.0.0 and will be removed in 10.0.0.  
     at HTMLMetaElement.<anonymous> (https://wiki.one.int.sap/wiki/s/92d2c4742cba354172eb1affa02efacd-CDN/-23x24x/9116/n2r6gc/1bfa1eaa8b04ae6d4124fc3e33a6146f/_/download/contextbatch/js/_super/batch.js?locale=en-US:2852:304) @ https://wiki.one.int.sap/wiki/s/92d2c4742cba354172eb1affa02efacd-CDN/-23x24x/9116/n2r6gc/1bfa1eaa8b04ae6d4124fc3e33a6146f/_/download/contextbatch/js/_super/batch.js?locale=en-US:2576
[    1289ms] [WARNING] DEPRECATED undefined - AJS.params has been deprecated since 9.0.0 and will be removed in 10.0.0.  
     at HTMLMetaElement.<anonymous> (https://wiki.one.int.sap/wiki/s/92d2c4742cba354172eb1affa02efacd-CDN/-23x24x/9116/n2r6gc/1bfa1eaa8b04ae6d4124fc3e33a6146f/_/download/contextbatch/js/_super/batch.js?locale=en-US:2852:304) @ https://wiki.one.int.sap/wiki/s/92d2c4742cba354172eb1affa02efacd-CDN/-23x24x/9116/n2r6gc/1bfa1eaa8b04ae6d4124fc3e33a6146f/_/download/contextbatch/js/_super/batch.js?locale=en-US:2576
[    1289ms] [WARNING] DEPRECATED undefined - AJS.params has been deprecated since 9.0.0 and will be removed in 10.0.0.  
     at HTMLMetaElement.<anonymous> (https://wiki.one.int.sap/wiki/s/92d2c4742cba354172eb1affa02efacd-CDN/-23x24x/9116/n2r6gc/1bfa1eaa8b04ae6d4124fc3e33a6146f/_/download/contextbatch/js/_super/batch.js?locale=en-US:2852:304) @ https://wiki.one.int.sap/wiki/s/92d2c4742cba354172eb1affa02efacd-CDN/-23x24x/9116/n2r6gc/1bfa1eaa8b04ae6d4124fc3e33a6146f/_/download/contextbatch/js/_super/batch.js?locale=en-US:2576
[    1289ms] [WARNING] DEPRECATED undefined - AJS.params has been deprecated since 9.0.0 and will be removed in 10.0.0.  
     at HTMLMetaElement.<anonymous> (https://wiki.one.int.sap/wiki/s/92d2c4742cba354172eb1affa02efacd-CDN/-23x24x/9116/n2r6gc/1bfa1eaa8b04ae6d4124fc3e33a6146f/_/download/contextbatch/js/_super/batch.js?locale=en-US:2852:304) @ https://wiki.one.int.sap/wiki/s/92d2c4742cba354172eb1affa02efacd-CDN/-23x24x/9116/n2r6gc/1bfa1eaa8b04ae6d4124fc3e33a6146f/_/download/contextbatch/js/_super/batch.js?locale=en-US:2576
[    1289ms] [WARNING] DEPRECATED undefined - AJS.params has been deprecated since 9.0.0 and will be removed in 10.0.0.  
     at HTMLMetaElement.<anonymous> (https://wiki.one.int.sap/wiki/s/92d2c4742cba354172eb1affa02efacd-CDN/-23x24x/9116/n2r6gc/1bfa1eaa8b04ae6d4124fc3e33a6146f/_/download/contextbatch/js/_super/batch.js?locale=en-US:2852:304) @ https://wiki.one.int.sap/wiki/s/92d2c4742cba354172eb1affa02efacd-CDN/-23x24x/9116/n2r6gc/1bfa1eaa8b04ae6d4124fc3e33a6146f/_/download/contextbatch/js/_super/batch.js?locale=en-US:2576
[    1289ms] [WARNING] DEPRECATED undefined - AJS.params has been deprecated since 9.0.0 and will be removed in 10.0.0.  
     at HTMLMetaElement.<anonymous> (https://wiki.one.int.sap/wiki/s/92d2c4742cba354172eb1affa02efacd-CDN/-23x24x/9116/n2r6gc/1bfa1eaa8b04ae6d4124fc3e33a6146f/_/download/contextbatch/js/_super/batch.js?locale=en-US:2852:304) @ https://wiki.one.int.sap/wiki/s/92d2c4742cba354172eb1affa02efacd-CDN/-23x24x/9116/n2r6gc/1bfa1eaa8b04ae6d4124fc3e33a6146f/_/download/contextbatch/js/_super/batch.js?locale=en-US:2576
[    1289ms] [WARNING] DEPRECATED undefined - AJS.params has been deprecated since 9.0.0 and will be removed in 10.0.0.  
     at HTMLMetaElement.<anonymous> (https://wiki.one.int.sap/wiki/s/92d2c4742cba354172eb1affa02efacd-CDN/-23x24x/9116/n2r6gc/1bfa1eaa8b04ae6d4124fc3e33a6146f/_/download/contextbatch/js/_super/batch.js?locale=en-US:2852:304) @ https://wiki.one.int.sap/wiki/s/92d2c4742cba354172eb1affa02efacd-CDN/-23x24x/9116/n2r6gc/1bfa1eaa8b04ae6d4124fc3e33a6146f/_/download/contextbatch/js/_super/batch.js?locale=en-US:2576
[    1289ms] [WARNING] DEPRECATED undefined - AJS.params has been deprecated since 9.0.0 and will be removed in 10.0.0.  
     at HTMLMetaElement.<anonymous> (https://wiki.one.int.sap/wiki/s/92d2c4742cba354172eb1affa02efacd-CDN/-23x24x/9116/n2r6gc/1bfa1eaa8b04ae6d4124fc3e33a6146f/_/download/contextbatch/js/_super/batch.js?locale=en-US:2852:304) @ https://wiki.one.int.sap/wiki/s/92d2c4742cba354172eb1affa02efacd-CDN/-23x24x/9116/n2r6gc/1bfa1eaa8b04ae6d4124fc3e33a6146f/_/download/contextbatch/js/_super/batch.js?locale=en-US:2576
[    1289ms] [WARNING] DEPRECATED undefined - AJS.params has been deprecated since 9.0.0 and will be removed in 10.0.0.  
     at HTMLMetaElement.<anonymous> (https://wiki.one.int.sap/wiki/s/92d2c4742cba354172eb1affa02efacd-CDN/-23x24x/9116/n2r6gc/1bfa1eaa8b04ae6d4124fc3e33a6146f/_/download/contextbatch/js/_super/batch.js?locale=en-US:2852:304) @ https://wiki.one.int.sap/wiki/s/92d2c4742cba354172eb1affa02efacd-CDN/-23x24x/9116/n2r6gc/1bfa1eaa8b04ae6d4124fc3e33a6146f/_/download/contextbatch/js/_super/batch.js?locale=en-US:2576
[    1289ms] [WARNING] DEPRECATED undefined - AJS.params has been deprecated since 9.0.0 and will be removed in 10.0.0.  
     at HTMLMetaElement.<anonymous> (https://wiki.one.int.sap/wiki/s/92d2c4742cba354172eb1affa02efacd-CDN/-23x24x/9116/n2r6gc/1bfa1eaa8b04ae6d4124fc3e33a6146f/_/download/contextbatch/js/_super/batch.js?locale=en-US:2852:304) @ https://wiki.one.int.sap/wiki/s/92d2c4742cba354172eb1affa02efacd-CDN/-23x24x/9116/n2r6gc/1bfa1eaa8b04ae6d4124fc3e33a6146f/_/download/contextbatch/js/_super/batch.js?locale=en-US:2576
[    1289ms] [WARNING] DEPRECATED undefined - AJS.params has been deprecated since 9.0.0 and will be removed in 10.0.0.  
     at HTMLMetaElement.<anonymous> (https://wiki.one.int.sap/wiki/s/92d2c4742cba354172eb1affa02efacd-CDN/-23x24x/9116/n2r6gc/1bfa1eaa8b04ae6d4124fc3e33a6146f/_/download/contextbatch/js/_super/batch.js?locale=en-US:2852:304) @ https://wiki.one.int.sap/wiki/s/92d2c4742cba354172eb1affa02efacd-CDN/-23x24x/9116/n2r6gc/1bfa1eaa8b04ae6d4124fc3e33a6146f/_/download/contextbatch/js/_super/batch.js?locale=en-US:2576
[    1289ms] [WARNING] DEPRECATED undefined - AJS.params has been deprecated since 9.0.0 and will be removed in 10.0.0.  
     at HTMLMetaElement.<anonymous> (https://wiki.one.int.sap/wiki/s/92d2c4742cba354172eb1affa02efacd-CDN/-23x24x/9116/n2r6gc/1bfa1eaa8b04ae6d4124fc3e33a6146f/_/download/contextbatch/js/_super/batch.js?locale=en-US:2852:304) @ https://wiki.one.int.sap/wiki/s/92d2c4742cba354172eb1affa02efacd-CDN/-23x24x/9116/n2r6gc/1bfa1eaa8b04ae6d4124fc3e33a6146f/_/download/contextbatch/js/_super/batch.js?locale=en-US:2576
[    1289ms] [WARNING] DEPRECATED undefined - AJS.params has been deprecated since 9.0.0 and will be removed in 10.0.0.  
     at HTMLMetaElement.<anonymous> (https://wiki.one.int.sap/wiki/s/92d2c4742cba354172eb1affa02efacd-CDN/-23x24x/9116/n2r6gc/1bfa1eaa8b04ae6d4124fc3e33a6146f/_/download/contextbatch/js/_super/batch.js?locale=en-US:2852:304) @ https://wiki.one.int.sap/wiki/s/92d2c4742cba354172eb1affa02efacd-CDN/-23x24x/9116/n2r6gc/1bfa1eaa8b04ae6d4124fc3e33a6146f/_/download/contextbatch/js/_super/batch.js?locale=en-US:2576
[    1289ms] [WARNING] DEPRECATED undefined - AJS.params has been deprecated since 9.0.0 and will be removed in 10.0.0.  
     at HTMLMetaElement.<anonymous> (https://wiki.one.int.sap/wiki/s/92d2c4742cba354172eb1affa02efacd-CDN/-23x24x/9116/n2r6gc/1bfa1eaa8b04ae6d4124fc3e33a6146f/_/download/contextbatch/js/_super/batch.js?locale=en-US:2852:304) @ https://wiki.one.int.sap/wiki/s/92d2c4742cba354172eb1affa02efacd-CDN/-23x24x/9116/n2r6gc/1bfa1eaa8b04ae6d4124fc3e33a6146f/_/download/contextbatch/js/_super/batch.js?locale=en-US:2576
[    1289ms] [WARNING] DEPRECATED undefined - AJS.params has been deprecated since 9.0.0 and will be removed in 10.0.0.  
     at HTMLMetaElement.<anonymous> (https://wiki.one.int.sap/wiki/s/92d2c4742cba354172eb1affa02efacd-CDN/-23x24x/9116/n2r6gc/1bfa1eaa8b04ae6d4124fc3e33a6146f/_/download/contextbatch/js/_super/batch.js?locale=en-US:2852:304) @ https://wiki.one.int.sap/wiki/s/92d2c4742cba354172eb1affa02efacd-CDN/-23x24x/9116/n2r6gc/1bfa1eaa8b04ae6d4124fc3e33a6146f/_/download/contextbatch/js/_super/batch.js?locale=en-US:2576
[    1289ms] [WARNING] DEPRECATED undefined - AJS.params has been deprecated since 9.0.0 and will be removed in 10.0.0.  
     at HTMLMetaElement.<anonymous> (https://wiki.one.int.sap/wiki/s/92d2c4742cba354172eb1affa02efacd-CDN/-23x24x/9116/n2r6gc/1bfa1eaa8b04ae6d4124fc3e33a6146f/_/download/contextbatch/js/_super/batch.js?locale=en-US:2852:304) @ https://wiki.one.int.sap/wiki/s/92d2c4742cba354172eb1affa02efacd-CDN/-23x24x/9116/n2r6gc/1bfa1eaa8b04ae6d4124fc3e33a6146f/_/download/contextbatch/js/_super/batch.js?locale=en-US:2576
[    1289ms] [WARNING] DEPRECATED undefined - AJS.params has been deprecated since 9.0.0 and will be removed in 10.0.0.  
     at HTMLMetaElement.<anonymous> (https://wiki.one.int.sap/wiki/s/92d2c4742cba354172eb1affa02efacd-CDN/-23x24x/9116/n2r6gc/1bfa1eaa8b04ae6d4124fc3e33a6146f/_/download/contextbatch/js/_super/batch.js?locale=en-US:2852:304) @ https://wiki.one.int.sap/wiki/s/92d2c4742cba354172eb1affa02efacd-CDN/-23x24x/9116/n2r6gc/1bfa1eaa8b04ae6d4124fc3e33a6146f/_/download/contextbatch/js/_super/batch.js?locale=en-US:2576
[    1289ms] [WARNING] DEPRECATED undefined - AJS.params has been deprecated since 9.0.0 and will be removed in 10.0.0.  
     at HTMLMetaElement.<anonymous> (https://wiki.one.int.sap/wiki/s/92d2c4742cba354172eb1affa02efacd-CDN/-23x24x/9116/n2r6gc/1bfa1eaa8b04ae6d4124fc3e33a6146f/_/download/contextbatch/js/_super/batch.js?locale=en-US:2852:304) @ https://wiki.one.int.sap/wiki/s/92d2c4742cba354172eb1affa02efacd-CDN/-23x24x/9116/n2r6gc/1bfa1eaa8b04ae6d4124fc3e33a6146f/_/download/contextbatch/js/_super/batch.js?locale=en-US:2576
[    1289ms] [WARNING] DEPRECATED undefined - AJS.params has been deprecated since 9.0.0 and will be removed in 10.0.0.  
     at HTMLMetaElement.<anonymous> (https://wiki.one.int.sap/wiki/s/92d2c4742cba354172eb1affa02efacd-CDN/-23x24x/9116/n2r6gc/1bfa1eaa8b04ae6d4124fc3e33a6146f/_/download/contextbatch/js/_super/batch.js?locale=en-US:2852:304) @ https://wiki.one.int.sap/wiki/s/92d2c4742cba354172eb1affa02efacd-CDN/-23x24x/9116/n2r6gc/1bfa1eaa8b04ae6d4124fc3e33a6146f/_/download/contextbatch/js/_super/batch.js?locale=en-US:2576
[    1289ms] [WARNING] DEPRECATED undefined - AJS.params has been deprecated since 9.0.0 and will be removed in 10.0.0.  
     at HTMLMetaElement.<anonymous> (https://wiki.one.int.sap/wiki/s/92d2c4742cba354172eb1affa02efacd-CDN/-23x24x/9116/n2r6gc/1bfa1eaa8b04ae6d4124fc3e33a6146f/_/download/contextbatch/js/_super/batch.js?locale=en-US:2852:304) @ https://wiki.one.int.sap/wiki/s/92d2c4742cba354172eb1affa02efacd-CDN/-23x24x/9116/n2r6gc/1bfa1eaa8b04ae6d4124fc3e33a6146f/_/download/contextbatch/js/_super/batch.js?locale=en-US:2576
[    1289ms] [WARNING] DEPRECATED undefined - AJS.params has been deprecated since 9.0.0 and will be removed in 10.0.0.  
     at HTMLMetaElement.<anonymous> (https://wiki.one.int.sap/wiki/s/92d2c4742cba354172eb1affa02efacd-CDN/-23x24x/9116/n2r6gc/1bfa1eaa8b04ae6d4124fc3e33a6146f/_/download/contextbatch/js/_super/batch.js?locale=en-US:2852:304) @ https://wiki.one.int.sap/wiki/s/92d2c4742cba354172eb1affa02efacd-CDN/-23x24x/9116/n2r6gc/1bfa1eaa8b04ae6d4124fc3e33a6146f/_/download/contextbatch/js/_super/batch.js?locale=en-US:2576
[    1290ms] [WARNING] DEPRECATED undefined - AJS.params has been deprecated since 9.0.0 and will be removed in 10.0.0.  
     at HTMLMetaElement.<anonymous> (https://wiki.one.int.sap/wiki/s/92d2c4742cba354172eb1affa02efacd-CDN/-23x24x/9116/n2r6gc/1bfa1eaa8b04ae6d4124fc3e33a6146f/_/download/contextbatch/js/_super/batch.js?locale=en-US:2852:304) @ https://wiki.one.int.sap/wiki/s/92d2c4742cba354172eb1affa02efacd-CDN/-23x24x/9116/n2r6gc/1bfa1eaa8b04ae6d4124fc3e33a6146f/_/download/contextbatch/js/_super/batch.js?locale=en-US:2576
[    1290ms] [WARNING] DEPRECATED undefined - AJS.params has been deprecated since 9.0.0 and will be removed in 10.0.0.  
     at HTMLMetaElement.<anonymous> (https://wiki.one.int.sap/wiki/s/92d2c4742cba354172eb1affa02efacd-CDN/-23x24x/9116/n2r6gc/1bfa1eaa8b04ae6d4124fc3e33a6146f/_/download/contextbatch/js/_super/batch.js?locale=en-US:2852:304) @ https://wiki.one.int.sap/wiki/s/92d2c4742cba354172eb1affa02efacd-CDN/-23x24x/9116/n2r6gc/1bfa1eaa8b04ae6d4124fc3e33a6146f/_/download/contextbatch/js/_super/batch.js?locale=en-US:2576
[    1290ms] [WARNING] DEPRECATED undefined - AJS.params has been deprecated since 9.0.0 and will be removed in 10.0.0.  
     at HTMLMetaElement.<anonymous> (https://wiki.one.int.sap/wiki/s/92d2c4742cba354172eb1affa02efacd-CDN/-23x24x/9116/n2r6gc/1bfa1eaa8b04ae6d4124fc3e33a6146f/_/download/contextbatch/js/_super/batch.js?locale=en-US:2852:304) @ https://wiki.one.int.sap/wiki/s/92d2c4742cba354172eb1affa02efacd-CDN/-23x24x/9116/n2r6gc/1bfa1eaa8b04ae6d4124fc3e33a6146f/_/download/contextbatch/js/_super/batch.js?locale=en-US:2576
[    1290ms] [WARNING] DEPRECATED undefined - AJS.params has been deprecated since 9.0.0 and will be removed in 10.0.0.  
     at HTMLMetaElement.<anonymous> (https://wiki.one.int.sap/wiki/s/92d2c4742cba354172eb1affa02efacd-CDN/-23x24x/9116/n2r6gc/1bfa1eaa8b04ae6d4124fc3e33a6146f/_/download/contextbatch/js/_super/batch.js?locale=en-US:2852:304) @ https://wiki.one.int.sap/wiki/s/92d2c4742cba354172eb1affa02efacd-CDN/-23x24x/9116/n2r6gc/1bfa1eaa8b04ae6d4124fc3e33a6146f/_/download/contextbatch/js/_super/batch.js?locale=en-US:2576
[    1290ms] [WARNING] DEPRECATED undefined - AJS.params has been deprecated since 9.0.0 and will be removed in 10.0.0.  
     at HTMLMetaElement.<anonymous> (https://wiki.one.int.sap/wiki/s/92d2c4742cba354172eb1affa02efacd-CDN/-23x24x/9116/n2r6gc/1bfa1eaa8b04ae6d4124fc3e33a6146f/_/download/contextbatch/js/_super/batch.js?locale=en-US:2852:304) @ https://wiki.one.int.sap/wiki/s/92d2c4742cba354172eb1affa02efacd-CDN/-23x24x/9116/n2r6gc/1bfa1eaa8b04ae6d4124fc3e33a6146f/_/download/contextbatch/js/_super/batch.js?locale=en-US:2576
[    1290ms] [WARNING] DEPRECATED undefined - AJS.params has been deprecated since 9.0.0 and will be removed in 10.0.0.  
     at HTMLMetaElement.<anonymous> (https://wiki.one.int.sap/wiki/s/92d2c4742cba354172eb1affa02efacd-CDN/-23x24x/9116/n2r6gc/1bfa1eaa8b04ae6d4124fc3e33a6146f/_/download/contextbatch/js/_super/batch.js?locale=en-US:2852:304) @ https://wiki.one.int.sap/wiki/s/92d2c4742cba354172eb1affa02efacd-CDN/-23x24x/9116/n2r6gc/1bfa1eaa8b04ae6d4124fc3e33a6146f/_/download/contextbatch/js/_super/batch.js?locale=en-US:2576
[    1290ms] [WARNING] DEPRECATED undefined - AJS.params has been deprecated since 9.0.0 and will be removed in 10.0.0.  
     at HTMLMetaElement.<anonymous> (https://wiki.one.int.sap/wiki/s/92d2c4742cba354172eb1affa02efacd-CDN/-23x24x/9116/n2r6gc/1bfa1eaa8b04ae6d4124fc3e33a6146f/_/download/contextbatch/js/_super/batch.js?locale=en-US:2852:304) @ https://wiki.one.int.sap/wiki/s/92d2c4742cba354172eb1affa02efacd-CDN/-23x24x/9116/n2r6gc/1bfa1eaa8b04ae6d4124fc3e33a6146f/_/download/contextbatch/js/_super/batch.js?locale=en-US:2576
[    1290ms] [WARNING] DEPRECATED undefined - AJS.params has been deprecated since 9.0.0 and will be removed in 10.0.0.  
     at HTMLMetaElement.<anonymous> (https://wiki.one.int.sap/wiki/s/92d2c4742cba354172eb1affa02efacd-CDN/-23x24x/9116/n2r6gc/1bfa1eaa8b04ae6d4124fc3e33a6146f/_/download/contextbatch/js/_super/batch.js?locale=en-US:2852:304) @ https://wiki.one.int.sap/wiki/s/92d2c4742cba354172eb1affa02efacd-CDN/-23x24x/9116/n2r6gc/1bfa1eaa8b04ae6d4124fc3e33a6146f/_/download/contextbatch/js/_super/batch.js?locale=en-US:2576
[    1290ms] [WARNING] DEPRECATED undefined - AJS.params has been deprecated since 9.0.0 and will be removed in 10.0.0.  
     at HTMLMetaElement.<anonymous> (https://wiki.one.int.sap/wiki/s/92d2c4742cba354172eb1affa02efacd-CDN/-23x24x/9116/n2r6gc/1bfa1eaa8b04ae6d4124fc3e33a6146f/_/download/contextbatch/js/_super/batch.js?locale=en-US:2852:304) @ https://wiki.one.int.sap/wiki/s/92d2c4742cba354172eb1affa02efacd-CDN/-23x24x/9116/n2r6gc/1bfa1eaa8b04ae6d4124fc3e33a6146f/_/download/contextbatch/js/_super/batch.js?locale=en-US:2576
[    1290ms] [WARNING] DEPRECATED undefined - AJS.params has been deprecated since 9.0.0 and will be removed in 10.0.0.  
     at HTMLMetaElement.<anonymous> (https://wiki.one.int.sap/wiki/s/92d2c4742cba354172eb1affa02efacd-CDN/-23x24x/9116/n2r6gc/1bfa1eaa8b04ae6d4124fc3e33a6146f/_/download/contextbatch/js/_super/batch.js?locale=en-US:2852:304) @ https://wiki.one.int.sap/wiki/s/92d2c4742cba354172eb1affa02efacd-CDN/-23x24x/9116/n2r6gc/1bfa1eaa8b04ae6d4124fc3e33a6146f/_/download/contextbatch/js/_super/batch.js?locale=en-US:2576
[    1290ms] [WARNING] DEPRECATED undefined - AJS.params has been deprecated since 9.0.0 and will be removed in 10.0.0.  
     at HTMLMetaElement.<anonymous> (https://wiki.one.int.sap/wiki/s/92d2c4742cba354172eb1affa02efacd-CDN/-23x24x/9116/n2r6gc/1bfa1eaa8b04ae6d4124fc3e33a6146f/_/download/contextbatch/js/_super/batch.js?locale=en-US:2852:304) @ https://wiki.one.int.sap/wiki/s/92d2c4742cba354172eb1affa02efacd-CDN/-23x24x/9116/n2r6gc/1bfa1eaa8b04ae6d4124fc3e33a6146f/_/download/contextbatch/js/_super/batch.js?locale=en-US:2576
[    1290ms] [WARNING] DEPRECATED undefined - AJS.params has been deprecated since 9.0.0 and will be removed in 10.0.0.  
     at HTMLMetaElement.<anonymous> (https://wiki.one.int.sap/wiki/s/92d2c4742cba354172eb1affa02efacd-CDN/-23x24x/9116/n2r6gc/1bfa1eaa8b04ae6d4124fc3e33a6146f/_/download/contextbatch/js/_super/batch.js?locale=en-US:2852:304) @ https://wiki.one.int.sap/wiki/s/92d2c4742cba354172eb1affa02efacd-CDN/-23x24x/9116/n2r6gc/1bfa1eaa8b04ae6d4124fc3e33a6146f/_/download/contextbatch/js/_super/batch.js?locale=en-US:2576
[    1290ms] [WARNING] DEPRECATED undefined - AJS.params has been deprecated since 9.0.0 and will be removed in 10.0.0.  
     at HTMLMetaElement.<anonymous> (https://wiki.one.int.sap/wiki/s/92d2c4742cba354172eb1affa02efacd-CDN/-23x24x/9116/n2r6gc/1bfa1eaa8b04ae6d4124fc3e33a6146f/_/download/contextbatch/js/_super/batch.js?locale=en-US:2852:304) @ https://wiki.one.int.sap/wiki/s/92d2c4742cba354172eb1affa02efacd-CDN/-23x24x/9116/n2r6gc/1bfa1eaa8b04ae6d4124fc3e33a6146f/_/download/contextbatch/js/_super/batch.js?locale=en-US:2576
[    1290ms] [WARNING] DEPRECATED undefined - AJS.params has been deprecated since 9.0.0 and will be removed in 10.0.0.  
     at HTMLMetaElement.<anonymous> (https://wiki.one.int.sap/wiki/s/92d2c4742cba354172eb1affa02efacd-CDN/-23x24x/9116/n2r6gc/1bfa1eaa8b04ae6d4124fc3e33a6146f/_/download/contextbatch/js/_super/batch.js?locale=en-US:2852:304) @ https://wiki.one.int.sap/wiki/s/92d2c4742cba354172eb1affa02efacd-CDN/-23x24x/9116/n2r6gc/1bfa1eaa8b04ae6d4124fc3e33a6146f/_/download/contextbatch/js/_super/batch.js?locale=en-US:2576
[    1290ms] [WARNING] DEPRECATED undefined - AJS.params has been deprecated since 9.0.0 and will be removed in 10.0.0.  
     at HTMLMetaElement.<anonymous> (https://wiki.one.int.sap/wiki/s/92d2c4742cba354172eb1affa02efacd-CDN/-23x24x/9116/n2r6gc/1bfa1eaa8b04ae6d4124fc3e33a6146f/_/download/contextbatch/js/_super/batch.js?locale=en-US:2852:304) @ https://wiki.one.int.sap/wiki/s/92d2c4742cba354172eb1affa02efacd-CDN/-23x24x/9116/n2r6gc/1bfa1eaa8b04ae6d4124fc3e33a6146f/_/download/contextbatch/js/_super/batch.js?locale=en-US:2576
[    1290ms] [WARNING] DEPRECATED undefined - AJS.params has been deprecated since 9.0.0 and will be removed in 10.0.0.  
     at HTMLMetaElement.<anonymous> (https://wiki.one.int.sap/wiki/s/92d2c4742cba354172eb1affa02efacd-CDN/-23x24x/9116/n2r6gc/1bfa1eaa8b04ae6d4124fc3e33a6146f/_/download/contextbatch/js/_super/batch.js?locale=en-US:2852:304) @ https://wiki.one.int.sap/wiki/s/92d2c4742cba354172eb1affa02efacd-CDN/-23x24x/9116/n2r6gc/1bfa1eaa8b04ae6d4124fc3e33a6146f/_/download/contextbatch/js/_super/batch.js?locale=en-US:2576
[    1290ms] [WARNING] DEPRECATED undefined - AJS.params has been deprecated since 9.0.0 and will be removed in 10.0.0.  
     at HTMLMetaElement.<anonymous> (https://wiki.one.int.sap/wiki/s/92d2c4742cba354172eb1affa02efacd-CDN/-23x24x/9116/n2r6gc/1bfa1eaa8b04ae6d4124fc3e33a6146f/_/download/contextbatch/js/_super/batch.js?locale=en-US:2852:304) @ https://wiki.one.int.sap/wiki/s/92d2c4742cba354172eb1affa02efacd-CDN/-23x24x/9116/n2r6gc/1bfa1eaa8b04ae6d4124fc3e33a6146f/_/download/contextbatch/js/_super/batch.js?locale=en-US:2576
[    1290ms] [WARNING] DEPRECATED undefined - AJS.params has been deprecated since 9.0.0 and will be removed in 10.0.0.  
     at HTMLMetaElement.<anonymous> (https://wiki.one.int.sap/wiki/s/92d2c4742cba354172eb1affa02efacd-CDN/-23x24x/9116/n2r6gc/1bfa1eaa8b04ae6d4124fc3e33a6146f/_/download/contextbatch/js/_super/batch.js?locale=en-US:2852:304) @ https://wiki.one.int.sap/wiki/s/92d2c4742cba354172eb1affa02efacd-CDN/-23x24x/9116/n2r6gc/1bfa1eaa8b04ae6d4124fc3e33a6146f/_/download/contextbatch/js/_super/batch.js?locale=en-US:2576
[    1290ms] [WARNING] DEPRECATED undefined - AJS.params has been deprecated since 9.0.0 and will be removed in 10.0.0.  
     at HTMLMetaElement.<anonymous> (https://wiki.one.int.sap/wiki/s/92d2c4742cba354172eb1affa02efacd-CDN/-23x24x/9116/n2r6gc/1bfa1eaa8b04ae6d4124fc3e33a6146f/_/download/contextbatch/js/_super/batch.js?locale=en-US:2852:304) @ https://wiki.one.int.sap/wiki/s/92d2c4742cba354172eb1affa02efacd-CDN/-23x24x/9116/n2r6gc/1bfa1eaa8b04ae6d4124fc3e33a6146f/_/download/contextbatch/js/_super/batch.js?locale=en-US:2576
[    1290ms] [WARNING] DEPRECATED undefined - AJS.params has been deprecated since 9.0.0 and will be removed in 10.0.0.  
     at HTMLMetaElement.<anonymous> (https://wiki.one.int.sap/wiki/s/92d2c4742cba354172eb1affa02efacd-CDN/-23x24x/9116/n2r6gc/1bfa1eaa8b04ae6d4124fc3e33a6146f/_/download/contextbatch/js/_super/batch.js?locale=en-US:2852:304) @ https://wiki.one.int.sap/wiki/s/92d2c4742cba354172eb1affa02efacd-CDN/-23x24x/9116/n2r6gc/1bfa1eaa8b04ae6d4124fc3e33a6146f/_/download/contextbatch/js/_super/batch.js?locale=en-US:2576
[    1291ms] [WARNING] DEPRECATED undefined - AJS.params has been deprecated since 9.0.0 and will be removed in 10.0.0.  
     at HTMLMetaElement.<anonymous> (https://wiki.one.int.sap/wiki/s/92d2c4742cba354172eb1affa02efacd-CDN/-23x24x/9116/n2r6gc/1bfa1eaa8b04ae6d4124fc3e33a6146f/_/download/contextbatch/js/_super/batch.js?locale=en-US:2852:304) @ https://wiki.one.int.sap/wiki/s/92d2c4742cba354172eb1affa02efacd-CDN/-23x24x/9116/n2r6gc/1bfa1eaa8b04ae6d4124fc3e33a6146f/_/download/contextbatch/js/_super/batch.js?locale=en-US:2576
[    1291ms] [WARNING] DEPRECATED undefined - AJS.params has been deprecated since 9.0.0 and will be removed in 10.0.0.  
     at HTMLMetaElement.<anonymous> (https://wiki.one.int.sap/wiki/s/92d2c4742cba354172eb1affa02efacd-CDN/-23x24x/9116/n2r6gc/1bfa1eaa8b04ae6d4124fc3e33a6146f/_/download/contextbatch/js/_super/batch.js?locale=en-US:2852:304) @ https://wiki.one.int.sap/wiki/s/92d2c4742cba354172eb1affa02efacd-CDN/-23x24x/9116/n2r6gc/1bfa1eaa8b04ae6d4124fc3e33a6146f/_/download/contextbatch/js/_super/batch.js?locale=en-US:2576
[    1291ms] [WARNING] DEPRECATED undefined - AJS.params has been deprecated since 9.0.0 and will be removed in 10.0.0.  
     at HTMLMetaElement.<anonymous> (https://wiki.one.int.sap/wiki/s/92d2c4742cba354172eb1affa02efacd-CDN/-23x24x/9116/n2r6gc/1bfa1eaa8b04ae6d4124fc3e33a6146f/_/download/contextbatch/js/_super/batch.js?locale=en-US:2852:304) @ https://wiki.one.int.sap/wiki/s/92d2c4742cba354172eb1affa02efacd-CDN/-23x24x/9116/n2r6gc/1bfa1eaa8b04ae6d4124fc3e33a6146f/_/download/contextbatch/js/_super/batch.js?locale=en-US:2576
[    1291ms] [WARNING] DEPRECATED undefined - AJS.params has been deprecated since 9.0.0 and will be removed in 10.0.0.  
     at HTMLMetaElement.<anonymous> (https://wiki.one.int.sap/wiki/s/92d2c4742cba354172eb1affa02efacd-CDN/-23x24x/9116/n2r6gc/1bfa1eaa8b04ae6d4124fc3e33a6146f/_/download/contextbatch/js/_super/batch.js?locale=en-US:2852:304) @ https://wiki.one.int.sap/wiki/s/92d2c4742cba354172eb1affa02efacd-CDN/-23x24x/9116/n2r6gc/1bfa1eaa8b04ae6d4124fc3e33a6146f/_/download/contextbatch/js/_super/batch.js?locale=en-US:2576
[    1291ms] [WARNING] DEPRECATED undefined - AJS.params has been deprecated since 9.0.0 and will be removed in 10.0.0.  
     at HTMLMetaElement.<anonymous> (https://wiki.one.int.sap/wiki/s/92d2c4742cba354172eb1affa02efacd-CDN/-23x24x/9116/n2r6gc/1bfa1eaa8b04ae6d4124fc3e33a6146f/_/download/contextbatch/js/_super/batch.js?locale=en-US:2852:304) @ https://wiki.one.int.sap/wiki/s/92d2c4742cba354172eb1affa02efacd-CDN/-23x24x/9116/n2r6gc/1bfa1eaa8b04ae6d4124fc3e33a6146f/_/download/contextbatch/js/_super/batch.js?locale=en-US:2576
[    1291ms] [WARNING] DEPRECATED undefined - AJS.params has been deprecated since 9.0.0 and will be removed in 10.0.0.  
     at HTMLMetaElement.<anonymous> (https://wiki.one.int.sap/wiki/s/92d2c4742cba354172eb1affa02efacd-CDN/-23x24x/9116/n2r6gc/1bfa1eaa8b04ae6d4124fc3e33a6146f/_/download/contextbatch/js/_super/batch.js?locale=en-US:2852:304) @ https://wiki.one.int.sap/wiki/s/92d2c4742cba354172eb1affa02efacd-CDN/-23x24x/9116/n2r6gc/1bfa1eaa8b04ae6d4124fc3e33a6146f/_/download/contextbatch/js/_super/batch.js?locale=en-US:2576
[    1291ms] [WARNING] DEPRECATED undefined - AJS.params has been deprecated since 9.0.0 and will be removed in 10.0.0.  
     at HTMLMetaElement.<anonymous> (https://wiki.one.int.sap/wiki/s/92d2c4742cba354172eb1affa02efacd-CDN/-23x24x/9116/n2r6gc/1bfa1eaa8b04ae6d4124fc3e33a6146f/_/download/contextbatch/js/_super/batch.js?locale=en-US:2852:304) @ https://wiki.one.int.sap/wiki/s/92d2c4742cba354172eb1affa02efacd-CDN/-23x24x/9116/n2r6gc/1bfa1eaa8b04ae6d4124fc3e33a6146f/_/download/contextbatch/js/_super/batch.js?locale=en-US:2576
[    1291ms] [WARNING] DEPRECATED undefined - AJS.params has been deprecated since 9.0.0 and will be removed in 10.0.0.  
     at HTMLMetaElement.<anonymous> (https://wiki.one.int.sap/wiki/s/92d2c4742cba354172eb1affa02efacd-CDN/-23x24x/9116/n2r6gc/1bfa1eaa8b04ae6d4124fc3e33a6146f/_/download/contextbatch/js/_super/batch.js?locale=en-US:2852:304) @ https://wiki.one.int.sap/wiki/s/92d2c4742cba354172eb1affa02efacd-CDN/-23x24x/9116/n2r6gc/1bfa1eaa8b04ae6d4124fc3e33a6146f/_/download/contextbatch/js/_super/batch.js?locale=en-US:2576
[    1291ms] [WARNING] DEPRECATED undefined - AJS.params has been deprecated since 9.0.0 and will be removed in 10.0.0.  
     at HTMLMetaElement.<anonymous> (https://wiki.one.int.sap/wiki/s/92d2c4742cba354172eb1affa02efacd-CDN/-23x24x/9116/n2r6gc/1bfa1eaa8b04ae6d4124fc3e33a6146f/_/download/contextbatch/js/_super/batch.js?locale=en-US:2852:304) @ https://wiki.one.int.sap/wiki/s/92d2c4742cba354172eb1affa02efacd-CDN/-23x24x/9116/n2r6gc/1bfa1eaa8b04ae6d4124fc3e33a6146f/_/download/contextbatch/js/_super/batch.js?locale=en-US:2576
[    1291ms] [WARNING] DEPRECATED undefined - AJS.params has been deprecated since 9.0.0 and will be removed in 10.0.0.  
     at HTMLMetaElement.<anonymous> (https://wiki.one.int.sap/wiki/s/92d2c4742cba354172eb1affa02efacd-CDN/-23x24x/9116/n2r6gc/1bfa1eaa8b04ae6d4124fc3e33a6146f/_/download/contextbatch/js/_super/batch.js?locale=en-US:2852:304) @ https://wiki.one.int.sap/wiki/s/92d2c4742cba354172eb1affa02efacd-CDN/-23x24x/9116/n2r6gc/1bfa1eaa8b04ae6d4124fc3e33a6146f/_/download/contextbatch/js/_super/batch.js?locale=en-US:2576
[    1291ms] [WARNING] DEPRECATED undefined - AJS.params has been deprecated since 9.0.0 and will be removed in 10.0.0.  
     at HTMLMetaElement.<anonymous> (https://wiki.one.int.sap/wiki/s/92d2c4742cba354172eb1affa02efacd-CDN/-23x24x/9116/n2r6gc/1bfa1eaa8b04ae6d4124fc3e33a6146f/_/download/contextbatch/js/_super/batch.js?locale=en-US:2852:304) @ https://wiki.one.int.sap/wiki/s/92d2c4742cba354172eb1affa02efacd-CDN/-23x24x/9116/n2r6gc/1bfa1eaa8b04ae6d4124fc3e33a6146f/_/download/contextbatch/js/_super/batch.js?locale=en-US:2576
[    1291ms] [WARNING] DEPRECATED undefined - AJS.params has been deprecated since 9.0.0 and will be removed in 10.0.0.  
     at HTMLMetaElement.<anonymous> (https://wiki.one.int.sap/wiki/s/92d2c4742cba354172eb1affa02efacd-CDN/-23x24x/9116/n2r6gc/1bfa1eaa8b04ae6d4124fc3e33a6146f/_/download/contextbatch/js/_super/batch.js?locale=en-US:2852:304) @ https://wiki.one.int.sap/wiki/s/92d2c4742cba354172eb1affa02efacd-CDN/-23x24x/9116/n2r6gc/1bfa1eaa8b04ae6d4124fc3e33a6146f/_/download/contextbatch/js/_super/batch.js?locale=en-US:2576
[    1291ms] [WARNING] DEPRECATED undefined - AJS.params has been deprecated since 9.0.0 and will be removed in 10.0.0.  
     at HTMLMetaElement.<anonymous> (https://wiki.one.int.sap/wiki/s/92d2c4742cba354172eb1affa02efacd-CDN/-23x24x/9116/n2r6gc/1bfa1eaa8b04ae6d4124fc3e33a6146f/_/download/contextbatch/js/_super/batch.js?locale=en-US:2852:304) @ https://wiki.one.int.sap/wiki/s/92d2c4742cba354172eb1affa02efacd-CDN/-23x24x/9116/n2r6gc/1bfa1eaa8b04ae6d4124fc3e33a6146f/_/download/contextbatch/js/_super/batch.js?locale=en-US:2576
[    1291ms] [WARNING] DEPRECATED undefined - AJS.params has been deprecated since 9.0.0 and will be removed in 10.0.0.  
     at HTMLMetaElement.<anonymous> (https://wiki.one.int.sap/wiki/s/92d2c4742cba354172eb1affa02efacd-CDN/-23x24x/9116/n2r6gc/1bfa1eaa8b04ae6d4124fc3e33a6146f/_/download/contextbatch/js/_super/batch.js?locale=en-US:2852:304) @ https://wiki.one.int.sap/wiki/s/92d2c4742cba354172eb1affa02efacd-CDN/-23x24x/9116/n2r6gc/1bfa1eaa8b04ae6d4124fc3e33a6146f/_/download/contextbatch/js/_super/batch.js?locale=en-US:2576
[    1291ms] [WARNING] DEPRECATED undefined - AJS.params has been deprecated since 9.0.0 and will be removed in 10.0.0.  
     at HTMLMetaElement.<anonymous> (https://wiki.one.int.sap/wiki/s/92d2c4742cba354172eb1affa02efacd-CDN/-23x24x/9116/n2r6gc/1bfa1eaa8b04ae6d4124fc3e33a6146f/_/download/contextbatch/js/_super/batch.js?locale=en-US:2852:304) @ https://wiki.one.int.sap/wiki/s/92d2c4742cba354172eb1affa02efacd-CDN/-23x24x/9116/n2r6gc/1bfa1eaa8b04ae6d4124fc3e33a6146f/_/download/contextbatch/js/_super/batch.js?locale=en-US:2576
[    1291ms] [WARNING] DEPRECATED undefined - AJS.params has been deprecated since 9.0.0 and will be removed in 10.0.0.  
     at HTMLMetaElement.<anonymous> (https://wiki.one.int.sap/wiki/s/92d2c4742cba354172eb1affa02efacd-CDN/-23x24x/9116/n2r6gc/1bfa1eaa8b04ae6d4124fc3e33a6146f/_/download/contextbatch/js/_super/batch.js?locale=en-US:2852:304) @ https://wiki.one.int.sap/wiki/s/92d2c4742cba354172eb1affa02efacd-CDN/-23x24x/9116/n2r6gc/1bfa1eaa8b04ae6d4124fc3e33a6146f/_/download/contextbatch/js/_super/batch.js?locale=en-US:2576
[    1291ms] [WARNING] DEPRECATED undefined - AJS.params has been deprecated since 9.0.0 and will be removed in 10.0.0.  
     at HTMLMetaElement.<anonymous> (https://wiki.one.int.sap/wiki/s/92d2c4742cba354172eb1affa02efacd-CDN/-23x24x/9116/n2r6gc/1bfa1eaa8b04ae6d4124fc3e33a6146f/_/download/contextbatch/js/_super/batch.js?locale=en-US:2852:304) @ https://wiki.one.int.sap/wiki/s/92d2c4742cba354172eb1affa02efacd-CDN/-23x24x/9116/n2r6gc/1bfa1eaa8b04ae6d4124fc3e33a6146f/_/download/contextbatch/js/_super/batch.js?locale=en-US:2576
[    1291ms] [WARNING] DEPRECATED undefined - AJS.params has been deprecated since 9.0.0 and will be removed in 10.0.0.  
     at HTMLMetaElement.<anonymous> (https://wiki.one.int.sap/wiki/s/92d2c4742cba354172eb1affa02efacd-CDN/-23x24x/9116/n2r6gc/1bfa1eaa8b04ae6d4124fc3e33a6146f/_/download/contextbatch/js/_super/batch.js?locale=en-US:2852:304) @ https://wiki.one.int.sap/wiki/s/92d2c4742cba354172eb1affa02efacd-CDN/-23x24x/9116/n2r6gc/1bfa1eaa8b04ae6d4124fc3e33a6146f/_/download/contextbatch/js/_super/batch.js?locale=en-US:2576
[    1291ms] [WARNING] DEPRECATED undefined - AJS.params has been deprecated since 9.0.0 and will be removed in 10.0.0.  
     at HTMLMetaElement.<anonymous> (https://wiki.one.int.sap/wiki/s/92d2c4742cba354172eb1affa02efacd-CDN/-23x24x/9116/n2r6gc/1bfa1eaa8b04ae6d4124fc3e33a6146f/_/download/contextbatch/js/_super/batch.js?locale=en-US:2852:304) @ https://wiki.one.int.sap/wiki/s/92d2c4742cba354172eb1affa02efacd-CDN/-23x24x/9116/n2r6gc/1bfa1eaa8b04ae6d4124fc3e33a6146f/_/download/contextbatch/js/_super/batch.js?locale=en-US:2576
[    1291ms] [WARNING] DEPRECATED undefined - AJS.params has been deprecated since 9.0.0 and will be removed in 10.0.0.  
     at HTMLMetaElement.<anonymous> (https://wiki.one.int.sap/wiki/s/92d2c4742cba354172eb1affa02efacd-CDN/-23x24x/9116/n2r6gc/1bfa1eaa8b04ae6d4124fc3e33a6146f/_/download/contextbatch/js/_super/batch.js?locale=en-US:2852:304) @ https://wiki.one.int.sap/wiki/s/92d2c4742cba354172eb1affa02efacd-CDN/-23x24x/9116/n2r6gc/1bfa1eaa8b04ae6d4124fc3e33a6146f/_/download/contextbatch/js/_super/batch.js?locale=en-US:2576
[    1291ms] [WARNING] DEPRECATED undefined - AJS.params has been deprecated since 9.0.0 and will be removed in 10.0.0.  
     at HTMLMetaElement.<anonymous> (https://wiki.one.int.sap/wiki/s/92d2c4742cba354172eb1affa02efacd-CDN/-23x24x/9116/n2r6gc/1bfa1eaa8b04ae6d4124fc3e33a6146f/_/download/contextbatch/js/_super/batch.js?locale=en-US:2852:304) @ https://wiki.one.int.sap/wiki/s/92d2c4742cba354172eb1affa02efacd-CDN/-23x24x/9116/n2r6gc/1bfa1eaa8b04ae6d4124fc3e33a6146f/_/download/contextbatch/js/_super/batch.js?locale=en-US:2576
[    1291ms] [WARNING] DEPRECATED undefined - AJS.params has been deprecated since 9.0.0 and will be removed in 10.0.0.  
     at HTMLMetaElement.<anonymous> (https://wiki.one.int.sap/wiki/s/92d2c4742cba354172eb1affa02efacd-CDN/-23x24x/9116/n2r6gc/1bfa1eaa8b04ae6d4124fc3e33a6146f/_/download/contextbatch/js/_super/batch.js?locale=en-US:2852:304) @ https://wiki.one.int.sap/wiki/s/92d2c4742cba354172eb1affa02efacd-CDN/-23x24x/9116/n2r6gc/1bfa1eaa8b04ae6d4124fc3e33a6146f/_/download/contextbatch/js/_super/batch.js?locale=en-US:2576
[    1291ms] [WARNING] DEPRECATED undefined - AJS.params has been deprecated since 9.0.0 and will be removed in 10.0.0.  
     at HTMLMetaElement.<anonymous> (https://wiki.one.int.sap/wiki/s/92d2c4742cba354172eb1affa02efacd-CDN/-23x24x/9116/n2r6gc/1bfa1eaa8b04ae6d4124fc3e33a6146f/_/download/contextbatch/js/_super/batch.js?locale=en-US:2852:304) @ https://wiki.one.int.sap/wiki/s/92d2c4742cba354172eb1affa02efacd-CDN/-23x24x/9116/n2r6gc/1bfa1eaa8b04ae6d4124fc3e33a6146f/_/download/contextbatch/js/_super/batch.js?locale=en-US:2576
[    1291ms] [WARNING] DEPRECATED undefined - AJS.params has been deprecated since 9.0.0 and will be removed in 10.0.0.  
     at HTMLMetaElement.<anonymous> (https://wiki.one.int.sap/wiki/s/92d2c4742cba354172eb1affa02efacd-CDN/-23x24x/9116/n2r6gc/1bfa1eaa8b04ae6d4124fc3e33a6146f/_/download/contextbatch/js/_super/batch.js?locale=en-US:2852:304) @ https://wiki.one.int.sap/wiki/s/92d2c4742cba354172eb1affa02efacd-CDN/-23x24x/9116/n2r6gc/1bfa1eaa8b04ae6d4124fc3e33a6146f/_/download/contextbatch/js/_super/batch.js?locale=en-US:2576
[    1292ms] [WARNING] DEPRECATED undefined - AJS.params has been deprecated since 9.0.0 and will be removed in 10.0.0.  
     at HTMLMetaElement.<anonymous> (https://wiki.one.int.sap/wiki/s/92d2c4742cba354172eb1affa02efacd-CDN/-23x24x/9116/n2r6gc/1bfa1eaa8b04ae6d4124fc3e33a6146f/_/download/contextbatch/js/_super/batch.js?locale=en-US:2852:304) @ https://wiki.one.int.sap/wiki/s/92d2c4742cba354172eb1affa02efacd-CDN/-23x24x/9116/n2r6gc/1bfa1eaa8b04ae6d4124fc3e33a6146f/_/download/contextbatch/js/_super/batch.js?locale=en-US:2576
[    1292ms] [WARNING] DEPRECATED undefined - AJS.params has been deprecated since 9.0.0 and will be removed in 10.0.0.  
     at HTMLMetaElement.<anonymous> (https://wiki.one.int.sap/wiki/s/92d2c4742cba354172eb1affa02efacd-CDN/-23x24x/9116/n2r6gc/1bfa1eaa8b04ae6d4124fc3e33a6146f/_/download/contextbatch/js/_super/batch.js?locale=en-US:2852:304) @ https://wiki.one.int.sap/wiki/s/92d2c4742cba354172eb1affa02efacd-CDN/-23x24x/9116/n2r6gc/1bfa1eaa8b04ae6d4124fc3e33a6146f/_/download/contextbatch/js/_super/batch.js?locale=en-US:2576
[    1292ms] [WARNING] DEPRECATED undefined - AJS.params has been deprecated since 9.0.0 and will be removed in 10.0.0.  
     at HTMLMetaElement.<anonymous> (https://wiki.one.int.sap/wiki/s/92d2c4742cba354172eb1affa02efacd-CDN/-23x24x/9116/n2r6gc/1bfa1eaa8b04ae6d4124fc3e33a6146f/_/download/contextbatch/js/_super/batch.js?locale=en-US:2852:304) @ https://wiki.one.int.sap/wiki/s/92d2c4742cba354172eb1affa02efacd-CDN/-23x24x/9116/n2r6gc/1bfa1eaa8b04ae6d4124fc3e33a6146f/_/download/contextbatch/js/_super/batch.js?locale=en-US:2576
[    1292ms] [WARNING] DEPRECATED undefined - AJS.params has been deprecated since 9.0.0 and will be removed in 10.0.0.  
     at HTMLMetaElement.<anonymous> (https://wiki.one.int.sap/wiki/s/92d2c4742cba354172eb1affa02efacd-CDN/-23x24x/9116/n2r6gc/1bfa1eaa8b04ae6d4124fc3e33a6146f/_/download/contextbatch/js/_super/batch.js?locale=en-US:2852:304) @ https://wiki.one.int.sap/wiki/s/92d2c4742cba354172eb1affa02efacd-CDN/-23x24x/9116/n2r6gc/1bfa1eaa8b04ae6d4124fc3e33a6146f/_/download/contextbatch/js/_super/batch.js?locale=en-US:2576
[    1292ms] [WARNING] DEPRECATED undefined - AJS.params has been deprecated since 9.0.0 and will be removed in 10.0.0.  
     at HTMLMetaElement.<anonymous> (https://wiki.one.int.sap/wiki/s/92d2c4742cba354172eb1affa02efacd-CDN/-23x24x/9116/n2r6gc/1bfa1eaa8b04ae6d4124fc3e33a6146f/_/download/contextbatch/js/_super/batch.js?locale=en-US:2852:304) @ https://wiki.one.int.sap/wiki/s/92d2c4742cba354172eb1affa02efacd-CDN/-23x24x/9116/n2r6gc/1bfa1eaa8b04ae6d4124fc3e33a6146f/_/download/contextbatch/js/_super/batch.js?locale=en-US:2576
[    1292ms] [WARNING] DEPRECATED undefined - AJS.params has been deprecated since 9.0.0 and will be removed in 10.0.0.  
     at HTMLMetaElement.<anonymous> (https://wiki.one.int.sap/wiki/s/92d2c4742cba354172eb1affa02efacd-CDN/-23x24x/9116/n2r6gc/1bfa1eaa8b04ae6d4124fc3e33a6146f/_/download/contextbatch/js/_super/batch.js?locale=en-US:2852:304) @ https://wiki.one.int.sap/wiki/s/92d2c4742cba354172eb1affa02efacd-CDN/-23x24x/9116/n2r6gc/1bfa1eaa8b04ae6d4124fc3e33a6146f/_/download/contextbatch/js/_super/batch.js?locale=en-US:2576
[    1292ms] [WARNING] DEPRECATED undefined - AJS.params has been deprecated since 9.0.0 and will be removed in 10.0.0.  
     at HTMLMetaElement.<anonymous> (https://wiki.one.int.sap/wiki/s/92d2c4742cba354172eb1affa02efacd-CDN/-23x24x/9116/n2r6gc/1bfa1eaa8b04ae6d4124fc3e33a6146f/_/download/contextbatch/js/_super/batch.js?locale=en-US:2852:304) @ https://wiki.one.int.sap/wiki/s/92d2c4742cba354172eb1affa02efacd-CDN/-23x24x/9116/n2r6gc/1bfa1eaa8b04ae6d4124fc3e33a6146f/_/download/contextbatch/js/_super/batch.js?locale=en-US:2576
[    1292ms] [WARNING] DEPRECATED undefined - AJS.params has been deprecated since 9.0.0 and will be removed in 10.0.0.  
     at HTMLMetaElement.<anonymous> (https://wiki.one.int.sap/wiki/s/92d2c4742cba354172eb1affa02efacd-CDN/-23x24x/9116/n2r6gc/1bfa1eaa8b04ae6d4124fc3e33a6146f/_/download/contextbatch/js/_super/batch.js?locale=en-US:2852:304) @ https://wiki.one.int.sap/wiki/s/92d2c4742cba354172eb1affa02efacd-CDN/-23x24x/9116/n2r6gc/1bfa1eaa8b04ae6d4124fc3e33a6146f/_/download/contextbatch/js/_super/batch.js?locale=en-US:2576
[    1292ms] [WARNING] DEPRECATED undefined - AJS.params has been deprecated since 9.0.0 and will be removed in 10.0.0.  
     at HTMLMetaElement.<anonymous> (https://wiki.one.int.sap/wiki/s/92d2c4742cba354172eb1affa02efacd-CDN/-23x24x/9116/n2r6gc/1bfa1eaa8b04ae6d4124fc3e33a6146f/_/download/contextbatch/js/_super/batch.js?locale=en-US:2852:304) @ https://wiki.one.int.sap/wiki/s/92d2c4742cba354172eb1affa02efacd-CDN/-23x24x/9116/n2r6gc/1bfa1eaa8b04ae6d4124fc3e33a6146f/_/download/contextbatch/js/_super/batch.js?locale=en-US:2576
[    1292ms] [WARNING] DEPRECATED undefined - AJS.params has been deprecated since 9.0.0 and will be removed in 10.0.0.  
     at HTMLMetaElement.<anonymous> (https://wiki.one.int.sap/wiki/s/92d2c4742cba354172eb1affa02efacd-CDN/-23x24x/9116/n2r6gc/1bfa1eaa8b04ae6d4124fc3e33a6146f/_/download/contextbatch/js/_super/batch.js?locale=en-US:2852:304) @ https://wiki.one.int.sap/wiki/s/92d2c4742cba354172eb1affa02efacd-CDN/-23x24x/9116/n2r6gc/1bfa1eaa8b04ae6d4124fc3e33a6146f/_/download/contextbatch/js/_super/batch.js?locale=en-US:2576
[    1292ms] [WARNING] DEPRECATED undefined - AJS.params has been deprecated since 9.0.0 and will be removed in 10.0.0.  
     at HTMLMetaElement.<anonymous> (https://wiki.one.int.sap/wiki/s/92d2c4742cba354172eb1affa02efacd-CDN/-23x24x/9116/n2r6gc/1bfa1eaa8b04ae6d4124fc3e33a6146f/_/download/contextbatch/js/_super/batch.js?locale=en-US:2852:304) @ https://wiki.one.int.sap/wiki/s/92d2c4742cba354172eb1affa02efacd-CDN/-23x24x/9116/n2r6gc/1bfa1eaa8b04ae6d4124fc3e33a6146f/_/download/contextbatch/js/_super/batch.js?locale=en-US:2576
[    1292ms] [WARNING] DEPRECATED undefined - AJS.params has been deprecated since 9.0.0 and will be removed in 10.0.0.  
     at HTMLMetaElement.<anonymous> (https://wiki.one.int.sap/wiki/s/92d2c4742cba354172eb1affa02efacd-CDN/-23x24x/9116/n2r6gc/1bfa1eaa8b04ae6d4124fc3e33a6146f/_/download/contextbatch/js/_super/batch.js?locale=en-US:2852:304) @ https://wiki.one.int.sap/wiki/s/92d2c4742cba354172eb1affa02efacd-CDN/-23x24x/9116/n2r6gc/1bfa1eaa8b04ae6d4124fc3e33a6146f/_/download/contextbatch/js/_super/batch.js?locale=en-US:2576
[    1292ms] [WARNING] DEPRECATED undefined - AJS.params has been deprecated since 9.0.0 and will be removed in 10.0.0.  
     at HTMLMetaElement.<anonymous> (https://wiki.one.int.sap/wiki/s/92d2c4742cba354172eb1affa02efacd-CDN/-23x24x/9116/n2r6gc/1bfa1eaa8b04ae6d4124fc3e33a6146f/_/download/contextbatch/js/_super/batch.js?locale=en-US:2852:304) @ https://wiki.one.int.sap/wiki/s/92d2c4742cba354172eb1affa02efacd-CDN/-23x24x/9116/n2r6gc/1bfa1eaa8b04ae6d4124fc3e33a6146f/_/download/contextbatch/js/_super/batch.js?locale=en-US:2576
[    1292ms] [WARNING] DEPRECATED undefined - AJS.params has been deprecated since 9.0.0 and will be removed in 10.0.0.  
     at HTMLMetaElement.<anonymous> (https://wiki.one.int.sap/wiki/s/92d2c4742cba354172eb1affa02efacd-CDN/-23x24x/9116/n2r6gc/1bfa1eaa8b04ae6d4124fc3e33a6146f/_/download/contextbatch/js/_super/batch.js?locale=en-US:2852:304) @ https://wiki.one.int.sap/wiki/s/92d2c4742cba354172eb1affa02efacd-CDN/-23x24x/9116/n2r6gc/1bfa1eaa8b04ae6d4124fc3e33a6146f/_/download/contextbatch/js/_super/batch.js?locale=en-US:2576
[    1292ms] [WARNING] DEPRECATED undefined - AJS.params has been deprecated since 9.0.0 and will be removed in 10.0.0.  
     at HTMLMetaElement.<anonymous> (https://wiki.one.int.sap/wiki/s/92d2c4742cba354172eb1affa02efacd-CDN/-23x24x/9116/n2r6gc/1bfa1eaa8b04ae6d4124fc3e33a6146f/_/download/contextbatch/js/_super/batch.js?locale=en-US:2852:304) @ https://wiki.one.int.sap/wiki/s/92d2c4742cba354172eb1affa02efacd-CDN/-23x24x/9116/n2r6gc/1bfa1eaa8b04ae6d4124fc3e33a6146f/_/download/contextbatch/js/_super/batch.js?locale=en-US:2576
[    1292ms] [WARNING] DEPRECATED undefined - AJS.params has been deprecated since 9.0.0 and will be removed in 10.0.0.  
     at HTMLMetaElement.<anonymous> (https://wiki.one.int.sap/wiki/s/92d2c4742cba354172eb1affa02efacd-CDN/-23x24x/9116/n2r6gc/1bfa1eaa8b04ae6d4124fc3e33a6146f/_/download/contextbatch/js/_super/batch.js?locale=en-US:2852:304) @ https://wiki.one.int.sap/wiki/s/92d2c4742cba354172eb1affa02efacd-CDN/-23x24x/9116/n2r6gc/1bfa1eaa8b04ae6d4124fc3e33a6146f/_/download/contextbatch/js/_super/batch.js?locale=en-US:2576
[    1292ms] [WARNING] DEPRECATED undefined - AJS.params has been deprecated since 9.0.0 and will be removed in 10.0.0.  
     at HTMLMetaElement.<anonymous> (https://wiki.one.int.sap/wiki/s/92d2c4742cba354172eb1affa02efacd-CDN/-23x24x/9116/n2r6gc/1bfa1eaa8b04ae6d4124fc3e33a6146f/_/download/contextbatch/js/_super/batch.js?locale=en-US:2852:304) @ https://wiki.one.int.sap/wiki/s/92d2c4742cba354172eb1affa02efacd-CDN/-23x24x/9116/n2r6gc/1bfa1eaa8b04ae6d4124fc3e33a6146f/_/download/contextbatch/js/_super/batch.js?locale=en-US:2576
[    1292ms] [WARNING] DEPRECATED undefined - AJS.params has been deprecated since 9.0.0 and will be removed in 10.0.0.  
     at HTMLMetaElement.<anonymous> (https://wiki.one.int.sap/wiki/s/92d2c4742cba354172eb1affa02efacd-CDN/-23x24x/9116/n2r6gc/1bfa1eaa8b04ae6d4124fc3e33a6146f/_/download/contextbatch/js/_super/batch.js?locale=en-US:2852:304) @ https://wiki.one.int.sap/wiki/s/92d2c4742cba354172eb1affa02efacd-CDN/-23x24x/9116/n2r6gc/1bfa1eaa8b04ae6d4124fc3e33a6146f/_/download/contextbatch/js/_super/batch.js?locale=en-US:2576
[    1292ms] [WARNING] DEPRECATED undefined - AJS.params has been deprecated since 9.0.0 and will be removed in 10.0.0.  
     at HTMLMetaElement.<anonymous> (https://wiki.one.int.sap/wiki/s/92d2c4742cba354172eb1affa02efacd-CDN/-23x24x/9116/n2r6gc/1bfa1eaa8b04ae6d4124fc3e33a6146f/_/download/contextbatch/js/_super/batch.js?locale=en-US:2852:304) @ https://wiki.one.int.sap/wiki/s/92d2c4742cba354172eb1affa02efacd-CDN/-23x24x/9116/n2r6gc/1bfa1eaa8b04ae6d4124fc3e33a6146f/_/download/contextbatch/js/_super/batch.js?locale=en-US:2576
[    1292ms] [WARNING] DEPRECATED undefined - AJS.params has been deprecated since 9.0.0 and will be removed in 10.0.0.  
     at HTMLMetaElement.<anonymous> (https://wiki.one.int.sap/wiki/s/92d2c4742cba354172eb1affa02efacd-CDN/-23x24x/9116/n2r6gc/1bfa1eaa8b04ae6d4124fc3e33a6146f/_/download/contextbatch/js/_super/batch.js?locale=en-US:2852:304) @ https://wiki.one.int.sap/wiki/s/92d2c4742cba354172eb1affa02efacd-CDN/-23x24x/9116/n2r6gc/1bfa1eaa8b04ae6d4124fc3e33a6146f/_/download/contextbatch/js/_super/batch.js?locale=en-US:2576
[    1292ms] [WARNING] DEPRECATED undefined - AJS.params has been deprecated since 9.0.0 and will be removed in 10.0.0.  
     at HTMLMetaElement.<anonymous> (https://wiki.one.int.sap/wiki/s/92d2c4742cba354172eb1affa02efacd-CDN/-23x24x/9116/n2r6gc/1bfa1eaa8b04ae6d4124fc3e33a6146f/_/download/contextbatch/js/_super/batch.js?locale=en-US:2852:304) @ https://wiki.one.int.sap/wiki/s/92d2c4742cba354172eb1affa02efacd-CDN/-23x24x/9116/n2r6gc/1bfa1eaa8b04ae6d4124fc3e33a6146f/_/download/contextbatch/js/_super/batch.js?locale=en-US:2576
[    1292ms] [WARNING] DEPRECATED undefined - AJS.params has been deprecated since 9.0.0 and will be removed in 10.0.0.  
     at HTMLMetaElement.<anonymous> (https://wiki.one.int.sap/wiki/s/92d2c4742cba354172eb1affa02efacd-CDN/-23x24x/9116/n2r6gc/1bfa1eaa8b04ae6d4124fc3e33a6146f/_/download/contextbatch/js/_super/batch.js?locale=en-US:2852:304) @ https://wiki.one.int.sap/wiki/s/92d2c4742cba354172eb1affa02efacd-CDN/-23x24x/9116/n2r6gc/1bfa1eaa8b04ae6d4124fc3e33a6146f/_/download/contextbatch/js/_super/batch.js?locale=en-US:2576
[    1466ms] [WARNING] DEPRECATED JS - Inline dialog constructor has been deprecated and will be removed in a future release. Use inline dialog 2 instead.   
     at r (https://wiki.one.int.sap/wiki/s/d768014809aa9e9356abc4f32fa3cf06-CDN/-23x24x/9116/n2r6gc/fa8ab6e9231284a06bf1fb80b856a1e4/_/download/contextbatch/js/atl.confluence.plugins.pagetree-desktop,main,page,viewcontent,atl.general,atl.comments,-_super/batch.js?analytics-enabled=false&cefp_collab_enabled=true&cefp_ed_perm=false&cefp_is_admin=false&gatekeeper-ui-v2=true&highlightactions=true&hostenabled=true&locale=en-US&table-resizable.breaking-text=false&theme.switcher=true&user-logged-in=true:169:239) @ https://wiki.one.int.sap/wiki/s/92d2c4742cba354172eb1affa02efacd-CDN/-23x24x/9116/n2r6gc/1bfa1eaa8b04ae6d4124fc3e33a6146f/_/download/contextbatch/js/_super/batch.js?locale=en-US:2576
[    1533ms] [LOG] [WRM] [handler] Downloading resources [css!/wiki/s/1654e542cb06b620d652636b99b87dd4-CDN/-…ext=false&theme.switcher=true&user-logged-in=true, css!/wiki/s/d41d8cd98f00b204e9800998ecf8427e-CDN/-…batch/css/request-access-plugin,-_super/batch.css, css!/wiki/s/d41d8cd98f00b204e9800998ecf8427e-CDN/-…tactions=true&table-resizable.breaking-text=false, css!/wiki/s/d41d8cd98f00b204e9800998ecf8427e-CDN/-…blefilter:live-filter-resources,-_super/batch.css, js!/wiki/s/61f4ec5c93800775c916150d1014c62f-CDN/-2…itorContextInit~app,-_super/batch.js?locale=en-US, js!/wiki/s/04bdf796a00bfe0cf56f0135c4e3ad4b-CDN/-2…ext=false&theme.switcher=true&user-logged-in=true, js!/wiki/s/61f4ec5c93800775c916150d1014c62f-CDN/-2…rContextInit~loader,-_super/batch.js?locale=en-US, js!/wiki/s/e1988dd6ecfa72bb95ed749b71703e1a-CDN/-2…quest-access-plugin,-_super/batch.js?locale=en-US, js!/wiki/s/61f4ec5c93800775c916150d1014c62f-CDN/-2…&locale=en-US&table-resizable.breaking-text=false, js!/wiki/s/4348b731c6071af5f391fcf09189eb90-CDN/-2…ve-filter-resources,-_super/batch.js?locale=en-US] @ https://wiki.one.int.sap/wiki/s/92d2c4742cba354172eb1affa02efacd-CDN/-23x24x/9116/n2r6gc/1bfa1eaa8b04ae6d4124fc3e33a6146f/_/download/contextbatch/js/_super/batch.js?locale=en-US:21
[    1606ms] [WARNING] DEPRECATED undefined - AJS.params has been deprecated since 9.0.0 and will be removed in 10.0.0.  
     at Object.getPageId (https://wiki.one.int.sap/wiki/s/4348b731c6071af5f391fcf09189eb90-CDN/-23x24x/9116/n2r6gc/9766c935e8b672a767177a40888c75d1/_/download/contextbatch/js/com.stiltsoft.confluence.plugin.tablefilter.tablefilter:live-filter-resources,-_super/batch.js?locale=en-US:5:28492) @ https://wiki.one.int.sap/wiki/s/92d2c4742cba354172eb1affa02efacd-CDN/-23x24x/9116/n2r6gc/1bfa1eaa8b04ae6d4124fc3e33a6146f/_/download/contextbatch/js/_super/batch.js?locale=en-US:2576
[    1755ms] [LOG] JQMIGRATE: Migrate is installed with logging active, version 3.4.0 @ https://wiki.one.int.sap/wiki/s/92d2c4742cba354172eb1affa02efacd-CDN/-23x24x/9116/n2r6gc/1bfa1eaa8b04ae6d4124fc3e33a6146f/_/download/contextbatch/js/_super/batch.js?locale=en-US:99
[    1755ms] [WARNING] Use of `window._` through AUI is deprecated and will be removed in AUI 10.0.0 @ https://wiki.one.int.sap/wiki/s/92d2c4742cba354172eb1affa02efacd-CDN/-23x24x/9116/n2r6gc/1bfa1eaa8b04ae6d4124fc3e33a6146f/_/download/contextbatch/js/_super/batch.js?locale=en-US:173
[    1757ms] [WARNING] DEPRECATED undefined - AJS.params has been deprecated since 9.0.0 and will be removed in 10.0.0.  
     at HTMLMetaElement.<anonymous> (https://wiki.one.int.sap/wiki/s/92d2c4742cba354172eb1affa02efacd-CDN/-23x24x/9116/n2r6gc/1bfa1eaa8b04ae6d4124fc3e33a6146f/_/download/contextbatch/js/_super/batch.js?locale=en-US:2852:304) @ https://wiki.one.int.sap/wiki/s/92d2c4742cba354172eb1affa02efacd-CDN/-23x24x/9116/n2r6gc/1bfa1eaa8b04ae6d4124fc3e33a6146f/_/download/contextbatch/js/_super/batch.js?locale=en-US:2576
[    1757ms] [WARNING] DEPRECATED undefined - AJS.params has been deprecated since 9.0.0 and will be removed in 10.0.0.  
     at HTMLMetaElement.<anonymous> (https://wiki.one.int.sap/wiki/s/92d2c4742cba354172eb1affa02efacd-CDN/-23x24x/9116/n2r6gc/1bfa1eaa8b04ae6d4124fc3e33a6146f/_/download/contextbatch/js/_super/batch.js?locale=en-US:2852:304) @ https://wiki.one.int.sap/wiki/s/92d2c4742cba354172eb1affa02efacd-CDN/-23x24x/9116/n2r6gc/1bfa1eaa8b04ae6d4124fc3e33a6146f/_/download/contextbatch/js/_super/batch.js?locale=en-US:2576
[    1757ms] [WARNING] DEPRECATED undefined - AJS.params has been deprecated since 9.0.0 and will be removed in 10.0.0.  
     at HTMLMetaElement.<anonymous> (https://wiki.one.int.sap/wiki/s/92d2c4742cba354172eb1affa02efacd-CDN/-23x24x/9116/n2r6gc/1bfa1eaa8b04ae6d4124fc3e33a6146f/_/download/contextbatch/js/_super/batch.js?locale=en-US:2852:304) @ https://wiki.one.int.sap/wiki/s/92d2c4742cba354172eb1affa02efacd-CDN/-23x24x/9116/n2r6gc/1bfa1eaa8b04ae6d4124fc3e33a6146f/_/download/contextbatch/js/_super/batch.js?locale=en-US:2576
[    1757ms] [WARNING] DEPRECATED undefined - AJS.params has been deprecated since 9.0.0 and will be removed in 10.0.0.  
     at HTMLMetaElement.<anonymous> (https://wiki.one.int.sap/wiki/s/92d2c4742cba354172eb1affa02efacd-CDN/-23x24x/9116/n2r6gc/1bfa1eaa8b04ae6d4124fc3e33a6146f/_/download/contextbatch/js/_super/batch.js?locale=en-US:2852:304) @ https://wiki.one.int.sap/wiki/s/92d2c4742cba354172eb1affa02efacd-CDN/-23x24x/9116/n2r6gc/1bfa1eaa8b04ae6d4124fc3e33a6146f/_/download/contextbatch/js/_super/batch.js?locale=en-US:2576
[    1757ms] [WARNING] DEPRECATED undefined - AJS.params has been deprecated since 9.0.0 and will be removed in 10.0.0.  
     at HTMLMetaElement.<anonymous> (https://wiki.one.int.sap/wiki/s/92d2c4742cba354172eb1affa02efacd-CDN/-23x24x/9116/n2r6gc/1bfa1eaa8b04ae6d4124fc3e33a6146f/_/download/contextbatch/js/_super/batch.js?locale=en-US:2852:304) @ https://wiki.one.int.sap/wiki/s/92d2c4742cba354172eb1affa02efacd-CDN/-23x24x/9116/n2r6gc/1bfa1eaa8b04ae6d4124fc3e33a6146f/_/download/contextbatch/js/_super/batch.js?locale=en-US:2576
[    1757ms] [WARNING] DEPRECATED undefined - AJS.params has been deprecated since 9.0.0 and will be removed in 10.0.0.  
     at HTMLMetaElement.<anonymous> (https://wiki.one.int.sap/wiki/s/92d2c4742cba354172eb1affa02efacd-CDN/-23x24x/9116/n2r6gc/1bfa1eaa8b04ae6d4124fc3e33a6146f/_/download/contextbatch/js/_super/batch.js?locale=en-US:2852:304) @ https://wiki.one.int.sap/wiki/s/92d2c4742cba354172eb1affa02efacd-CDN/-23x24x/9116/n2r6gc/1bfa1eaa8b04ae6d4124fc3e33a6146f/_/download/contextbatch/js/_super/batch.js?locale=en-US:2576
[    1757ms] [WARNING] DEPRECATED undefined - AJS.params has been deprecated since 9.0.0 and will be removed in 10.0.0.  
     at HTMLMetaElement.<anonymous> (https://wiki.one.int.sap/wiki/s/92d2c4742cba354172eb1affa02efacd-CDN/-23x24x/9116/n2r6gc/1bfa1eaa8b04ae6d4124fc3e33a6146f/_/download/contextbatch/js/_super/batch.js?locale=en-US:2852:304) @ https://wiki.one.int.sap/wiki/s/92d2c4742cba354172eb1affa02efacd-CDN/-23x24x/9116/n2r6gc/1bfa1eaa8b04ae6d4124fc3e33a6146f/_/download/contextbatch/js/_super/batch.js?locale=en-US:2576
[    1757ms] [WARNING] DEPRECATED undefined - AJS.params has been deprecated since 9.0.0 and will be removed in 10.0.0.  
     at HTMLMetaElement.<anonymous> (https://wiki.one.int.sap/wiki/s/92d2c4742cba354172eb1affa02efacd-CDN/-23x24x/9116/n2r6gc/1bfa1eaa8b04ae6d4124fc3e33a6146f/_/download/contextbatch/js/_super/batch.js?locale=en-US:2852:304) @ https://wiki.one.int.sap/wiki/s/92d2c4742cba354172eb1affa02efacd-CDN/-23x24x/9116/n2r6gc/1bfa1eaa8b04ae6d4124fc3e33a6146f/_/download/contextbatch/js/_super/batch.js?locale=en-US:2576
[    1757ms] [WARNING] DEPRECATED undefined - AJS.params has been deprecated since 9.0.0 and will be removed in 10.0.0.  
     at HTMLMetaElement.<anonymous> (https://wiki.one.int.sap/wiki/s/92d2c4742cba354172eb1affa02efacd-CDN/-23x24x/9116/n2r6gc/1bfa1eaa8b04ae6d4124fc3e33a6146f/_/download/contextbatch/js/_super/batch.js?locale=en-US:2852:304) @ https://wiki.one.int.sap/wiki/s/92d2c4742cba354172eb1affa02efacd-CDN/-23x24x/9116/n2r6gc/1bfa1eaa8b04ae6d4124fc3e33a6146f/_/download/contextbatch/js/_super/batch.js?locale=en-US:2576
[    1757ms] [WARNING] DEPRECATED undefined - AJS.params has been deprecated since 9.0.0 and will be removed in 10.0.0.  
     at HTMLMetaElement.<anonymous> (https://wiki.one.int.sap/wiki/s/92d2c4742cba354172eb1affa02efacd-CDN/-23x24x/9116/n2r6gc/1bfa1eaa8b04ae6d4124fc3e33a6146f/_/download/contextbatch/js/_super/batch.js?locale=en-US:2852:304) @ https://wiki.one.int.sap/wiki/s/92d2c4742cba354172eb1affa02efacd-CDN/-23x24x/9116/n2r6gc/1bfa1eaa8b04ae6d4124fc3e33a6146f/_/download/contextbatch/js/_super/batch.js?locale=en-US:2576
[    1758ms] [WARNING] DEPRECATED undefined - AJS.params has been deprecated since 9.0.0 and will be removed in 10.0.0.  
     at HTMLMetaElement.<anonymous> (https://wiki.one.int.sap/wiki/s/92d2c4742cba354172eb1affa02efacd-CDN/-23x24x/9116/n2r6gc/1bfa1eaa8b04ae6d4124fc3e33a6146f/_/download/contextbatch/js/_super/batch.js?locale=en-US:2852:304) @ https://wiki.one.int.sap/wiki/s/92d2c4742cba354172eb1affa02efacd-CDN/-23x24x/9116/n2r6gc/1bfa1eaa8b04ae6d4124fc3e33a6146f/_/download/contextbatch/js/_super/batch.js?locale=en-US:2576
[    1758ms] [WARNING] DEPRECATED undefined - AJS.params has been deprecated since 9.0.0 and will be removed in 10.0.0.  
     at HTMLMetaElement.<anonymous> (https://wiki.one.int.sap/wiki/s/92d2c4742cba354172eb1affa02efacd-CDN/-23x24x/9116/n2r6gc/1bfa1eaa8b04ae6d4124fc3e33a6146f/_/download/contextbatch/js/_super/batch.js?locale=en-US:2852:304) @ https://wiki.one.int.sap/wiki/s/92d2c4742cba354172eb1affa02efacd-CDN/-23x24x/9116/n2r6gc/1bfa1eaa8b04ae6d4124fc3e33a6146f/_/download/contextbatch/js/_super/batch.js?locale=en-US:2576
[    1758ms] [WARNING] DEPRECATED undefined - AJS.params has been deprecated since 9.0.0 and will be removed in 10.0.0.  
     at HTMLMetaElement.<anonymous> (https://wiki.one.int.sap/wiki/s/92d2c4742cba354172eb1affa02efacd-CDN/-23x24x/9116/n2r6gc/1bfa1eaa8b04ae6d4124fc3e33a6146f/_/download/contextbatch/js/_super/batch.js?locale=en-US:2852:304) @ https://wiki.one.int.sap/wiki/s/92d2c4742cba354172eb1affa02efacd-CDN/-23x24x/9116/n2r6gc/1bfa1eaa8b04ae6d4124fc3e33a6146f/_/download/contextbatch/js/_super/batch.js?locale=en-US:2576
[    1758ms] [WARNING] DEPRECATED undefined - AJS.params has been deprecated since 9.0.0 and will be removed in 10.0.0.  
     at HTMLMetaElement.<anonymous> (https://wiki.one.int.sap/wiki/s/92d2c4742cba354172eb1affa02efacd-CDN/-23x24x/9116/n2r6gc/1bfa1eaa8b04ae6d4124fc3e33a6146f/_/download/contextbatch/js/_super/batch.js?locale=en-US:2852:304) @ https://wiki.one.int.sap/wiki/s/92d2c4742cba354172eb1affa02efacd-CDN/-23x24x/9116/n2r6gc/1bfa1eaa8b04ae6d4124fc3e33a6146f/_/download/contextbatch/js/_super/batch.js?locale=en-US:2576
[    1758ms] [WARNING] DEPRECATED undefined - AJS.params has been deprecated since 9.0.0 and will be removed in 10.0.0.  
     at HTMLMetaElement.<anonymous> (https://wiki.one.int.sap/wiki/s/92d2c4742cba354172eb1affa02efacd-CDN/-23x24x/9116/n2r6gc/1bfa1eaa8b04ae6d4124fc3e33a6146f/_/download/contextbatch/js/_super/batch.js?locale=en-US:2852:304) @ https://wiki.one.int.sap/wiki/s/92d2c4742cba354172eb1affa02efacd-CDN/-23x24x/9116/n2r6gc/1bfa1eaa8b04ae6d4124fc3e33a6146f/_/download/contextbatch/js/_super/batch.js?locale=en-US:2576
[    1758ms] [WARNING] DEPRECATED undefined - AJS.params has been deprecated since 9.0.0 and will be removed in 10.0.0.  
     at HTMLMetaElement.<anonymous> (https://wiki.one.int.sap/wiki/s/92d2c4742cba354172eb1affa02efacd-CDN/-23x24x/9116/n2r6gc/1bfa1eaa8b04ae6d4124fc3e33a6146f/_/download/contextbatch/js/_super/batch.js?locale=en-US:2852:304) @ https://wiki.one.int.sap/wiki/s/92d2c4742cba354172eb1affa02efacd-CDN/-23x24x/9116/n2r6gc/1bfa1eaa8b04ae6d4124fc3e33a6146f/_/download/contextbatch/js/_super/batch.js?locale=en-US:2576
[    1758ms] [WARNING] DEPRECATED undefined - AJS.params has been deprecated since 9.0.0 and will be removed in 10.0.0.  
     at HTMLMetaElement.<anonymous> (https://wiki.one.int.sap/wiki/s/92d2c4742cba354172eb1affa02efacd-CDN/-23x24x/9116/n2r6gc/1bfa1eaa8b04ae6d4124fc3e33a6146f/_/download/contextbatch/js/_super/batch.js?locale=en-US:2852:304) @ https://wiki.one.int.sap/wiki/s/92d2c4742cba354172eb1affa02efacd-CDN/-23x24x/9116/n2r6gc/1bfa1eaa8b04ae6d4124fc3e33a6146f/_/download/contextbatch/js/_super/batch.js?locale=en-US:2576
[    1758ms] [WARNING] DEPRECATED undefined - AJS.params has been deprecated since 9.0.0 and will be removed in 10.0.0.  
     at HTMLMetaElement.<anonymous> (https://wiki.one.int.sap/wiki/s/92d2c4742cba354172eb1affa02efacd-CDN/-23x24x/9116/n2r6gc/1bfa1eaa8b04ae6d4124fc3e33a6146f/_/download/contextbatch/js/_super/batch.js?locale=en-US:2852:304) @ https://wiki.one.int.sap/wiki/s/92d2c4742cba354172eb1affa02efacd-CDN/-23x24x/9116/n2r6gc/1bfa1eaa8b04ae6d4124fc3e33a6146f/_/download/contextbatch/js/_super/batch.js?locale=en-US:2576
[    1758ms] [WARNING] DEPRECATED undefined - AJS.params has been deprecated since 9.0.0 and will be removed in 10.0.0.  
     at HTMLMetaElement.<anonymous> (https://wiki.one.int.sap/wiki/s/92d2c4742cba354172eb1affa02efacd-CDN/-23x24x/9116/n2r6gc/1bfa1eaa8b04ae6d4124fc3e33a6146f/_/download/contextbatch/js/_super/batch.js?locale=en-US:2852:304) @ https://wiki.one.int.sap/wiki/s/92d2c4742cba354172eb1affa02efacd-CDN/-23x24x/9116/n2r6gc/1bfa1eaa8b04ae6d4124fc3e33a6146f/_/download/contextbatch/js/_super/batch.js?locale=en-US:2576
[    1758ms] [WARNING] DEPRECATED undefined - AJS.params has been deprecated since 9.0.0 and will be removed in 10.0.0.  
     at HTMLMetaElement.<anonymous> (https://wiki.one.int.sap/wiki/s/92d2c4742cba354172eb1affa02efacd-CDN/-23x24x/9116/n2r6gc/1bfa1eaa8b04ae6d4124fc3e33a6146f/_/download/contextbatch/js/_super/batch.js?locale=en-US:2852:304) @ https://wiki.one.int.sap/wiki/s/92d2c4742cba354172eb1affa02efacd-CDN/-23x24x/9116/n2r6gc/1bfa1eaa8b04ae6d4124fc3e33a6146f/_/download/contextbatch/js/_super/batch.js?locale=en-US:2576
[    1758ms] [WARNING] DEPRECATED undefined - AJS.params has been deprecated since 9.0.0 and will be removed in 10.0.0.  
     at HTMLMetaElement.<anonymous> (https://wiki.one.int.sap/wiki/s/92d2c4742cba354172eb1affa02efacd-CDN/-23x24x/9116/n2r6gc/1bfa1eaa8b04ae6d4124fc3e33a6146f/_/download/contextbatch/js/_super/batch.js?locale=en-US:2852:304) @ https://wiki.one.int.sap/wiki/s/92d2c4742cba354172eb1affa02efacd-CDN/-23x24x/9116/n2r6gc/1bfa1eaa8b04ae6d4124fc3e33a6146f/_/download/contextbatch/js/_super/batch.js?locale=en-US:2576
[    1758ms] [WARNING] DEPRECATED undefined - AJS.params has been deprecated since 9.0.0 and will be removed in 10.0.0.  
     at HTMLMetaElement.<anonymous> (https://wiki.one.int.sap/wiki/s/92d2c4742cba354172eb1affa02efacd-CDN/-23x24x/9116/n2r6gc/1bfa1eaa8b04ae6d4124fc3e33a6146f/_/download/contextbatch/js/_super/batch.js?locale=en-US:2852:304) @ https://wiki.one.int.sap/wiki/s/92d2c4742cba354172eb1affa02efacd-CDN/-23x24x/9116/n2r6gc/1bfa1eaa8b04ae6d4124fc3e33a6146f/_/download/contextbatch/js/_super/batch.js?locale=en-US:2576
[    1758ms] [WARNING] DEPRECATED undefined - AJS.params has been deprecated since 9.0.0 and will be removed in 10.0.0.  
     at HTMLMetaElement.<anonymous> (https://wiki.one.int.sap/wiki/s/92d2c4742cba354172eb1affa02efacd-CDN/-23x24x/9116/n2r6gc/1bfa1eaa8b04ae6d4124fc3e33a6146f/_/download/contextbatch/js/_super/batch.js?locale=en-US:2852:304) @ https://wiki.one.int.sap/wiki/s/92d2c4742cba354172eb1affa02efacd-CDN/-23x24x/9116/n2r6gc/1bfa1eaa8b04ae6d4124fc3e33a6146f/_/download/contextbatch/js/_super/batch.js?locale=en-US:2576
[    1758ms] [WARNING] DEPRECATED undefined - AJS.params has been deprecated since 9.0.0 and will be removed in 10.0.0.  
     at HTMLMetaElement.<anonymous> (https://wiki.one.int.sap/wiki/s/92d2c4742cba354172eb1affa02efacd-CDN/-23x24x/9116/n2r6gc/1bfa1eaa8b04ae6d4124fc3e33a6146f/_/download/contextbatch/js/_super/batch.js?locale=en-US:2852:304) @ https://wiki.one.int.sap/wiki/s/92d2c4742cba354172eb1affa02efacd-CDN/-23x24x/9116/n2r6gc/1bfa1eaa8b04ae6d4124fc3e33a6146f/_/download/contextbatch/js/_super/batch.js?locale=en-US:2576
[    1758ms] [WARNING] DEPRECATED undefined - AJS.params has been deprecated since 9.0.0 and will be removed in 10.0.0.  
     at HTMLMetaElement.<anonymous> (https://wiki.one.int.sap/wiki/s/92d2c4742cba354172eb1affa02efacd-CDN/-23x24x/9116/n2r6gc/1bfa1eaa8b04ae6d4124fc3e33a6146f/_/download/contextbatch/js/_super/batch.js?locale=en-US:2852:304) @ https://wiki.one.int.sap/wiki/s/92d2c4742cba354172eb1affa02efacd-CDN/-23x24x/9116/n2r6gc/1bfa1eaa8b04ae6d4124fc3e33a6146f/_/download/contextbatch/js/_super/batch.js?locale=en-US:2576
[    1758ms] [WARNING] DEPRECATED undefined - AJS.params has been deprecated since 9.0.0 and will be removed in 10.0.0.  
     at HTMLMetaElement.<anonymous> (https://wiki.one.int.sap/wiki/s/92d2c4742cba354172eb1affa02efacd-CDN/-23x24x/9116/n2r6gc/1bfa1eaa8b04ae6d4124fc3e33a6146f/_/download/contextbatch/js/_super/batch.js?locale=en-US:2852:304) @ https://wiki.one.int.sap/wiki/s/92d2c4742cba354172eb1affa02efacd-CDN/-23x24x/9116/n2r6gc/1bfa1eaa8b04ae6d4124fc3e33a6146f/_/download/contextbatch/js/_super/batch.js?locale=en-US:2576
[    1758ms] [WARNING] DEPRECATED undefined - AJS.params has been deprecated since 9.0.0 and will be removed in 10.0.0.  
     at HTMLMetaElement.<anonymous> (https://wiki.one.int.sap/wiki/s/92d2c4742cba354172eb1affa02efacd-CDN/-23x24x/9116/n2r6gc/1bfa1eaa8b04ae6d4124fc3e33a6146f/_/download/contextbatch/js/_super/batch.js?locale=en-US:2852:304) @ https://wiki.one.int.sap/wiki/s/92d2c4742cba354172eb1affa02efacd-CDN/-23x24x/9116/n2r6gc/1bfa1eaa8b04ae6d4124fc3e33a6146f/_/download/contextbatch/js/_super/batch.js?locale=en-US:2576
[    1758ms] [WARNING] DEPRECATED undefined - AJS.params has been deprecated since 9.0.0 and will be removed in 10.0.0.  
     at HTMLMetaElement.<anonymous> (https://wiki.one.int.sap/wiki/s/92d2c4742cba354172eb1affa02efacd-CDN/-23x24x/9116/n2r6gc/1bfa1eaa8b04ae6d4124fc3e33a6146f/_/download/contextbatch/js/_super/batch.js?locale=en-US:2852:304) @ https://wiki.one.int.sap/wiki/s/92d2c4742cba354172eb1affa02efacd-CDN/-23x24x/9116/n2r6gc/1bfa1eaa8b04ae6d4124fc3e33a6146f/_/download/contextbatch/js/_super/batch.js?locale=en-US:2576
[    1758ms] [WARNING] DEPRECATED undefined - AJS.params has been deprecated since 9.0.0 and will be removed in 10.0.0.  
     at HTMLMetaElement.<anonymous> (https://wiki.one.int.sap/wiki/s/92d2c4742cba354172eb1affa02efacd-CDN/-23x24x/9116/n2r6gc/1bfa1eaa8b04ae6d4124fc3e33a6146f/_/download/contextbatch/js/_super/batch.js?locale=en-US:2852:304) @ https://wiki.one.int.sap/wiki/s/92d2c4742cba354172eb1affa02efacd-CDN/-23x24x/9116/n2r6gc/1bfa1eaa8b04ae6d4124fc3e33a6146f/_/download/contextbatch/js/_super/batch.js?locale=en-US:2576
[    1758ms] [WARNING] DEPRECATED undefined - AJS.params has been deprecated since 9.0.0 and will be removed in 10.0.0.  
     at HTMLMetaElement.<anonymous> (https://wiki.one.int.sap/wiki/s/92d2c4742cba354172eb1affa02efacd-CDN/-23x24x/9116/n2r6gc/1bfa1eaa8b04ae6d4124fc3e33a6146f/_/download/contextbatch/js/_super/batch.js?locale=en-US:2852:304) @ https://wiki.one.int.sap/wiki/s/92d2c4742cba354172eb1affa02efacd-CDN/-23x24x/9116/n2r6gc/1bfa1eaa8b04ae6d4124fc3e33a6146f/_/download/contextbatch/js/_super/batch.js?locale=en-US:2576
[    1758ms] [WARNING] DEPRECATED undefined - AJS.params has been deprecated since 9.0.0 and will be removed in 10.0.0.  
     at HTMLMetaElement.<anonymous> (https://wiki.one.int.sap/wiki/s/92d2c4742cba354172eb1affa02efacd-CDN/-23x24x/9116/n2r6gc/1bfa1eaa8b04ae6d4124fc3e33a6146f/_/download/contextbatch/js/_super/batch.js?locale=en-US:2852:304) @ https://wiki.one.int.sap/wiki/s/92d2c4742cba354172eb1affa02efacd-CDN/-23x24x/9116/n2r6gc/1bfa1eaa8b04ae6d4124fc3e33a6146f/_/download/contextbatch/js/_super/batch.js?locale=en-US:2576
[    1759ms] [WARNING] DEPRECATED undefined - AJS.params has been deprecated since 9.0.0 and will be removed in 10.0.0.  
     at HTMLMetaElement.<anonymous> (https://wiki.one.int.sap/wiki/s/92d2c4742cba354172eb1affa02efacd-CDN/-23x24x/9116/n2r6gc/1bfa1eaa8b04ae6d4124fc3e33a6146f/_/download/contextbatch/js/_super/batch.js?locale=en-US:2852:304) @ https://wiki.one.int.sap/wiki/s/92d2c4742cba354172eb1affa02efacd-CDN/-23x24x/9116/n2r6gc/1bfa1eaa8b04ae6d4124fc3e33a6146f/_/download/contextbatch/js/_super/batch.js?locale=en-US:2576
[    1772ms] [WARNING] DEPRECATED JS - PopulateParameters has been deprecated since 9.0.0 and will be removed in 10.0.0.  
     at HTMLDocument.<anonymous> (https://wiki.one.int.sap/wiki/s/92d2c4742cba354172eb1affa02efacd-CDN/-23x24x/9116/n2r6gc/1bfa1eaa8b04ae6d4124fc3e33a6146f/_/download/contextbatch/js/_super/batch.js?locale=en-US:2682:988) @ https://wiki.one.int.sap/wiki/s/92d2c4742cba354172eb1affa02efacd-CDN/-23x24x/9116/n2r6gc/1bfa1eaa8b04ae6d4124fc3e33a6146f/_/download/contextbatch/js/_super/batch.js?locale=en-US:2576
[    1782ms] [WARNING] DEPRECATED JS - Dialog has been deprecated since 6.0.6 and will be removed in a future release. Use require('confluence-create-content/space-blueprint')  
     at https://wiki.one.int.sap/wiki/s/92d2c4742cba354172eb1affa02efacd-CDN/-23x24x/9116/n2r6gc/1bfa1eaa8b04ae6d4124fc3e33a6146f/_/download/contextbatch/js/_super/batch.js?locale=en-US:3634:56 @ https://wiki.one.int.sap/wiki/s/92d2c4742cba354172eb1affa02efacd-CDN/-23x24x/9116/n2r6gc/1bfa1eaa8b04ae6d4124fc3e33a6146f/_/download/contextbatch/js/_super/batch.js?locale=en-US:2576
[    1860ms] [LOG] [WRM] [handler] Downloading resources [css!/wiki/s/9e0c3ab9cc4abe10173c508187b5202e-CDN/-…etup=true&theme.switcher=true&user-logged-in=true, js!/wiki/s/96a6042f2fa548fad8bc1cf4717da273-CDN/-2…etup=true&theme.switcher=true&user-logged-in=true, js!/wiki/s/61f4ec5c93800775c916150d1014c62f-CDN/-2…urces/jqltable-editor.js?batch=false&locale=en-US, js!/wiki/s/99914b932bd37a50b983c5e7c90ae93b-CDN/-2…le-settings-panel.soy.js?batch=false&locale=en-US] @ https://wiki.one.int.sap/wiki/s/92d2c4742cba354172eb1affa02efacd-CDN/-23x24x/9116/n2r6gc/1bfa1eaa8b04ae6d4124fc3e33a6146f/_/download/contextbatch/js/_super/batch.js?locale=en-US:21
[    1889ms] [WARNING] DEPRECATED JS - AJS.debounce has been deprecated since 8.0.0 and will be removed in 10.0.0. Use equivalent functions from libraries like lodash / underscore instead  
     at https://wiki.one.int.sap/wiki/s/96a6042f2fa548fad8bc1cf4717da273-CDN/-23x24x/9116/n2r6gc/bd244c994bb049f778fc8222aa2fb6e2/_/download/contextbatch/js/editor,macro-browser,-_super,-atl.general,-com.atlassian.confluence.plugins.confluence-inline-comments:app,-main,-viewcontent,-com.atlassian.confluence.plugins.confluence-inline-comments:EditorContextInit,-page,-browser-metrics-plugin.contrib,-atl.comments,-com.stiltsoft.confluence.plugin.tablefilter.tablefilter:live-filter-resources/batch.js?analytics-enabled=false&cefp_collab_enabled=true&cefp_ed_perm=false&cefp_is_admin=false&gatekeeper-ui-v2=true&highlightactions=true&hostenabled=true&locale=en-US&table-resizable.breaking-text=false&tc-license-setup=true&theme.switcher=true&user-logged-in=true:771:136 @ https://wiki.one.int.sap/wiki/s/92d2c4742cba354172eb1affa02efacd-CDN/-23x24x/9116/n2r6gc/1bfa1eaa8b04ae6d4124fc3e33a6146f/_/download/contextbatch/js/_super/batch.js?locale=en-US:2576
[    1892ms] [WARNING] DEPRECATED undefined - AJS.params has been deprecated since 9.0.0 and will be removed in 10.0.0.  
     at https://wiki.one.int.sap/wiki/s/96a6042f2fa548fad8bc1cf4717da273-CDN/-23x24x/9116/n2r6gc/bd244c994bb049f778fc8222aa2fb6e2/_/download/contextbatch/js/editor,macro-browser,-_super,-atl.general,-com.atlassian.confluence.plugins.confluence-inline-comments:app,-main,-viewcontent,-com.atlassian.confluence.plugins.confluence-inline-comments:EditorContextInit,-page,-browser-metrics-plugin.contrib,-atl.comments,-com.stiltsoft.confluence.plugin.tablefilter.tablefilter:live-filter-resources/batch.js?analytics-enabled=false&cefp_collab_enabled=true&cefp_ed_perm=false&cefp_is_admin=false&gatekeeper-ui-v2=true&highlightactions=true&hostenabled=true&locale=en-US&table-resizable.breaking-text=false&tc-license-setup=true&theme.switcher=true&user-logged-in=true:4537:90 @ https://wiki.one.int.sap/wiki/s/92d2c4742cba354172eb1affa02efacd-CDN/-23x24x/9116/n2r6gc/1bfa1eaa8b04ae6d4124fc3e33a6146f/_/download/contextbatch/js/_super/batch.js?locale=en-US:2576
[    1899ms] [WARNING] Multiple versions of FeatureGateClients found on the current page.
      The currently bound version is 5.5.2 when module version 5.0.0 was loading. @ https://wiki.one.int.sap/wiki/s/96a6042f2fa548fad8bc1cf4717da273-CDN/-23x24x/9116/n2r6gc/bd244c994bb049f778fc8222aa2fb6e2/_/download/contextbatch/js/editor,macro-browser,-_super,-atl.general,-com.atlassian.confluence.plugins.confluence-inline-comments:app,-main,-viewcontent,-com.atlassian.confluence.plugins.confluence-inline-comments:EditorContextInit,-page,-browser-metrics-plugin.contrib,-atl.comments,-com.stiltsoft.confluence.plugin.tablefilter.tablefilter:live-filter-resources/batch.js?analytics-enabled=false&cefp_collab_enabled=true&cefp_ed_perm=false&cefp_is_admin=false&gatekeeper-ui-v2=true&highlightactions=true&hostenabled=true&locale=en-US&table-resizable.breaking-text=false&tc-license-setup=true&theme.switcher=true&user-logged-in=true:11847
[    1902ms] [WARNING] Multiple versions of FeatureGateClients found on the current page.
      The currently bound version is 5.5.2 when module version 5.3.1 was loading. @ https://wiki.one.int.sap/wiki/s/96a6042f2fa548fad8bc1cf4717da273-CDN/-23x24x/9116/n2r6gc/bd244c994bb049f778fc8222aa2fb6e2/_/download/contextbatch/js/editor,macro-browser,-_super,-atl.general,-com.atlassian.confluence.plugins.confluence-inline-comments:app,-main,-viewcontent,-com.atlassian.confluence.plugins.confluence-inline-comments:EditorContextInit,-page,-browser-metrics-plugin.contrib,-atl.comments,-com.stiltsoft.confluence.plugin.tablefilter.tablefilter:live-filter-resources/batch.js?analytics-enabled=false&cefp_collab_enabled=true&cefp_ed_perm=false&cefp_is_admin=false&gatekeeper-ui-v2=true&highlightactions=true&hostenabled=true&locale=en-US&table-resizable.breaking-text=false&tc-license-setup=true&theme.switcher=true&user-logged-in=true:11946
[    1905ms] [LOG] timePicker has been downloaded @ https://wiki.one.int.sap/wiki/s/96a6042f2fa548fad8bc1cf4717da273-CDN/-23x24x/9116/n2r6gc/bd244c994bb049f778fc8222aa2fb6e2/_/download/contextbatch/js/editor,macro-browser,-_super,-atl.general,-com.atlassian.confluence.plugins.confluence-inline-comments:app,-main,-viewcontent,-com.atlassian.confluence.plugins.confluence-inline-comments:EditorContextInit,-page,-browser-metrics-plugin.contrib,-atl.comments,-com.stiltsoft.confluence.plugin.tablefilter.tablefilter:live-filter-resources/batch.js?analytics-enabled=false&cefp_collab_enabled=true&cefp_ed_perm=false&cefp_is_admin=false&gatekeeper-ui-v2=true&highlightactions=true&hostenabled=true&locale=en-US&table-resizable.breaking-text=false&tc-license-setup=true&theme.switcher=true&user-logged-in=true:12759
[    1905ms] [LOG] countdown-macro-config.js has been loaded @ https://wiki.one.int.sap/wiki/s/96a6042f2fa548fad8bc1cf4717da273-CDN/-23x24x/9116/n2r6gc/bd244c994bb049f778fc8222aa2fb6e2/_/download/contextbatch/js/editor,macro-browser,-_super,-atl.general,-com.atlassian.confluence.plugins.confluence-inline-comments:app,-main,-viewcontent,-com.atlassian.confluence.plugins.confluence-inline-comments:EditorContextInit,-page,-browser-metrics-plugin.contrib,-atl.comments,-com.stiltsoft.confluence.plugin.tablefilter.tablefilter:live-filter-resources/batch.js?analytics-enabled=false&cefp_collab_enabled=true&cefp_ed_perm=false&cefp_is_admin=false&gatekeeper-ui-v2=true&highlightactions=true&hostenabled=true&locale=en-US&table-resizable.breaking-text=false&tc-license-setup=true&theme.switcher=true&user-logged-in=true:12877
[    1913ms] [WARNING] DEPRECATED undefined - AJS.params has been deprecated since 9.0.0 and will be removed in 10.0.0.  
     at Object.getParam (https://wiki.one.int.sap/wiki/s/d768014809aa9e9356abc4f32fa3cf06-CDN/-23x24x/9116/n2r6gc/fa8ab6e9231284a06bf1fb80b856a1e4/_/download/contextbatch/js/atl.confluence.plugins.pagetree-desktop,main,page,viewcontent,atl.general,atl.comments,-_super/batch.js?analytics-enabled=false&cefp_collab_enabled=true&cefp_ed_perm=false&cefp_is_admin=false&gatekeeper-ui-v2=true&highlightactions=true&hostenabled=true&locale=en-US&table-resizable.breaking-text=false&theme.switcher=true&user-logged-in=true:227:281) @ https://wiki.one.int.sap/wiki/s/92d2c4742cba354172eb1affa02efacd-CDN/-23x24x/9116/n2r6gc/1bfa1eaa8b04ae6d4124fc3e33a6146f/_/download/contextbatch/js/_super/batch.js?locale=en-US:2576
[    2013ms] [LOG] [WRM] [handler] Downloading resources [js!/wiki/s/61f4ec5c93800775c916150d1014c62f-CDN/-2…sian.auiplugin:7498,-_super/batch.js?locale=en-US] @ https://wiki.one.int.sap/wiki/s/92d2c4742cba354172eb1affa02efacd-CDN/-23x24x/9116/n2r6gc/1bfa1eaa8b04ae6d4124fc3e33a6146f/_/download/contextbatch/js/_super/batch.js?locale=en-US:21
[    2144ms] [LOG] Synchrony successfully initialised. @ https://wiki.one.int.sap/wiki/s/92d2c4742cba354172eb1affa02efacd-CDN/-23x24x/9116/n2r6gc/1bfa1eaa8b04ae6d4124fc3e33a6146f/_/download/contextbatch/js/_super/batch.js?locale=en-US:2581
[    2144ms] [LOG] [Tue Jul 14 2026 17:53:08 GMT+0800 (China Standard Time)] Synchrony JWT expired or invalid, retrieving new token. @ https://wiki.one.int.sap/wiki/s/92d2c4742cba354172eb1affa02efacd-CDN/-23x24x/9116/n2r6gc/1bfa1eaa8b04ae6d4124fc3e33a6146f/_/download/contextbatch/js/_super/batch.js?locale=en-US:2581
[    2380ms] [ERROR] Failed to load resource: the server responded with a status of 401 () @ https://wiki.one.int.sap/wiki/rest/synchrony/1.0/token/1543407600/generate?_=1784022786796:0
[    2380ms] [LOG] Confluence failed to renew JWT token. @ https://wiki.one.int.sap/wiki/s/92d2c4742cba354172eb1affa02efacd-CDN/-23x24x/9116/n2r6gc/1bfa1eaa8b04ae6d4124fc3e33a6146f/_/download/contextbatch/js/_super/batch.js?locale=en-US:2581
[    2951ms] TypeError: u.value.getElementsByClassName is not a function
    at https://wiki.one.int.sap/wiki/s/96a6042f2fa548fad8bc1cf4717da273-CDN/-23x24x/9116/n2r6gc/bd244c994bb049f778fc8222aa2fb6e2/_/download/contextbatch/js/editor,macro-browser,-_super,-atl.general,-com.atlassian.confluence.plugins.confluence-inline-comments:app,-main,-viewcontent,-com.atlassian.confluence.plugins.confluence-inline-comments:EditorContextInit,-page,-browser-metrics-plugin.contrib,-atl.comments,-com.stiltsoft.confluence.plugin.tablefilter.tablefilter:live-filter-resources/batch.js?analytics-enabled=false&cefp_collab_enabled=true&cefp_ed_perm=false&cefp_is_admin=false&gatekeeper-ui-v2=true&highlightactions=true&hostenabled=true&locale=en-US&table-resizable.breaking-text=false&tc-license-setup=true&theme.switcher=true&user-logged-in=true:6307:2556
    at Array.forEach (<anonymous>)
    at MutationObserver.<anonymous> (https://wiki.one.int.sap/wiki/s/96a6042f2fa548fad8bc1cf4717da273-CDN/-23x24x/9116/n2r6gc/bd244c994bb049f778fc8222aa2fb6e2/_/download/contextbatch/js/editor,macro-browser,-_super,-atl.general,-com.atlassian.confluence.plugins.confluence-inline-comments:app,-main,-viewcontent,-com.atlassian.confluence.plugins.confluence-inline-comments:EditorContextInit,-page,-browser-metrics-plugin.contrib,-atl.comments,-com.stiltsoft.confluence.plugin.tablefilter.tablefilter:live-filter-resources/batch.js?analytics-enabled=false&cefp_collab_enabled=true&cefp_ed_perm=false&cefp_is_admin=false&gatekeeper-ui-v2=true&highlightactions=true&hostenabled=true&locale=en-US&table-resizable.breaking-text=false&tc-license-setup=true&theme.switcher=true&user-logged-in=true:6307:2427)
[  920735ms] [ERROR] Failed to load resource: net::ERR_INTERNET_DISCONNECTED @ https://wiki.one.int.sap/wiki/rest/mywork/latest/status/notification/count?_=1784022786802:0
[ 1155601ms] [ERROR] Failed to load resource: net::ERR_INTERNET_DISCONNECTED @ https://wiki.one.int.sap/wiki/rest/mywork/latest/status/notification/count?_=1784022786803:0
[ 1484656ms] [ERROR] Failed to load resource: net::ERR_INTERNET_DISCONNECTED @ https://wiki.one.int.sap/wiki/rest/mywork/latest/status/notification/count?_=1784022786804:0
[ 2724354ms] [ERROR] Failed to load resource: net::ERR_INTERNET_DISCONNECTED @ https://wiki.one.int.sap/wiki/rest/mywork/latest/status/notification/count?_=1784022786805:0
[ 3267633ms] [ERROR] Failed to load resource: net::ERR_INTERNET_DISCONNECTED @ https://wiki.one.int.sap/wiki/rest/mywork/latest/status/notification/count?_=1784022786806:0
[ 4203310ms] [ERROR] Failed to load resource: net::ERR_INTERNET_DISCONNECTED @ https://wiki.one.int.sap/wiki/rest/mywork/latest/status/notification/count?_=1784022786807:0
[ 4883132ms] [ERROR] Failed to load resource: net::ERR_INTERNET_DISCONNECTED @ https://wiki.one.int.sap/wiki/rest/mywork/latest/status/notification/count?_=1784022786808:0
[ 5588769ms] [ERROR] Failed to load resource: net::ERR_INTERNET_DISCONNECTED @ https://wiki.one.int.sap/wiki/rest/mywork/latest/status/notification/count?_=1784022786809:0
[12465044ms] [ERROR] Failed to load resource: net::ERR_INTERNET_DISCONNECTED @ https://wiki.one.int.sap/wiki/rest/mywork/latest/status/notification/count?_=1784022786810:0
[13486788ms] [ERROR] Failed to load resource: net::ERR_INTERNET_DISCONNECTED @ https://wiki.one.int.sap/wiki/rest/mywork/latest/status/notification/count?_=1784022786811:0
[14502361ms] [ERROR] Failed to load resource: net::ERR_INTERNET_DISCONNECTED @ https://wiki.one.int.sap/wiki/rest/mywork/latest/status/notification/count?_=1784022786812:0
[91026734ms] [ERROR] Failed to load resource: net::ERR_NETWORK_CHANGED @ https://wiki.one.int.sap/wiki/rest/mywork/latest/status/notification/count?_=1784022786930:0
