[    1199ms] [LOG] JQMIGRATE: Migrate is installed with logging active, version 3.4.0 @ https://wiki.one.int.sap/wiki/s/92d2c4742cba354172eb1affa02efacd-CDN/-23x24x/9116/n2r6gc/1bfa1eaa8b04ae6d4124fc3e33a6146f/_/download/contextbatch/js/_super/batch.js?locale=en-US:99
[    1199ms] [WARNING] Use of `window._` through AUI is deprecated and will be removed in AUI 10.0.0 @ https://wiki.one.int.sap/wiki/s/92d2c4742cba354172eb1affa02efacd-CDN/-23x24x/9116/n2r6gc/1bfa1eaa8b04ae6d4124fc3e33a6146f/_/download/contextbatch/js/_super/batch.js?locale=en-US:173
[    1203ms] [WARNING] DEPRECATED undefined - AJS.params has been deprecated since 9.0.0 and will be removed in 10.0.0.  
     at HTMLMetaElement.<anonymous> (https://wiki.one.int.sap/wiki/s/92d2c4742cba354172eb1affa02efacd-CDN/-23x24x/9116/n2r6gc/1bfa1eaa8b04ae6d4124fc3e33a6146f/_/download/contextbatch/js/_super/batch.js?locale=en-US:2852:304) @ https://wiki.one.int.sap/wiki/s/92d2c4742cba354172eb1affa02efacd-CDN/-23x24x/9116/n2r6gc/1bfa1eaa8b04ae6d4124fc3e33a6146f/_/download/contextbatch/js/_super/batch.js?locale=en-US:2576
[    1204ms] [WARNING] DEPRECATED undefined - AJS.params has been deprecated since 9.0.0 and will be removed in 10.0.0.  
     at HTMLMetaElement.<anonymous> (https://wiki.one.int.sap/wiki/s/92d2c4742cba354172eb1affa02efacd-CDN/-23x24x/9116/n2r6gc/1bfa1eaa8b04ae6d4124fc3e33a6146f/_/download/contextbatch/js/_super/batch.js?locale=en-US:2852:304) @ https://wiki.one.int.sap/wiki/s/92d2c4742cba354172eb1affa02efacd-CDN/-23x24x/9116/n2r6gc/1bfa1eaa8b04ae6d4124fc3e33a6146f/_/download/contextbatch/js/_super/batch.js?locale=en-US:2576
[    1204ms] [WARNING] DEPRECATED undefined - AJS.params has been deprecated since 9.0.0 and will be removed in 10.0.0.  
     at HTMLMetaElement.<anonymous> (https://wiki.one.int.sap/wiki/s/92d2c4742cba354172eb1affa02efacd-CDN/-23x24x/9116/n2r6gc/1bfa1eaa8b04ae6d4124fc3e33a6146f/_/download/contextbatch/js/_super/batch.js?locale=en-US:2852:304) @ https://wiki.one.int.sap/wiki/s/92d2c4742cba354172eb1affa02efacd-CDN/-23x24x/9116/n2r6gc/1bfa1eaa8b04ae6d4124fc3e33a6146f/_/download/contextbatch/js/_super/batch.js?locale=en-US:2576
[    1204ms] [WARNING] DEPRECATED undefined - AJS.params has been deprecated since 9.0.0 and will be removed in 10.0.0.  
     at HTMLMetaElement.<anonymous> (https://wiki.one.int.sap/wiki/s/92d2c4742cba354172eb1affa02efacd-CDN/-23x24x/9116/n2r6gc/1bfa1eaa8b04ae6d4124fc3e33a6146f/_/download/contextbatch/js/_super/batch.js?locale=en-US:2852:304) @ https://wiki.one.int.sap/wiki/s/92d2c4742cba354172eb1affa02efacd-CDN/-23x24x/9116/n2r6gc/1bfa1eaa8b04ae6d4124fc3e33a6146f/_/download/contextbatch/js/_super/batch.js?locale=en-US:2576
[    1204ms] [WARNING] DEPRECATED undefined - AJS.params has been deprecated since 9.0.0 and will be removed in 10.0.0.  
     at HTMLMetaElement.<anonymous> (https://wiki.one.int.sap/wiki/s/92d2c4742cba354172eb1affa02efacd-CDN/-23x24x/9116/n2r6gc/1bfa1eaa8b04ae6d4124fc3e33a6146f/_/download/contextbatch/js/_super/batch.js?locale=en-US:2852:304) @ https://wiki.one.int.sap/wiki/s/92d2c4742cba354172eb1affa02efacd-CDN/-23x24x/9116/n2r6gc/1bfa1eaa8b04ae6d4124fc3e33a6146f/_/download/contextbatch/js/_super/batch.js?locale=en-US:2576
[    1204ms] [WARNING] DEPRECATED undefined - AJS.params has been deprecated since 9.0.0 and will be removed in 10.0.0.  
     at HTMLMetaElement.<anonymous> (https://wiki.one.int.sap/wiki/s/92d2c4742cba354172eb1affa02efacd-CDN/-23x24x/9116/n2r6gc/1bfa1eaa8b04ae6d4124fc3e33a6146f/_/download/contextbatch/js/_super/batch.js?locale=en-US:2852:304) @ https://wiki.one.int.sap/wiki/s/92d2c4742cba354172eb1affa02efacd-CDN/-23x24x/9116/n2r6gc/1bfa1eaa8b04ae6d4124fc3e33a6146f/_/download/contextbatch/js/_super/batch.js?locale=en-US:2576
[    1204ms] [WARNING] DEPRECATED undefined - AJS.params has been deprecated since 9.0.0 and will be removed in 10.0.0.  
     at HTMLMetaElement.<anonymous> (https://wiki.one.int.sap/wiki/s/92d2c4742cba354172eb1affa02efacd-CDN/-23x24x/9116/n2r6gc/1bfa1eaa8b04ae6d4124fc3e33a6146f/_/download/contextbatch/js/_super/batch.js?locale=en-US:2852:304) @ https://wiki.one.int.sap/wiki/s/92d2c4742cba354172eb1affa02efacd-CDN/-23x24x/9116/n2r6gc/1bfa1eaa8b04ae6d4124fc3e33a6146f/_/download/contextbatch/js/_super/batch.js?locale=en-US:2576
[    1204ms] [WARNING] DEPRECATED undefined - AJS.params has been deprecated since 9.0.0 and will be removed in 10.0.0.  
     at HTMLMetaElement.<anonymous> (https://wiki.one.int.sap/wiki/s/92d2c4742cba354172eb1affa02efacd-CDN/-23x24x/9116/n2r6gc/1bfa1eaa8b04ae6d4124fc3e33a6146f/_/download/contextbatch/js/_super/batch.js?locale=en-US:2852:304) @ https://wiki.one.int.sap/wiki/s/92d2c4742cba354172eb1affa02efacd-CDN/-23x24x/9116/n2r6gc/1bfa1eaa8b04ae6d4124fc3e33a6146f/_/download/contextbatch/js/_super/batch.js?locale=en-US:2576
[    1204ms] [WARNING] DEPRECATED undefined - AJS.params has been deprecated since 9.0.0 and will be removed in 10.0.0.  
     at HTMLMetaElement.<anonymous> (https://wiki.one.int.sap/wiki/s/92d2c4742cba354172eb1affa02efacd-CDN/-23x24x/9116/n2r6gc/1bfa1eaa8b04ae6d4124fc3e33a6146f/_/download/contextbatch/js/_super/batch.js?locale=en-US:2852:304) @ https://wiki.one.int.sap/wiki/s/92d2c4742cba354172eb1affa02efacd-CDN/-23x24x/9116/n2r6gc/1bfa1eaa8b04ae6d4124fc3e33a6146f/_/download/contextbatch/js/_super/batch.js?locale=en-US:2576
[    1204ms] [WARNING] DEPRECATED undefined - AJS.params has been deprecated since 9.0.0 and will be removed in 10.0.0.  
     at HTMLMetaElement.<anonymous> (https://wiki.one.int.sap/wiki/s/92d2c4742cba354172eb1affa02efacd-CDN/-23x24x/9116/n2r6gc/1bfa1eaa8b04ae6d4124fc3e33a6146f/_/download/contextbatch/js/_super/batch.js?locale=en-US:2852:304) @ https://wiki.one.int.sap/wiki/s/92d2c4742cba354172eb1affa02efacd-CDN/-23x24x/9116/n2r6gc/1bfa1eaa8b04ae6d4124fc3e33a6146f/_/download/contextbatch/js/_super/batch.js?locale=en-US:2576
[    1204ms] [WARNING] DEPRECATED undefined - AJS.params has been deprecated since 9.0.0 and will be removed in 10.0.0.  
     at HTMLMetaElement.<anonymous> (https://wiki.one.int.sap/wiki/s/92d2c4742cba354172eb1affa02efacd-CDN/-23x24x/9116/n2r6gc/1bfa1eaa8b04ae6d4124fc3e33a6146f/_/download/contextbatch/js/_super/batch.js?locale=en-US:2852:304) @ https://wiki.one.int.sap/wiki/s/92d2c4742cba354172eb1affa02efacd-CDN/-23x24x/9116/n2r6gc/1bfa1eaa8b04ae6d4124fc3e33a6146f/_/download/contextbatch/js/_super/batch.js?locale=en-US:2576
[    1204ms] [WARNING] DEPRECATED undefined - AJS.params has been deprecated since 9.0.0 and will be removed in 10.0.0.  
     at HTMLMetaElement.<anonymous> (https://wiki.one.int.sap/wiki/s/92d2c4742cba354172eb1affa02efacd-CDN/-23x24x/9116/n2r6gc/1bfa1eaa8b04ae6d4124fc3e33a6146f/_/download/contextbatch/js/_super/batch.js?locale=en-US:2852:304) @ https://wiki.one.int.sap/wiki/s/92d2c4742cba354172eb1affa02efacd-CDN/-23x24x/9116/n2r6gc/1bfa1eaa8b04ae6d4124fc3e33a6146f/_/download/contextbatch/js/_super/batch.js?locale=en-US:2576
[    1204ms] [WARNING] DEPRECATED undefined - AJS.params has been deprecated since 9.0.0 and will be removed in 10.0.0.  
     at HTMLMetaElement.<anonymous> (https://wiki.one.int.sap/wiki/s/92d2c4742cba354172eb1affa02efacd-CDN/-23x24x/9116/n2r6gc/1bfa1eaa8b04ae6d4124fc3e33a6146f/_/download/contextbatch/js/_super/batch.js?locale=en-US:2852:304) @ https://wiki.one.int.sap/wiki/s/92d2c4742cba354172eb1affa02efacd-CDN/-23x24x/9116/n2r6gc/1bfa1eaa8b04ae6d4124fc3e33a6146f/_/download/contextbatch/js/_super/batch.js?locale=en-US:2576
[    1205ms] [WARNING] DEPRECATED undefined - AJS.params has been deprecated since 9.0.0 and will be removed in 10.0.0.  
     at HTMLMetaElement.<anonymous> (https://wiki.one.int.sap/wiki/s/92d2c4742cba354172eb1affa02efacd-CDN/-23x24x/9116/n2r6gc/1bfa1eaa8b04ae6d4124fc3e33a6146f/_/download/contextbatch/js/_super/batch.js?locale=en-US:2852:304) @ https://wiki.one.int.sap/wiki/s/92d2c4742cba354172eb1affa02efacd-CDN/-23x24x/9116/n2r6gc/1bfa1eaa8b04ae6d4124fc3e33a6146f/_/download/contextbatch/js/_super/batch.js?locale=en-US:2576
[    1205ms] [WARNING] DEPRECATED undefined - AJS.params has been deprecated since 9.0.0 and will be removed in 10.0.0.  
     at HTMLMetaElement.<anonymous> (https://wiki.one.int.sap/wiki/s/92d2c4742cba354172eb1affa02efacd-CDN/-23x24x/9116/n2r6gc/1bfa1eaa8b04ae6d4124fc3e33a6146f/_/download/contextbatch/js/_super/batch.js?locale=en-US:2852:304) @ https://wiki.one.int.sap/wiki/s/92d2c4742cba354172eb1affa02efacd-CDN/-23x24x/9116/n2r6gc/1bfa1eaa8b04ae6d4124fc3e33a6146f/_/download/contextbatch/js/_super/batch.js?locale=en-US:2576
[    1205ms] [WARNING] DEPRECATED undefined - AJS.params has been deprecated since 9.0.0 and will be removed in 10.0.0.  
     at HTMLMetaElement.<anonymous> (https://wiki.one.int.sap/wiki/s/92d2c4742cba354172eb1affa02efacd-CDN/-23x24x/9116/n2r6gc/1bfa1eaa8b04ae6d4124fc3e33a6146f/_/download/contextbatch/js/_super/batch.js?locale=en-US:2852:304) @ https://wiki.one.int.sap/wiki/s/92d2c4742cba354172eb1affa02efacd-CDN/-23x24x/9116/n2r6gc/1bfa1eaa8b04ae6d4124fc3e33a6146f/_/download/contextbatch/js/_super/batch.js?locale=en-US:2576
[    1205ms] [WARNING] DEPRECATED undefined - AJS.params has been deprecated since 9.0.0 and will be removed in 10.0.0.  
     at HTMLMetaElement.<anonymous> (https://wiki.one.int.sap/wiki/s/92d2c4742cba354172eb1affa02efacd-CDN/-23x24x/9116/n2r6gc/1bfa1eaa8b04ae6d4124fc3e33a6146f/_/download/contextbatch/js/_super/batch.js?locale=en-US:2852:304) @ https://wiki.one.int.sap/wiki/s/92d2c4742cba354172eb1affa02efacd-CDN/-23x24x/9116/n2r6gc/1bfa1eaa8b04ae6d4124fc3e33a6146f/_/download/contextbatch/js/_super/batch.js?locale=en-US:2576
[    1205ms] [WARNING] DEPRECATED undefined - AJS.params has been deprecated since 9.0.0 and will be removed in 10.0.0.  
     at HTMLMetaElement.<anonymous> (https://wiki.one.int.sap/wiki/s/92d2c4742cba354172eb1affa02efacd-CDN/-23x24x/9116/n2r6gc/1bfa1eaa8b04ae6d4124fc3e33a6146f/_/download/contextbatch/js/_super/batch.js?locale=en-US:2852:304) @ https://wiki.one.int.sap/wiki/s/92d2c4742cba354172eb1affa02efacd-CDN/-23x24x/9116/n2r6gc/1bfa1eaa8b04ae6d4124fc3e33a6146f/_/download/contextbatch/js/_super/batch.js?locale=en-US:2576
[    1205ms] [WARNING] DEPRECATED undefined - AJS.params has been deprecated since 9.0.0 and will be removed in 10.0.0.  
     at HTMLMetaElement.<anonymous> (https://wiki.one.int.sap/wiki/s/92d2c4742cba354172eb1affa02efacd-CDN/-23x24x/9116/n2r6gc/1bfa1eaa8b04ae6d4124fc3e33a6146f/_/download/contextbatch/js/_super/batch.js?locale=en-US:2852:304) @ https://wiki.one.int.sap/wiki/s/92d2c4742cba354172eb1affa02efacd-CDN/-23x24x/9116/n2r6gc/1bfa1eaa8b04ae6d4124fc3e33a6146f/_/download/contextbatch/js/_super/batch.js?locale=en-US:2576
[    1205ms] [WARNING] DEPRECATED undefined - AJS.params has been deprecated since 9.0.0 and will be removed in 10.0.0.  
     at HTMLMetaElement.<anonymous> (https://wiki.one.int.sap/wiki/s/92d2c4742cba354172eb1affa02efacd-CDN/-23x24x/9116/n2r6gc/1bfa1eaa8b04ae6d4124fc3e33a6146f/_/download/contextbatch/js/_super/batch.js?locale=en-US:2852:304) @ https://wiki.one.int.sap/wiki/s/92d2c4742cba354172eb1affa02efacd-CDN/-23x24x/9116/n2r6gc/1bfa1eaa8b04ae6d4124fc3e33a6146f/_/download/contextbatch/js/_super/batch.js?locale=en-US:2576
[    1205ms] [WARNING] DEPRECATED undefined - AJS.params has been deprecated since 9.0.0 and will be removed in 10.0.0.  
     at HTMLMetaElement.<anonymous> (https://wiki.one.int.sap/wiki/s/92d2c4742cba354172eb1affa02efacd-CDN/-23x24x/9116/n2r6gc/1bfa1eaa8b04ae6d4124fc3e33a6146f/_/download/contextbatch/js/_super/batch.js?locale=en-US:2852:304) @ https://wiki.one.int.sap/wiki/s/92d2c4742cba354172eb1affa02efacd-CDN/-23x24x/9116/n2r6gc/1bfa1eaa8b04ae6d4124fc3e33a6146f/_/download/contextbatch/js/_super/batch.js?locale=en-US:2576
[    1205ms] [WARNING] DEPRECATED undefined - AJS.params has been deprecated since 9.0.0 and will be removed in 10.0.0.  
     at HTMLMetaElement.<anonymous> (https://wiki.one.int.sap/wiki/s/92d2c4742cba354172eb1affa02efacd-CDN/-23x24x/9116/n2r6gc/1bfa1eaa8b04ae6d4124fc3e33a6146f/_/download/contextbatch/js/_super/batch.js?locale=en-US:2852:304) @ https://wiki.one.int.sap/wiki/s/92d2c4742cba354172eb1affa02efacd-CDN/-23x24x/9116/n2r6gc/1bfa1eaa8b04ae6d4124fc3e33a6146f/_/download/contextbatch/js/_super/batch.js?locale=en-US:2576
[    1205ms] [WARNING] DEPRECATED undefined - AJS.params has been deprecated since 9.0.0 and will be removed in 10.0.0.  
     at HTMLMetaElement.<anonymous> (https://wiki.one.int.sap/wiki/s/92d2c4742cba354172eb1affa02efacd-CDN/-23x24x/9116/n2r6gc/1bfa1eaa8b04ae6d4124fc3e33a6146f/_/download/contextbatch/js/_super/batch.js?locale=en-US:2852:304) @ https://wiki.one.int.sap/wiki/s/92d2c4742cba354172eb1affa02efacd-CDN/-23x24x/9116/n2r6gc/1bfa1eaa8b04ae6d4124fc3e33a6146f/_/download/contextbatch/js/_super/batch.js?locale=en-US:2576
[    1205ms] [WARNING] DEPRECATED undefined - AJS.params has been deprecated since 9.0.0 and will be removed in 10.0.0.  
     at HTMLMetaElement.<anonymous> (https://wiki.one.int.sap/wiki/s/92d2c4742cba354172eb1affa02efacd-CDN/-23x24x/9116/n2r6gc/1bfa1eaa8b04ae6d4124fc3e33a6146f/_/download/contextbatch/js/_super/batch.js?locale=en-US:2852:304) @ https://wiki.one.int.sap/wiki/s/92d2c4742cba354172eb1affa02efacd-CDN/-23x24x/9116/n2r6gc/1bfa1eaa8b04ae6d4124fc3e33a6146f/_/download/contextbatch/js/_super/batch.js?locale=en-US:2576
[    1205ms] [WARNING] DEPRECATED undefined - AJS.params has been deprecated since 9.0.0 and will be removed in 10.0.0.  
     at HTMLMetaElement.<anonymous> (https://wiki.one.int.sap/wiki/s/92d2c4742cba354172eb1affa02efacd-CDN/-23x24x/9116/n2r6gc/1bfa1eaa8b04ae6d4124fc3e33a6146f/_/download/contextbatch/js/_super/batch.js?locale=en-US:2852:304) @ https://wiki.one.int.sap/wiki/s/92d2c4742cba354172eb1affa02efacd-CDN/-23x24x/9116/n2r6gc/1bfa1eaa8b04ae6d4124fc3e33a6146f/_/download/contextbatch/js/_super/batch.js?locale=en-US:2576
[    1206ms] [WARNING] DEPRECATED undefined - AJS.params has been deprecated since 9.0.0 and will be removed in 10.0.0.  
     at HTMLMetaElement.<anonymous> (https://wiki.one.int.sap/wiki/s/92d2c4742cba354172eb1affa02efacd-CDN/-23x24x/9116/n2r6gc/1bfa1eaa8b04ae6d4124fc3e33a6146f/_/download/contextbatch/js/_super/batch.js?locale=en-US:2852:304) @ https://wiki.one.int.sap/wiki/s/92d2c4742cba354172eb1affa02efacd-CDN/-23x24x/9116/n2r6gc/1bfa1eaa8b04ae6d4124fc3e33a6146f/_/download/contextbatch/js/_super/batch.js?locale=en-US:2576
[    1206ms] [WARNING] DEPRECATED undefined - AJS.params has been deprecated since 9.0.0 and will be removed in 10.0.0.  
     at HTMLMetaElement.<anonymous> (https://wiki.one.int.sap/wiki/s/92d2c4742cba354172eb1affa02efacd-CDN/-23x24x/9116/n2r6gc/1bfa1eaa8b04ae6d4124fc3e33a6146f/_/download/contextbatch/js/_super/batch.js?locale=en-US:2852:304) @ https://wiki.one.int.sap/wiki/s/92d2c4742cba354172eb1affa02efacd-CDN/-23x24x/9116/n2r6gc/1bfa1eaa8b04ae6d4124fc3e33a6146f/_/download/contextbatch/js/_super/batch.js?locale=en-US:2576
[    1206ms] [WARNING] DEPRECATED undefined - AJS.params has been deprecated since 9.0.0 and will be removed in 10.0.0.  
     at HTMLMetaElement.<anonymous> (https://wiki.one.int.sap/wiki/s/92d2c4742cba354172eb1affa02efacd-CDN/-23x24x/9116/n2r6gc/1bfa1eaa8b04ae6d4124fc3e33a6146f/_/download/contextbatch/js/_super/batch.js?locale=en-US:2852:304) @ https://wiki.one.int.sap/wiki/s/92d2c4742cba354172eb1affa02efacd-CDN/-23x24x/9116/n2r6gc/1bfa1eaa8b04ae6d4124fc3e33a6146f/_/download/contextbatch/js/_super/batch.js?locale=en-US:2576
[    1206ms] [WARNING] DEPRECATED undefined - AJS.params has been deprecated since 9.0.0 and will be removed in 10.0.0.  
     at HTMLMetaElement.<anonymous> (https://wiki.one.int.sap/wiki/s/92d2c4742cba354172eb1affa02efacd-CDN/-23x24x/9116/n2r6gc/1bfa1eaa8b04ae6d4124fc3e33a6146f/_/download/contextbatch/js/_super/batch.js?locale=en-US:2852:304) @ https://wiki.one.int.sap/wiki/s/92d2c4742cba354172eb1affa02efacd-CDN/-23x24x/9116/n2r6gc/1bfa1eaa8b04ae6d4124fc3e33a6146f/_/download/contextbatch/js/_super/batch.js?locale=en-US:2576
[    1206ms] [WARNING] DEPRECATED undefined - AJS.params has been deprecated since 9.0.0 and will be removed in 10.0.0.  
     at HTMLMetaElement.<anonymous> (https://wiki.one.int.sap/wiki/s/92d2c4742cba354172eb1affa02efacd-CDN/-23x24x/9116/n2r6gc/1bfa1eaa8b04ae6d4124fc3e33a6146f/_/download/contextbatch/js/_super/batch.js?locale=en-US:2852:304) @ https://wiki.one.int.sap/wiki/s/92d2c4742cba354172eb1affa02efacd-CDN/-23x24x/9116/n2r6gc/1bfa1eaa8b04ae6d4124fc3e33a6146f/_/download/contextbatch/js/_super/batch.js?locale=en-US:2576
[    1206ms] [WARNING] DEPRECATED undefined - AJS.params has been deprecated since 9.0.0 and will be removed in 10.0.0.  
     at HTMLMetaElement.<anonymous> (https://wiki.one.int.sap/wiki/s/92d2c4742cba354172eb1affa02efacd-CDN/-23x24x/9116/n2r6gc/1bfa1eaa8b04ae6d4124fc3e33a6146f/_/download/contextbatch/js/_super/batch.js?locale=en-US:2852:304) @ https://wiki.one.int.sap/wiki/s/92d2c4742cba354172eb1affa02efacd-CDN/-23x24x/9116/n2r6gc/1bfa1eaa8b04ae6d4124fc3e33a6146f/_/download/contextbatch/js/_super/batch.js?locale=en-US:2576
[    1206ms] [WARNING] DEPRECATED undefined - AJS.params has been deprecated since 9.0.0 and will be removed in 10.0.0.  
     at HTMLMetaElement.<anonymous> (https://wiki.one.int.sap/wiki/s/92d2c4742cba354172eb1affa02efacd-CDN/-23x24x/9116/n2r6gc/1bfa1eaa8b04ae6d4124fc3e33a6146f/_/download/contextbatch/js/_super/batch.js?locale=en-US:2852:304) @ https://wiki.one.int.sap/wiki/s/92d2c4742cba354172eb1affa02efacd-CDN/-23x24x/9116/n2r6gc/1bfa1eaa8b04ae6d4124fc3e33a6146f/_/download/contextbatch/js/_super/batch.js?locale=en-US:2576
[    1206ms] [WARNING] DEPRECATED undefined - AJS.params has been deprecated since 9.0.0 and will be removed in 10.0.0.  
     at HTMLMetaElement.<anonymous> (https://wiki.one.int.sap/wiki/s/92d2c4742cba354172eb1affa02efacd-CDN/-23x24x/9116/n2r6gc/1bfa1eaa8b04ae6d4124fc3e33a6146f/_/download/contextbatch/js/_super/batch.js?locale=en-US:2852:304) @ https://wiki.one.int.sap/wiki/s/92d2c4742cba354172eb1affa02efacd-CDN/-23x24x/9116/n2r6gc/1bfa1eaa8b04ae6d4124fc3e33a6146f/_/download/contextbatch/js/_super/batch.js?locale=en-US:2576
[    1206ms] [WARNING] DEPRECATED undefined - AJS.params has been deprecated since 9.0.0 and will be removed in 10.0.0.  
     at HTMLMetaElement.<anonymous> (https://wiki.one.int.sap/wiki/s/92d2c4742cba354172eb1affa02efacd-CDN/-23x24x/9116/n2r6gc/1bfa1eaa8b04ae6d4124fc3e33a6146f/_/download/contextbatch/js/_super/batch.js?locale=en-US:2852:304) @ https://wiki.one.int.sap/wiki/s/92d2c4742cba354172eb1affa02efacd-CDN/-23x24x/9116/n2r6gc/1bfa1eaa8b04ae6d4124fc3e33a6146f/_/download/contextbatch/js/_super/batch.js?locale=en-US:2576
[    1206ms] [WARNING] DEPRECATED undefined - AJS.params has been deprecated since 9.0.0 and will be removed in 10.0.0.  
     at HTMLMetaElement.<anonymous> (https://wiki.one.int.sap/wiki/s/92d2c4742cba354172eb1affa02efacd-CDN/-23x24x/9116/n2r6gc/1bfa1eaa8b04ae6d4124fc3e33a6146f/_/download/contextbatch/js/_super/batch.js?locale=en-US:2852:304) @ https://wiki.one.int.sap/wiki/s/92d2c4742cba354172eb1affa02efacd-CDN/-23x24x/9116/n2r6gc/1bfa1eaa8b04ae6d4124fc3e33a6146f/_/download/contextbatch/js/_super/batch.js?locale=en-US:2576
[    1206ms] [WARNING] DEPRECATED undefined - AJS.params has been deprecated since 9.0.0 and will be removed in 10.0.0.  
     at HTMLMetaElement.<anonymous> (https://wiki.one.int.sap/wiki/s/92d2c4742cba354172eb1affa02efacd-CDN/-23x24x/9116/n2r6gc/1bfa1eaa8b04ae6d4124fc3e33a6146f/_/download/contextbatch/js/_super/batch.js?locale=en-US:2852:304) @ https://wiki.one.int.sap/wiki/s/92d2c4742cba354172eb1affa02efacd-CDN/-23x24x/9116/n2r6gc/1bfa1eaa8b04ae6d4124fc3e33a6146f/_/download/contextbatch/js/_super/batch.js?locale=en-US:2576
[    1206ms] [WARNING] DEPRECATED undefined - AJS.params has been deprecated since 9.0.0 and will be removed in 10.0.0.  
     at HTMLMetaElement.<anonymous> (https://wiki.one.int.sap/wiki/s/92d2c4742cba354172eb1affa02efacd-CDN/-23x24x/9116/n2r6gc/1bfa1eaa8b04ae6d4124fc3e33a6146f/_/download/contextbatch/js/_super/batch.js?locale=en-US:2852:304) @ https://wiki.one.int.sap/wiki/s/92d2c4742cba354172eb1affa02efacd-CDN/-23x24x/9116/n2r6gc/1bfa1eaa8b04ae6d4124fc3e33a6146f/_/download/contextbatch/js/_super/batch.js?locale=en-US:2576
[    1207ms] [WARNING] DEPRECATED undefined - AJS.params has been deprecated since 9.0.0 and will be removed in 10.0.0.  
     at HTMLMetaElement.<anonymous> (https://wiki.one.int.sap/wiki/s/92d2c4742cba354172eb1affa02efacd-CDN/-23x24x/9116/n2r6gc/1bfa1eaa8b04ae6d4124fc3e33a6146f/_/download/contextbatch/js/_super/batch.js?locale=en-US:2852:304) @ https://wiki.one.int.sap/wiki/s/92d2c4742cba354172eb1affa02efacd-CDN/-23x24x/9116/n2r6gc/1bfa1eaa8b04ae6d4124fc3e33a6146f/_/download/contextbatch/js/_super/batch.js?locale=en-US:2576
[    1207ms] [WARNING] DEPRECATED undefined - AJS.params has been deprecated since 9.0.0 and will be removed in 10.0.0.  
     at HTMLMetaElement.<anonymous> (https://wiki.one.int.sap/wiki/s/92d2c4742cba354172eb1affa02efacd-CDN/-23x24x/9116/n2r6gc/1bfa1eaa8b04ae6d4124fc3e33a6146f/_/download/contextbatch/js/_super/batch.js?locale=en-US:2852:304) @ https://wiki.one.int.sap/wiki/s/92d2c4742cba354172eb1affa02efacd-CDN/-23x24x/9116/n2r6gc/1bfa1eaa8b04ae6d4124fc3e33a6146f/_/download/contextbatch/js/_super/batch.js?locale=en-US:2576
[    1207ms] [WARNING] DEPRECATED undefined - AJS.params has been deprecated since 9.0.0 and will be removed in 10.0.0.  
     at HTMLMetaElement.<anonymous> (https://wiki.one.int.sap/wiki/s/92d2c4742cba354172eb1affa02efacd-CDN/-23x24x/9116/n2r6gc/1bfa1eaa8b04ae6d4124fc3e33a6146f/_/download/contextbatch/js/_super/batch.js?locale=en-US:2852:304) @ https://wiki.one.int.sap/wiki/s/92d2c4742cba354172eb1affa02efacd-CDN/-23x24x/9116/n2r6gc/1bfa1eaa8b04ae6d4124fc3e33a6146f/_/download/contextbatch/js/_super/batch.js?locale=en-US:2576
[    1207ms] [WARNING] DEPRECATED undefined - AJS.params has been deprecated since 9.0.0 and will be removed in 10.0.0.  
     at HTMLMetaElement.<anonymous> (https://wiki.one.int.sap/wiki/s/92d2c4742cba354172eb1affa02efacd-CDN/-23x24x/9116/n2r6gc/1bfa1eaa8b04ae6d4124fc3e33a6146f/_/download/contextbatch/js/_super/batch.js?locale=en-US:2852:304) @ https://wiki.one.int.sap/wiki/s/92d2c4742cba354172eb1affa02efacd-CDN/-23x24x/9116/n2r6gc/1bfa1eaa8b04ae6d4124fc3e33a6146f/_/download/contextbatch/js/_super/batch.js?locale=en-US:2576
[    1207ms] [WARNING] DEPRECATED undefined - AJS.params has been deprecated since 9.0.0 and will be removed in 10.0.0.  
     at HTMLMetaElement.<anonymous> (https://wiki.one.int.sap/wiki/s/92d2c4742cba354172eb1affa02efacd-CDN/-23x24x/9116/n2r6gc/1bfa1eaa8b04ae6d4124fc3e33a6146f/_/download/contextbatch/js/_super/batch.js?locale=en-US:2852:304) @ https://wiki.one.int.sap/wiki/s/92d2c4742cba354172eb1affa02efacd-CDN/-23x24x/9116/n2r6gc/1bfa1eaa8b04ae6d4124fc3e33a6146f/_/download/contextbatch/js/_super/batch.js?locale=en-US:2576
[    1207ms] [WARNING] DEPRECATED undefined - AJS.params has been deprecated since 9.0.0 and will be removed in 10.0.0.  
     at HTMLMetaElement.<anonymous> (https://wiki.one.int.sap/wiki/s/92d2c4742cba354172eb1affa02efacd-CDN/-23x24x/9116/n2r6gc/1bfa1eaa8b04ae6d4124fc3e33a6146f/_/download/contextbatch/js/_super/batch.js?locale=en-US:2852:304) @ https://wiki.one.int.sap/wiki/s/92d2c4742cba354172eb1affa02efacd-CDN/-23x24x/9116/n2r6gc/1bfa1eaa8b04ae6d4124fc3e33a6146f/_/download/contextbatch/js/_super/batch.js?locale=en-US:2576
[    1207ms] [WARNING] DEPRECATED undefined - AJS.params has been deprecated since 9.0.0 and will be removed in 10.0.0.  
     at HTMLMetaElement.<anonymous> (https://wiki.one.int.sap/wiki/s/92d2c4742cba354172eb1affa02efacd-CDN/-23x24x/9116/n2r6gc/1bfa1eaa8b04ae6d4124fc3e33a6146f/_/download/contextbatch/js/_super/batch.js?locale=en-US:2852:304) @ https://wiki.one.int.sap/wiki/s/92d2c4742cba354172eb1affa02efacd-CDN/-23x24x/9116/n2r6gc/1bfa1eaa8b04ae6d4124fc3e33a6146f/_/download/contextbatch/js/_super/batch.js?locale=en-US:2576
[    1207ms] [WARNING] DEPRECATED undefined - AJS.params has been deprecated since 9.0.0 and will be removed in 10.0.0.  
     at HTMLMetaElement.<anonymous> (https://wiki.one.int.sap/wiki/s/92d2c4742cba354172eb1affa02efacd-CDN/-23x24x/9116/n2r6gc/1bfa1eaa8b04ae6d4124fc3e33a6146f/_/download/contextbatch/js/_super/batch.js?locale=en-US:2852:304) @ https://wiki.one.int.sap/wiki/s/92d2c4742cba354172eb1affa02efacd-CDN/-23x24x/9116/n2r6gc/1bfa1eaa8b04ae6d4124fc3e33a6146f/_/download/contextbatch/js/_super/batch.js?locale=en-US:2576
[    1207ms] [WARNING] DEPRECATED undefined - AJS.params has been deprecated since 9.0.0 and will be removed in 10.0.0.  
     at HTMLMetaElement.<anonymous> (https://wiki.one.int.sap/wiki/s/92d2c4742cba354172eb1affa02efacd-CDN/-23x24x/9116/n2r6gc/1bfa1eaa8b04ae6d4124fc3e33a6146f/_/download/contextbatch/js/_super/batch.js?locale=en-US:2852:304) @ https://wiki.one.int.sap/wiki/s/92d2c4742cba354172eb1affa02efacd-CDN/-23x24x/9116/n2r6gc/1bfa1eaa8b04ae6d4124fc3e33a6146f/_/download/contextbatch/js/_super/batch.js?locale=en-US:2576
[    1207ms] [WARNING] DEPRECATED undefined - AJS.params has been deprecated since 9.0.0 and will be removed in 10.0.0.  
     at HTMLMetaElement.<anonymous> (https://wiki.one.int.sap/wiki/s/92d2c4742cba354172eb1affa02efacd-CDN/-23x24x/9116/n2r6gc/1bfa1eaa8b04ae6d4124fc3e33a6146f/_/download/contextbatch/js/_super/batch.js?locale=en-US:2852:304) @ https://wiki.one.int.sap/wiki/s/92d2c4742cba354172eb1affa02efacd-CDN/-23x24x/9116/n2r6gc/1bfa1eaa8b04ae6d4124fc3e33a6146f/_/download/contextbatch/js/_super/batch.js?locale=en-US:2576
[    1207ms] [WARNING] DEPRECATED undefined - AJS.params has been deprecated since 9.0.0 and will be removed in 10.0.0.  
     at HTMLMetaElement.<anonymous> (https://wiki.one.int.sap/wiki/s/92d2c4742cba354172eb1affa02efacd-CDN/-23x24x/9116/n2r6gc/1bfa1eaa8b04ae6d4124fc3e33a6146f/_/download/contextbatch/js/_super/batch.js?locale=en-US:2852:304) @ https://wiki.one.int.sap/wiki/s/92d2c4742cba354172eb1affa02efacd-CDN/-23x24x/9116/n2r6gc/1bfa1eaa8b04ae6d4124fc3e33a6146f/_/download/contextbatch/js/_super/batch.js?locale=en-US:2576
[    1207ms] [WARNING] DEPRECATED undefined - AJS.params has been deprecated since 9.0.0 and will be removed in 10.0.0.  
     at HTMLMetaElement.<anonymous> (https://wiki.one.int.sap/wiki/s/92d2c4742cba354172eb1affa02efacd-CDN/-23x24x/9116/n2r6gc/1bfa1eaa8b04ae6d4124fc3e33a6146f/_/download/contextbatch/js/_super/batch.js?locale=en-US:2852:304) @ https://wiki.one.int.sap/wiki/s/92d2c4742cba354172eb1affa02efacd-CDN/-23x24x/9116/n2r6gc/1bfa1eaa8b04ae6d4124fc3e33a6146f/_/download/contextbatch/js/_super/batch.js?locale=en-US:2576
[    1207ms] [WARNING] DEPRECATED undefined - AJS.params has been deprecated since 9.0.0 and will be removed in 10.0.0.  
     at HTMLMetaElement.<anonymous> (https://wiki.one.int.sap/wiki/s/92d2c4742cba354172eb1affa02efacd-CDN/-23x24x/9116/n2r6gc/1bfa1eaa8b04ae6d4124fc3e33a6146f/_/download/contextbatch/js/_super/batch.js?locale=en-US:2852:304) @ https://wiki.one.int.sap/wiki/s/92d2c4742cba354172eb1affa02efacd-CDN/-23x24x/9116/n2r6gc/1bfa1eaa8b04ae6d4124fc3e33a6146f/_/download/contextbatch/js/_super/batch.js?locale=en-US:2576
[    1207ms] [WARNING] DEPRECATED undefined - AJS.params has been deprecated since 9.0.0 and will be removed in 10.0.0.  
     at HTMLMetaElement.<anonymous> (https://wiki.one.int.sap/wiki/s/92d2c4742cba354172eb1affa02efacd-CDN/-23x24x/9116/n2r6gc/1bfa1eaa8b04ae6d4124fc3e33a6146f/_/download/contextbatch/js/_super/batch.js?locale=en-US:2852:304) @ https://wiki.one.int.sap/wiki/s/92d2c4742cba354172eb1affa02efacd-CDN/-23x24x/9116/n2r6gc/1bfa1eaa8b04ae6d4124fc3e33a6146f/_/download/contextbatch/js/_super/batch.js?locale=en-US:2576
[    1208ms] [WARNING] DEPRECATED undefined - AJS.params has been deprecated since 9.0.0 and will be removed in 10.0.0.  
     at HTMLMetaElement.<anonymous> (https://wiki.one.int.sap/wiki/s/92d2c4742cba354172eb1affa02efacd-CDN/-23x24x/9116/n2r6gc/1bfa1eaa8b04ae6d4124fc3e33a6146f/_/download/contextbatch/js/_super/batch.js?locale=en-US:2852:304) @ https://wiki.one.int.sap/wiki/s/92d2c4742cba354172eb1affa02efacd-CDN/-23x24x/9116/n2r6gc/1bfa1eaa8b04ae6d4124fc3e33a6146f/_/download/contextbatch/js/_super/batch.js?locale=en-US:2576
[    1208ms] [WARNING] DEPRECATED undefined - AJS.params has been deprecated since 9.0.0 and will be removed in 10.0.0.  
     at HTMLMetaElement.<anonymous> (https://wiki.one.int.sap/wiki/s/92d2c4742cba354172eb1affa02efacd-CDN/-23x24x/9116/n2r6gc/1bfa1eaa8b04ae6d4124fc3e33a6146f/_/download/contextbatch/js/_super/batch.js?locale=en-US:2852:304) @ https://wiki.one.int.sap/wiki/s/92d2c4742cba354172eb1affa02efacd-CDN/-23x24x/9116/n2r6gc/1bfa1eaa8b04ae6d4124fc3e33a6146f/_/download/contextbatch/js/_super/batch.js?locale=en-US:2576
[    5142ms] [WARNING] Properties of "AJS.Confluence.QuickEdit" were overwritten @ https://wiki.one.int.sap/wiki/s/92d2c4742cba354172eb1affa02efacd-CDN/-23x24x/9116/n2r6gc/1bfa1eaa8b04ae6d4124fc3e33a6146f/_/download/contextbatch/js/_super/batch.js?locale=en-US:193
[    5152ms] [LOG] recBaseUrl: https://icrs.cfapps.eu10.hana.ondemand.com @ https://wiki.one.int.sap/wiki/s/d768014809aa9e9356abc4f32fa3cf06-CDN/-23x24x/9116/n2r6gc/fa8ab6e9231284a06bf1fb80b856a1e4/_/download/contextbatch/js/atl.confluence.plugins.pagetree-desktop,main,page,viewcontent,atl.general,atl.comments,-_super/batch.js?analytics-enabled=false&cefp_collab_enabled=true&cefp_ed_perm=false&cefp_is_admin=false&gatekeeper-ui-v2=true&highlightactions=true&hostenabled=true&locale=en-US&table-resizable.breaking-text=false&theme.switcher=true&user-logged-in=true:5174
[    5223ms] [WARNING] DEPRECATED JS - AJS.debounce has been deprecated since 8.0.0 and will be removed in 10.0.0. Use equivalent functions from libraries like lodash / underscore instead  
     at p.init (https://wiki.one.int.sap/wiki/s/92d2c4742cba354172eb1affa02efacd-CDN/-23x24x/9116/n2r6gc/1bfa1eaa8b04ae6d4124fc3e33a6146f/_/download/contextbatch/js/_super/batch.js?locale=en-US:3200:1993) @ https://wiki.one.int.sap/wiki/s/92d2c4742cba354172eb1affa02efacd-CDN/-23x24x/9116/n2r6gc/1bfa1eaa8b04ae6d4124fc3e33a6146f/_/download/contextbatch/js/_super/batch.js?locale=en-US:2576
[    5226ms] [WARNING] DEPRECATED undefined - AJS.params has been deprecated since 9.0.0 and will be removed in 10.0.0.  
     at Object.getParam (https://wiki.one.int.sap/wiki/s/d768014809aa9e9356abc4f32fa3cf06-CDN/-23x24x/9116/n2r6gc/fa8ab6e9231284a06bf1fb80b856a1e4/_/download/contextbatch/js/atl.confluence.plugins.pagetree-desktop,main,page,viewcontent,atl.general,atl.comments,-_super/batch.js?analytics-enabled=false&cefp_collab_enabled=true&cefp_ed_perm=false&cefp_is_admin=false&gatekeeper-ui-v2=true&highlightactions=true&hostenabled=true&locale=en-US&table-resizable.breaking-text=false&theme.switcher=true&user-logged-in=true:227:281) @ https://wiki.one.int.sap/wiki/s/92d2c4742cba354172eb1affa02efacd-CDN/-23x24x/9116/n2r6gc/1bfa1eaa8b04ae6d4124fc3e33a6146f/_/download/contextbatch/js/_super/batch.js?locale=en-US:2576
[    5227ms] [WARNING] DEPRECATED undefined - AJS.params has been deprecated since 9.0.0 and will be removed in 10.0.0.  
     at Object.getParam (https://wiki.one.int.sap/wiki/s/d768014809aa9e9356abc4f32fa3cf06-CDN/-23x24x/9116/n2r6gc/fa8ab6e9231284a06bf1fb80b856a1e4/_/download/contextbatch/js/atl.confluence.plugins.pagetree-desktop,main,page,viewcontent,atl.general,atl.comments,-_super/batch.js?analytics-enabled=false&cefp_collab_enabled=true&cefp_ed_perm=false&cefp_is_admin=false&gatekeeper-ui-v2=true&highlightactions=true&hostenabled=true&locale=en-US&table-resizable.breaking-text=false&theme.switcher=true&user-logged-in=true:227:281) @ https://wiki.one.int.sap/wiki/s/92d2c4742cba354172eb1affa02efacd-CDN/-23x24x/9116/n2r6gc/1bfa1eaa8b04ae6d4124fc3e33a6146f/_/download/contextbatch/js/_super/batch.js?locale=en-US:2576
[    5227ms] [WARNING] DEPRECATED undefined - AJS.params has been deprecated since 9.0.0 and will be removed in 10.0.0.  
     at Object.getParam (https://wiki.one.int.sap/wiki/s/d768014809aa9e9356abc4f32fa3cf06-CDN/-23x24x/9116/n2r6gc/fa8ab6e9231284a06bf1fb80b856a1e4/_/download/contextbatch/js/atl.confluence.plugins.pagetree-desktop,main,page,viewcontent,atl.general,atl.comments,-_super/batch.js?analytics-enabled=false&cefp_collab_enabled=true&cefp_ed_perm=false&cefp_is_admin=false&gatekeeper-ui-v2=true&highlightactions=true&hostenabled=true&locale=en-US&table-resizable.breaking-text=false&theme.switcher=true&user-logged-in=true:227:281) @ https://wiki.one.int.sap/wiki/s/92d2c4742cba354172eb1affa02efacd-CDN/-23x24x/9116/n2r6gc/1bfa1eaa8b04ae6d4124fc3e33a6146f/_/download/contextbatch/js/_super/batch.js?locale=en-US:2576
[    5457ms] [WARNING] DEPRECATED JS - PopulateParameters has been deprecated since 9.0.0 and will be removed in 10.0.0.  
     at HTMLDocument.<anonymous> (https://wiki.one.int.sap/wiki/s/92d2c4742cba354172eb1affa02efacd-CDN/-23x24x/9116/n2r6gc/1bfa1eaa8b04ae6d4124fc3e33a6146f/_/download/contextbatch/js/_super/batch.js?locale=en-US:2682:988) @ https://wiki.one.int.sap/wiki/s/92d2c4742cba354172eb1affa02efacd-CDN/-23x24x/9116/n2r6gc/1bfa1eaa8b04ae6d4124fc3e33a6146f/_/download/contextbatch/js/_super/batch.js?locale=en-US:2576
[    5488ms] [WARNING] DEPRECATED JS - Dialog has been deprecated since 6.0.6 and will be removed in a future release. Use require('confluence-create-content/space-blueprint')  
     at https://wiki.one.int.sap/wiki/s/92d2c4742cba354172eb1affa02efacd-CDN/-23x24x/9116/n2r6gc/1bfa1eaa8b04ae6d4124fc3e33a6146f/_/download/contextbatch/js/_super/batch.js?locale=en-US:3634:56 @ https://wiki.one.int.sap/wiki/s/92d2c4742cba354172eb1affa02efacd-CDN/-23x24x/9116/n2r6gc/1bfa1eaa8b04ae6d4124fc3e33a6146f/_/download/contextbatch/js/_super/batch.js?locale=en-US:2576
[    5489ms] [WARNING] DEPRECATED undefined - AJS.params has been deprecated since 9.0.0 and will be removed in 10.0.0.  
     at O (https://wiki.one.int.sap/wiki/s/d768014809aa9e9356abc4f32fa3cf06-CDN/-23x24x/9116/n2r6gc/fa8ab6e9231284a06bf1fb80b856a1e4/_/download/contextbatch/js/atl.confluence.plugins.pagetree-desktop,main,page,viewcontent,atl.general,atl.comments,-_super/batch.js?analytics-enabled=false&cefp_collab_enabled=true&cefp_ed_perm=false&cefp_is_admin=false&gatekeeper-ui-v2=true&highlightactions=true&hostenabled=true&locale=en-US&table-resizable.breaking-text=false&theme.switcher=true&user-logged-in=true:39:46) @ https://wiki.one.int.sap/wiki/s/92d2c4742cba354172eb1affa02efacd-CDN/-23x24x/9116/n2r6gc/1bfa1eaa8b04ae6d4124fc3e33a6146f/_/download/contextbatch/js/_super/batch.js?locale=en-US:2576
[    5489ms] [WARNING] DEPRECATED JS - JQuery.fn.spin has been deprecated since 7.9.4 and will be removed in 10.0.0. Use <aui-spinner> instead.   
     at F (https://wiki.one.int.sap/wiki/s/d768014809aa9e9356abc4f32fa3cf06-CDN/-23x24x/9116/n2r6gc/fa8ab6e9231284a06bf1fb80b856a1e4/_/download/contextbatch/js/atl.confluence.plugins.pagetree-desktop,main,page,viewcontent,atl.general,atl.comments,-_super/batch.js?analytics-enabled=false&cefp_collab_enabled=true&cefp_ed_perm=false&cefp_is_admin=false&gatekeeper-ui-v2=true&highlightactions=true&hostenabled=true&locale=en-US&table-resizable.breaking-text=false&theme.switcher=true&user-logged-in=true:35:290) @ https://wiki.one.int.sap/wiki/s/92d2c4742cba354172eb1affa02efacd-CDN/-23x24x/9116/n2r6gc/1bfa1eaa8b04ae6d4124fc3e33a6146f/_/download/contextbatch/js/_super/batch.js?locale=en-US:2576
[    5489ms] [WARNING] DEPRECATED undefined - AJS.params has been deprecated since 9.0.0 and will be removed in 10.0.0.  
     at K (https://wiki.one.int.sap/wiki/s/d768014809aa9e9356abc4f32fa3cf06-CDN/-23x24x/9116/n2r6gc/fa8ab6e9231284a06bf1fb80b856a1e4/_/download/contextbatch/js/atl.confluence.plugins.pagetree-desktop,main,page,viewcontent,atl.general,atl.comments,-_super/batch.js?analytics-enabled=false&cefp_collab_enabled=true&cefp_ed_perm=false&cefp_is_admin=false&gatekeeper-ui-v2=true&highlightactions=true&hostenabled=true&locale=en-US&table-resizable.breaking-text=false&theme.switcher=true&user-logged-in=true:34:167) @ https://wiki.one.int.sap/wiki/s/92d2c4742cba354172eb1affa02efacd-CDN/-23x24x/9116/n2r6gc/1bfa1eaa8b04ae6d4124fc3e33a6146f/_/download/contextbatch/js/_super/batch.js?locale=en-US:2576
[    5490ms] [WARNING] DEPRECATED undefined - AJS.params has been deprecated since 9.0.0 and will be removed in 10.0.0.  
     at https://wiki.one.int.sap/wiki/s/d768014809aa9e9356abc4f32fa3cf06-CDN/-23x24x/9116/n2r6gc/fa8ab6e9231284a06bf1fb80b856a1e4/_/download/contextbatch/js/atl.confluence.plugins.pagetree-desktop,main,page,viewcontent,atl.general,atl.comments,-_super/batch.js?analytics-enabled=false&cefp_collab_enabled=true&cefp_ed_perm=false&cefp_is_admin=false&gatekeeper-ui-v2=true&highlightactions=true&hostenabled=true&locale=en-US&table-resizable.breaking-text=false&theme.switcher=true&user-logged-in=true:201:45 @ https://wiki.one.int.sap/wiki/s/92d2c4742cba354172eb1affa02efacd-CDN/-23x24x/9116/n2r6gc/1bfa1eaa8b04ae6d4124fc3e33a6146f/_/download/contextbatch/js/_super/batch.js?locale=en-US:2576
[    5491ms] [WARNING] DEPRECATED JS - AJS.debounce has been deprecated since 8.0.0 and will be removed in 10.0.0. Use equivalent functions from libraries like lodash / underscore instead  
     at q (https://wiki.one.int.sap/wiki/s/d768014809aa9e9356abc4f32fa3cf06-CDN/-23x24x/9116/n2r6gc/fa8ab6e9231284a06bf1fb80b856a1e4/_/download/contextbatch/js/atl.confluence.plugins.pagetree-desktop,main,page,viewcontent,atl.general,atl.comments,-_super/batch.js?analytics-enabled=false&cefp_collab_enabled=true&cefp_ed_perm=false&cefp_is_admin=false&gatekeeper-ui-v2=true&highlightactions=true&hostenabled=true&locale=en-US&table-resizable.breaking-text=false&theme.switcher=true&user-logged-in=true:935:292) @ https://wiki.one.int.sap/wiki/s/92d2c4742cba354172eb1affa02efacd-CDN/-23x24x/9116/n2r6gc/1bfa1eaa8b04ae6d4124fc3e33a6146f/_/download/contextbatch/js/_super/batch.js?locale=en-US:2576
[    5495ms] [WARNING] DEPRECATED JS - Inline dialog constructor has been deprecated and will be removed in a future release. Use inline dialog 2 instead.   
     at B (https://wiki.one.int.sap/wiki/s/d768014809aa9e9356abc4f32fa3cf06-CDN/-23x24x/9116/n2r6gc/fa8ab6e9231284a06bf1fb80b856a1e4/_/download/contextbatch/js/atl.confluence.plugins.pagetree-desktop,main,page,viewcontent,atl.general,atl.comments,-_super/batch.js?analytics-enabled=false&cefp_collab_enabled=true&cefp_ed_perm=false&cefp_is_admin=false&gatekeeper-ui-v2=true&highlightactions=true&hostenabled=true&locale=en-US&table-resizable.breaking-text=false&theme.switcher=true&user-logged-in=true:4907:362) @ https://wiki.one.int.sap/wiki/s/92d2c4742cba354172eb1affa02efacd-CDN/-23x24x/9116/n2r6gc/1bfa1eaa8b04ae6d4124fc3e33a6146f/_/download/contextbatch/js/_super/batch.js?locale=en-US:2576
[    5500ms] [WARNING] DEPRECATED undefined - AJS.params has been deprecated since 9.0.0 and will be removed in 10.0.0.  
     at Object.getParam (https://wiki.one.int.sap/wiki/s/d768014809aa9e9356abc4f32fa3cf06-CDN/-23x24x/9116/n2r6gc/fa8ab6e9231284a06bf1fb80b856a1e4/_/download/contextbatch/js/atl.confluence.plugins.pagetree-desktop,main,page,viewcontent,atl.general,atl.comments,-_super/batch.js?analytics-enabled=false&cefp_collab_enabled=true&cefp_ed_perm=false&cefp_is_admin=false&gatekeeper-ui-v2=true&highlightactions=true&hostenabled=true&locale=en-US&table-resizable.breaking-text=false&theme.switcher=true&user-logged-in=true:227:281) @ https://wiki.one.int.sap/wiki/s/92d2c4742cba354172eb1affa02efacd-CDN/-23x24x/9116/n2r6gc/1bfa1eaa8b04ae6d4124fc3e33a6146f/_/download/contextbatch/js/_super/batch.js?locale=en-US:2576
[    5500ms] [WARNING] DEPRECATED undefined - AJS.params has been deprecated since 9.0.0 and will be removed in 10.0.0.  
     at Object.getParam (https://wiki.one.int.sap/wiki/s/d768014809aa9e9356abc4f32fa3cf06-CDN/-23x24x/9116/n2r6gc/fa8ab6e9231284a06bf1fb80b856a1e4/_/download/contextbatch/js/atl.confluence.plugins.pagetree-desktop,main,page,viewcontent,atl.general,atl.comments,-_super/batch.js?analytics-enabled=false&cefp_collab_enabled=true&cefp_ed_perm=false&cefp_is_admin=false&gatekeeper-ui-v2=true&highlightactions=true&hostenabled=true&locale=en-US&table-resizable.breaking-text=false&theme.switcher=true&user-logged-in=true:227:281) @ https://wiki.one.int.sap/wiki/s/92d2c4742cba354172eb1affa02efacd-CDN/-23x24x/9116/n2r6gc/1bfa1eaa8b04ae6d4124fc3e33a6146f/_/download/contextbatch/js/_super/batch.js?locale=en-US:2576
[    5500ms] [WARNING] DEPRECATED undefined - AJS.params has been deprecated since 9.0.0 and will be removed in 10.0.0.  
     at Object.getParam (https://wiki.one.int.sap/wiki/s/d768014809aa9e9356abc4f32fa3cf06-CDN/-23x24x/9116/n2r6gc/fa8ab6e9231284a06bf1fb80b856a1e4/_/download/contextbatch/js/atl.confluence.plugins.pagetree-desktop,main,page,viewcontent,atl.general,atl.comments,-_super/batch.js?analytics-enabled=false&cefp_collab_enabled=true&cefp_ed_perm=false&cefp_is_admin=false&gatekeeper-ui-v2=true&highlightactions=true&hostenabled=true&locale=en-US&table-resizable.breaking-text=false&theme.switcher=true&user-logged-in=true:227:281) @ https://wiki.one.int.sap/wiki/s/92d2c4742cba354172eb1affa02efacd-CDN/-23x24x/9116/n2r6gc/1bfa1eaa8b04ae6d4124fc3e33a6146f/_/download/contextbatch/js/_super/batch.js?locale=en-US:2576
[    5500ms] [WARNING] DEPRECATED undefined - AJS.params has been deprecated since 9.0.0 and will be removed in 10.0.0.  
     at Object.getParam (https://wiki.one.int.sap/wiki/s/d768014809aa9e9356abc4f32fa3cf06-CDN/-23x24x/9116/n2r6gc/fa8ab6e9231284a06bf1fb80b856a1e4/_/download/contextbatch/js/atl.confluence.plugins.pagetree-desktop,main,page,viewcontent,atl.general,atl.comments,-_super/batch.js?analytics-enabled=false&cefp_collab_enabled=true&cefp_ed_perm=false&cefp_is_admin=false&gatekeeper-ui-v2=true&highlightactions=true&hostenabled=true&locale=en-US&table-resizable.breaking-text=false&theme.switcher=true&user-logged-in=true:227:281) @ https://wiki.one.int.sap/wiki/s/92d2c4742cba354172eb1affa02efacd-CDN/-23x24x/9116/n2r6gc/1bfa1eaa8b04ae6d4124fc3e33a6146f/_/download/contextbatch/js/_super/batch.js?locale=en-US:2576
[    5500ms] [WARNING] DEPRECATED undefined - AJS.params has been deprecated since 9.0.0 and will be removed in 10.0.0.  
     at Object.getParam (https://wiki.one.int.sap/wiki/s/d768014809aa9e9356abc4f32fa3cf06-CDN/-23x24x/9116/n2r6gc/fa8ab6e9231284a06bf1fb80b856a1e4/_/download/contextbatch/js/atl.confluence.plugins.pagetree-desktop,main,page,viewcontent,atl.general,atl.comments,-_super/batch.js?analytics-enabled=false&cefp_collab_enabled=true&cefp_ed_perm=false&cefp_is_admin=false&gatekeeper-ui-v2=true&highlightactions=true&hostenabled=true&locale=en-US&table-resizable.breaking-text=false&theme.switcher=true&user-logged-in=true:227:281) @ https://wiki.one.int.sap/wiki/s/92d2c4742cba354172eb1affa02efacd-CDN/-23x24x/9116/n2r6gc/1bfa1eaa8b04ae6d4124fc3e33a6146f/_/download/contextbatch/js/_super/batch.js?locale=en-US:2576
[    5501ms] [WARNING] DEPRECATED undefined - AJS.params has been deprecated since 9.0.0 and will be removed in 10.0.0.  
     at Object.getParam (https://wiki.one.int.sap/wiki/s/d768014809aa9e9356abc4f32fa3cf06-CDN/-23x24x/9116/n2r6gc/fa8ab6e9231284a06bf1fb80b856a1e4/_/download/contextbatch/js/atl.confluence.plugins.pagetree-desktop,main,page,viewcontent,atl.general,atl.comments,-_super/batch.js?analytics-enabled=false&cefp_collab_enabled=true&cefp_ed_perm=false&cefp_is_admin=false&gatekeeper-ui-v2=true&highlightactions=true&hostenabled=true&locale=en-US&table-resizable.breaking-text=false&theme.switcher=true&user-logged-in=true:227:281) @ https://wiki.one.int.sap/wiki/s/92d2c4742cba354172eb1affa02efacd-CDN/-23x24x/9116/n2r6gc/1bfa1eaa8b04ae6d4124fc3e33a6146f/_/download/contextbatch/js/_super/batch.js?locale=en-US:2576
[    5501ms] [WARNING] DEPRECATED undefined - AJS.params has been deprecated since 9.0.0 and will be removed in 10.0.0.  
     at Object.getParam (https://wiki.one.int.sap/wiki/s/d768014809aa9e9356abc4f32fa3cf06-CDN/-23x24x/9116/n2r6gc/fa8ab6e9231284a06bf1fb80b856a1e4/_/download/contextbatch/js/atl.confluence.plugins.pagetree-desktop,main,page,viewcontent,atl.general,atl.comments,-_super/batch.js?analytics-enabled=false&cefp_collab_enabled=true&cefp_ed_perm=false&cefp_is_admin=false&gatekeeper-ui-v2=true&highlightactions=true&hostenabled=true&locale=en-US&table-resizable.breaking-text=false&theme.switcher=true&user-logged-in=true:227:281) @ https://wiki.one.int.sap/wiki/s/92d2c4742cba354172eb1affa02efacd-CDN/-23x24x/9116/n2r6gc/1bfa1eaa8b04ae6d4124fc3e33a6146f/_/download/contextbatch/js/_super/batch.js?locale=en-US:2576
[    5501ms] [WARNING] DEPRECATED undefined - AJS.params has been deprecated since 9.0.0 and will be removed in 10.0.0.  
     at Object.getParam (https://wiki.one.int.sap/wiki/s/d768014809aa9e9356abc4f32fa3cf06-CDN/-23x24x/9116/n2r6gc/fa8ab6e9231284a06bf1fb80b856a1e4/_/download/contextbatch/js/atl.confluence.plugins.pagetree-desktop,main,page,viewcontent,atl.general,atl.comments,-_super/batch.js?analytics-enabled=false&cefp_collab_enabled=true&cefp_ed_perm=false&cefp_is_admin=false&gatekeeper-ui-v2=true&highlightactions=true&hostenabled=true&locale=en-US&table-resizable.breaking-text=false&theme.switcher=true&user-logged-in=true:227:281) @ https://wiki.one.int.sap/wiki/s/92d2c4742cba354172eb1affa02efacd-CDN/-23x24x/9116/n2r6gc/1bfa1eaa8b04ae6d4124fc3e33a6146f/_/download/contextbatch/js/_super/batch.js?locale=en-US:2576
[    5501ms] [WARNING] DEPRECATED undefined - AJS.params has been deprecated since 9.0.0 and will be removed in 10.0.0.  
     at Object.getParam (https://wiki.one.int.sap/wiki/s/d768014809aa9e9356abc4f32fa3cf06-CDN/-23x24x/9116/n2r6gc/fa8ab6e9231284a06bf1fb80b856a1e4/_/download/contextbatch/js/atl.confluence.plugins.pagetree-desktop,main,page,viewcontent,atl.general,atl.comments,-_super/batch.js?analytics-enabled=false&cefp_collab_enabled=true&cefp_ed_perm=false&cefp_is_admin=false&gatekeeper-ui-v2=true&highlightactions=true&hostenabled=true&locale=en-US&table-resizable.breaking-text=false&theme.switcher=true&user-logged-in=true:227:281) @ https://wiki.one.int.sap/wiki/s/92d2c4742cba354172eb1affa02efacd-CDN/-23x24x/9116/n2r6gc/1bfa1eaa8b04ae6d4124fc3e33a6146f/_/download/contextbatch/js/_super/batch.js?locale=en-US:2576
[    5501ms] [WARNING] DEPRECATED undefined - AJS.params has been deprecated since 9.0.0 and will be removed in 10.0.0.  
     at Object.getParam (https://wiki.one.int.sap/wiki/s/d768014809aa9e9356abc4f32fa3cf06-CDN/-23x24x/9116/n2r6gc/fa8ab6e9231284a06bf1fb80b856a1e4/_/download/contextbatch/js/atl.confluence.plugins.pagetree-desktop,main,page,viewcontent,atl.general,atl.comments,-_super/batch.js?analytics-enabled=false&cefp_collab_enabled=true&cefp_ed_perm=false&cefp_is_admin=false&gatekeeper-ui-v2=true&highlightactions=true&hostenabled=true&locale=en-US&table-resizable.breaking-text=false&theme.switcher=true&user-logged-in=true:227:281) @ https://wiki.one.int.sap/wiki/s/92d2c4742cba354172eb1affa02efacd-CDN/-23x24x/9116/n2r6gc/1bfa1eaa8b04ae6d4124fc3e33a6146f/_/download/contextbatch/js/_super/batch.js?locale=en-US:2576
[    5501ms] [WARNING] DEPRECATED undefined - AJS.params has been deprecated since 9.0.0 and will be removed in 10.0.0.  
     at Object.getParam (https://wiki.one.int.sap/wiki/s/d768014809aa9e9356abc4f32fa3cf06-CDN/-23x24x/9116/n2r6gc/fa8ab6e9231284a06bf1fb80b856a1e4/_/download/contextbatch/js/atl.confluence.plugins.pagetree-desktop,main,page,viewcontent,atl.general,atl.comments,-_super/batch.js?analytics-enabled=false&cefp_collab_enabled=true&cefp_ed_perm=false&cefp_is_admin=false&gatekeeper-ui-v2=true&highlightactions=true&hostenabled=true&locale=en-US&table-resizable.breaking-text=false&theme.switcher=true&user-logged-in=true:227:281) @ https://wiki.one.int.sap/wiki/s/92d2c4742cba354172eb1affa02efacd-CDN/-23x24x/9116/n2r6gc/1bfa1eaa8b04ae6d4124fc3e33a6146f/_/download/contextbatch/js/_super/batch.js?locale=en-US:2576
[    5501ms] [WARNING] DEPRECATED undefined - AJS.params has been deprecated since 9.0.0 and will be removed in 10.0.0.  
     at Object.getParam (https://wiki.one.int.sap/wiki/s/d768014809aa9e9356abc4f32fa3cf06-CDN/-23x24x/9116/n2r6gc/fa8ab6e9231284a06bf1fb80b856a1e4/_/download/contextbatch/js/atl.confluence.plugins.pagetree-desktop,main,page,viewcontent,atl.general,atl.comments,-_super/batch.js?analytics-enabled=false&cefp_collab_enabled=true&cefp_ed_perm=false&cefp_is_admin=false&gatekeeper-ui-v2=true&highlightactions=true&hostenabled=true&locale=en-US&table-resizable.breaking-text=false&theme.switcher=true&user-logged-in=true:227:281) @ https://wiki.one.int.sap/wiki/s/92d2c4742cba354172eb1affa02efacd-CDN/-23x24x/9116/n2r6gc/1bfa1eaa8b04ae6d4124fc3e33a6146f/_/download/contextbatch/js/_super/batch.js?locale=en-US:2576
[    5501ms] [WARNING] DEPRECATED undefined - AJS.params has been deprecated since 9.0.0 and will be removed in 10.0.0.  
     at Object.getParam (https://wiki.one.int.sap/wiki/s/d768014809aa9e9356abc4f32fa3cf06-CDN/-23x24x/9116/n2r6gc/fa8ab6e9231284a06bf1fb80b856a1e4/_/download/contextbatch/js/atl.confluence.plugins.pagetree-desktop,main,page,viewcontent,atl.general,atl.comments,-_super/batch.js?analytics-enabled=false&cefp_collab_enabled=true&cefp_ed_perm=false&cefp_is_admin=false&gatekeeper-ui-v2=true&highlightactions=true&hostenabled=true&locale=en-US&table-resizable.breaking-text=false&theme.switcher=true&user-logged-in=true:227:281) @ https://wiki.one.int.sap/wiki/s/92d2c4742cba354172eb1affa02efacd-CDN/-23x24x/9116/n2r6gc/1bfa1eaa8b04ae6d4124fc3e33a6146f/_/download/contextbatch/js/_super/batch.js?locale=en-US:2576
[    5501ms] [WARNING] DEPRECATED undefined - AJS.params has been deprecated since 9.0.0 and will be removed in 10.0.0.  
     at Object.getParam (https://wiki.one.int.sap/wiki/s/d768014809aa9e9356abc4f32fa3cf06-CDN/-23x24x/9116/n2r6gc/fa8ab6e9231284a06bf1fb80b856a1e4/_/download/contextbatch/js/atl.confluence.plugins.pagetree-desktop,main,page,viewcontent,atl.general,atl.comments,-_super/batch.js?analytics-enabled=false&cefp_collab_enabled=true&cefp_ed_perm=false&cefp_is_admin=false&gatekeeper-ui-v2=true&highlightactions=true&hostenabled=true&locale=en-US&table-resizable.breaking-text=false&theme.switcher=true&user-logged-in=true:227:281) @ https://wiki.one.int.sap/wiki/s/92d2c4742cba354172eb1affa02efacd-CDN/-23x24x/9116/n2r6gc/1bfa1eaa8b04ae6d4124fc3e33a6146f/_/download/contextbatch/js/_super/batch.js?locale=en-US:2576
[    5501ms] [WARNING] DEPRECATED undefined - AJS.params has been deprecated since 9.0.0 and will be removed in 10.0.0.  
     at Object.getParam (https://wiki.one.int.sap/wiki/s/d768014809aa9e9356abc4f32fa3cf06-CDN/-23x24x/9116/n2r6gc/fa8ab6e9231284a06bf1fb80b856a1e4/_/download/contextbatch/js/atl.confluence.plugins.pagetree-desktop,main,page,viewcontent,atl.general,atl.comments,-_super/batch.js?analytics-enabled=false&cefp_collab_enabled=true&cefp_ed_perm=false&cefp_is_admin=false&gatekeeper-ui-v2=true&highlightactions=true&hostenabled=true&locale=en-US&table-resizable.breaking-text=false&theme.switcher=true&user-logged-in=true:227:281) @ https://wiki.one.int.sap/wiki/s/92d2c4742cba354172eb1affa02efacd-CDN/-23x24x/9116/n2r6gc/1bfa1eaa8b04ae6d4124fc3e33a6146f/_/download/contextbatch/js/_super/batch.js?locale=en-US:2576
[    5501ms] [WARNING] DEPRECATED undefined - AJS.params has been deprecated since 9.0.0 and will be removed in 10.0.0.  
     at Object.getParam (https://wiki.one.int.sap/wiki/s/d768014809aa9e9356abc4f32fa3cf06-CDN/-23x24x/9116/n2r6gc/fa8ab6e9231284a06bf1fb80b856a1e4/_/download/contextbatch/js/atl.confluence.plugins.pagetree-desktop,main,page,viewcontent,atl.general,atl.comments,-_super/batch.js?analytics-enabled=false&cefp_collab_enabled=true&cefp_ed_perm=false&cefp_is_admin=false&gatekeeper-ui-v2=true&highlightactions=true&hostenabled=true&locale=en-US&table-resizable.breaking-text=false&theme.switcher=true&user-logged-in=true:227:281) @ https://wiki.one.int.sap/wiki/s/92d2c4742cba354172eb1affa02efacd-CDN/-23x24x/9116/n2r6gc/1bfa1eaa8b04ae6d4124fc3e33a6146f/_/download/contextbatch/js/_super/batch.js?locale=en-US:2576
[    5501ms] [WARNING] DEPRECATED undefined - AJS.params has been deprecated since 9.0.0 and will be removed in 10.0.0.  
     at Object.getParam (https://wiki.one.int.sap/wiki/s/d768014809aa9e9356abc4f32fa3cf06-CDN/-23x24x/9116/n2r6gc/fa8ab6e9231284a06bf1fb80b856a1e4/_/download/contextbatch/js/atl.confluence.plugins.pagetree-desktop,main,page,viewcontent,atl.general,atl.comments,-_super/batch.js?analytics-enabled=false&cefp_collab_enabled=true&cefp_ed_perm=false&cefp_is_admin=false&gatekeeper-ui-v2=true&highlightactions=true&hostenabled=true&locale=en-US&table-resizable.breaking-text=false&theme.switcher=true&user-logged-in=true:227:281) @ https://wiki.one.int.sap/wiki/s/92d2c4742cba354172eb1affa02efacd-CDN/-23x24x/9116/n2r6gc/1bfa1eaa8b04ae6d4124fc3e33a6146f/_/download/contextbatch/js/_super/batch.js?locale=en-US:2576
[    5501ms] [WARNING] DEPRECATED undefined - AJS.params has been deprecated since 9.0.0 and will be removed in 10.0.0.  
     at Object.getParam (https://wiki.one.int.sap/wiki/s/d768014809aa9e9356abc4f32fa3cf06-CDN/-23x24x/9116/n2r6gc/fa8ab6e9231284a06bf1fb80b856a1e4/_/download/contextbatch/js/atl.confluence.plugins.pagetree-desktop,main,page,viewcontent,atl.general,atl.comments,-_super/batch.js?analytics-enabled=false&cefp_collab_enabled=true&cefp_ed_perm=false&cefp_is_admin=false&gatekeeper-ui-v2=true&highlightactions=true&hostenabled=true&locale=en-US&table-resizable.breaking-text=false&theme.switcher=true&user-logged-in=true:227:281) @ https://wiki.one.int.sap/wiki/s/92d2c4742cba354172eb1affa02efacd-CDN/-23x24x/9116/n2r6gc/1bfa1eaa8b04ae6d4124fc3e33a6146f/_/download/contextbatch/js/_super/batch.js?locale=en-US:2576
[    5501ms] [WARNING] DEPRECATED undefined - AJS.params has been deprecated since 9.0.0 and will be removed in 10.0.0.  
     at Object.getParam (https://wiki.one.int.sap/wiki/s/d768014809aa9e9356abc4f32fa3cf06-CDN/-23x24x/9116/n2r6gc/fa8ab6e9231284a06bf1fb80b856a1e4/_/download/contextbatch/js/atl.confluence.plugins.pagetree-desktop,main,page,viewcontent,atl.general,atl.comments,-_super/batch.js?analytics-enabled=false&cefp_collab_enabled=true&cefp_ed_perm=false&cefp_is_admin=false&gatekeeper-ui-v2=true&highlightactions=true&hostenabled=true&locale=en-US&table-resizable.breaking-text=false&theme.switcher=true&user-logged-in=true:227:281) @ https://wiki.one.int.sap/wiki/s/92d2c4742cba354172eb1affa02efacd-CDN/-23x24x/9116/n2r6gc/1bfa1eaa8b04ae6d4124fc3e33a6146f/_/download/contextbatch/js/_super/batch.js?locale=en-US:2576
[    5501ms] [WARNING] DEPRECATED undefined - AJS.params has been deprecated since 9.0.0 and will be removed in 10.0.0.  
     at Object.getParam (https://wiki.one.int.sap/wiki/s/d768014809aa9e9356abc4f32fa3cf06-CDN/-23x24x/9116/n2r6gc/fa8ab6e9231284a06bf1fb80b856a1e4/_/download/contextbatch/js/atl.confluence.plugins.pagetree-desktop,main,page,viewcontent,atl.general,atl.comments,-_super/batch.js?analytics-enabled=false&cefp_collab_enabled=true&cefp_ed_perm=false&cefp_is_admin=false&gatekeeper-ui-v2=true&highlightactions=true&hostenabled=true&locale=en-US&table-resizable.breaking-text=false&theme.switcher=true&user-logged-in=true:227:281) @ https://wiki.one.int.sap/wiki/s/92d2c4742cba354172eb1affa02efacd-CDN/-23x24x/9116/n2r6gc/1bfa1eaa8b04ae6d4124fc3e33a6146f/_/download/contextbatch/js/_super/batch.js?locale=en-US:2576
[    5502ms] [WARNING] DEPRECATED undefined - AJS.params has been deprecated since 9.0.0 and will be removed in 10.0.0.  
     at Object.getParam (https://wiki.one.int.sap/wiki/s/d768014809aa9e9356abc4f32fa3cf06-CDN/-23x24x/9116/n2r6gc/fa8ab6e9231284a06bf1fb80b856a1e4/_/download/contextbatch/js/atl.confluence.plugins.pagetree-desktop,main,page,viewcontent,atl.general,atl.comments,-_super/batch.js?analytics-enabled=false&cefp_collab_enabled=true&cefp_ed_perm=false&cefp_is_admin=false&gatekeeper-ui-v2=true&highlightactions=true&hostenabled=true&locale=en-US&table-resizable.breaking-text=false&theme.switcher=true&user-logged-in=true:227:281) @ https://wiki.one.int.sap/wiki/s/92d2c4742cba354172eb1affa02efacd-CDN/-23x24x/9116/n2r6gc/1bfa1eaa8b04ae6d4124fc3e33a6146f/_/download/contextbatch/js/_super/batch.js?locale=en-US:2576
[    5502ms] [WARNING] DEPRECATED undefined - AJS.params has been deprecated since 9.0.0 and will be removed in 10.0.0.  
     at Object.getParam (https://wiki.one.int.sap/wiki/s/d768014809aa9e9356abc4f32fa3cf06-CDN/-23x24x/9116/n2r6gc/fa8ab6e9231284a06bf1fb80b856a1e4/_/download/contextbatch/js/atl.confluence.plugins.pagetree-desktop,main,page,viewcontent,atl.general,atl.comments,-_super/batch.js?analytics-enabled=false&cefp_collab_enabled=true&cefp_ed_perm=false&cefp_is_admin=false&gatekeeper-ui-v2=true&highlightactions=true&hostenabled=true&locale=en-US&table-resizable.breaking-text=false&theme.switcher=true&user-logged-in=true:227:281) @ https://wiki.one.int.sap/wiki/s/92d2c4742cba354172eb1affa02efacd-CDN/-23x24x/9116/n2r6gc/1bfa1eaa8b04ae6d4124fc3e33a6146f/_/download/contextbatch/js/_super/batch.js?locale=en-US:2576
[    5502ms] [WARNING] DEPRECATED undefined - AJS.params has been deprecated since 9.0.0 and will be removed in 10.0.0.  
     at Object.getParam (https://wiki.one.int.sap/wiki/s/d768014809aa9e9356abc4f32fa3cf06-CDN/-23x24x/9116/n2r6gc/fa8ab6e9231284a06bf1fb80b856a1e4/_/download/contextbatch/js/atl.confluence.plugins.pagetree-desktop,main,page,viewcontent,atl.general,atl.comments,-_super/batch.js?analytics-enabled=false&cefp_collab_enabled=true&cefp_ed_perm=false&cefp_is_admin=false&gatekeeper-ui-v2=true&highlightactions=true&hostenabled=true&locale=en-US&table-resizable.breaking-text=false&theme.switcher=true&user-logged-in=true:227:281) @ https://wiki.one.int.sap/wiki/s/92d2c4742cba354172eb1affa02efacd-CDN/-23x24x/9116/n2r6gc/1bfa1eaa8b04ae6d4124fc3e33a6146f/_/download/contextbatch/js/_super/batch.js?locale=en-US:2576
[    5502ms] [WARNING] DEPRECATED undefined - AJS.params has been deprecated since 9.0.0 and will be removed in 10.0.0.  
     at Object.getParam (https://wiki.one.int.sap/wiki/s/d768014809aa9e9356abc4f32fa3cf06-CDN/-23x24x/9116/n2r6gc/fa8ab6e9231284a06bf1fb80b856a1e4/_/download/contextbatch/js/atl.confluence.plugins.pagetree-desktop,main,page,viewcontent,atl.general,atl.comments,-_super/batch.js?analytics-enabled=false&cefp_collab_enabled=true&cefp_ed_perm=false&cefp_is_admin=false&gatekeeper-ui-v2=true&highlightactions=true&hostenabled=true&locale=en-US&table-resizable.breaking-text=false&theme.switcher=true&user-logged-in=true:227:281) @ https://wiki.one.int.sap/wiki/s/92d2c4742cba354172eb1affa02efacd-CDN/-23x24x/9116/n2r6gc/1bfa1eaa8b04ae6d4124fc3e33a6146f/_/download/contextbatch/js/_super/batch.js?locale=en-US:2576
[    5502ms] [WARNING] DEPRECATED undefined - AJS.params has been deprecated since 9.0.0 and will be removed in 10.0.0.  
     at Object.getParam (https://wiki.one.int.sap/wiki/s/d768014809aa9e9356abc4f32fa3cf06-CDN/-23x24x/9116/n2r6gc/fa8ab6e9231284a06bf1fb80b856a1e4/_/download/contextbatch/js/atl.confluence.plugins.pagetree-desktop,main,page,viewcontent,atl.general,atl.comments,-_super/batch.js?analytics-enabled=false&cefp_collab_enabled=true&cefp_ed_perm=false&cefp_is_admin=false&gatekeeper-ui-v2=true&highlightactions=true&hostenabled=true&locale=en-US&table-resizable.breaking-text=false&theme.switcher=true&user-logged-in=true:227:281) @ https://wiki.one.int.sap/wiki/s/92d2c4742cba354172eb1affa02efacd-CDN/-23x24x/9116/n2r6gc/1bfa1eaa8b04ae6d4124fc3e33a6146f/_/download/contextbatch/js/_super/batch.js?locale=en-US:2576
[    5502ms] [WARNING] DEPRECATED undefined - AJS.params has been deprecated since 9.0.0 and will be removed in 10.0.0.  
     at Object.getParam (https://wiki.one.int.sap/wiki/s/d768014809aa9e9356abc4f32fa3cf06-CDN/-23x24x/9116/n2r6gc/fa8ab6e9231284a06bf1fb80b856a1e4/_/download/contextbatch/js/atl.confluence.plugins.pagetree-desktop,main,page,viewcontent,atl.general,atl.comments,-_super/batch.js?analytics-enabled=false&cefp_collab_enabled=true&cefp_ed_perm=false&cefp_is_admin=false&gatekeeper-ui-v2=true&highlightactions=true&hostenabled=true&locale=en-US&table-resizable.breaking-text=false&theme.switcher=true&user-logged-in=true:227:281) @ https://wiki.one.int.sap/wiki/s/92d2c4742cba354172eb1affa02efacd-CDN/-23x24x/9116/n2r6gc/1bfa1eaa8b04ae6d4124fc3e33a6146f/_/download/contextbatch/js/_super/batch.js?locale=en-US:2576
[    5502ms] [WARNING] DEPRECATED undefined - AJS.params has been deprecated since 9.0.0 and will be removed in 10.0.0.  
     at Object.getParam (https://wiki.one.int.sap/wiki/s/d768014809aa9e9356abc4f32fa3cf06-CDN/-23x24x/9116/n2r6gc/fa8ab6e9231284a06bf1fb80b856a1e4/_/download/contextbatch/js/atl.confluence.plugins.pagetree-desktop,main,page,viewcontent,atl.general,atl.comments,-_super/batch.js?analytics-enabled=false&cefp_collab_enabled=true&cefp_ed_perm=false&cefp_is_admin=false&gatekeeper-ui-v2=true&highlightactions=true&hostenabled=true&locale=en-US&table-resizable.breaking-text=false&theme.switcher=true&user-logged-in=true:227:281) @ https://wiki.one.int.sap/wiki/s/92d2c4742cba354172eb1affa02efacd-CDN/-23x24x/9116/n2r6gc/1bfa1eaa8b04ae6d4124fc3e33a6146f/_/download/contextbatch/js/_super/batch.js?locale=en-US:2576
[    5502ms] [WARNING] DEPRECATED undefined - AJS.params has been deprecated since 9.0.0 and will be removed in 10.0.0.  
     at Object.getParam (https://wiki.one.int.sap/wiki/s/d768014809aa9e9356abc4f32fa3cf06-CDN/-23x24x/9116/n2r6gc/fa8ab6e9231284a06bf1fb80b856a1e4/_/download/contextbatch/js/atl.confluence.plugins.pagetree-desktop,main,page,viewcontent,atl.general,atl.comments,-_super/batch.js?analytics-enabled=false&cefp_collab_enabled=true&cefp_ed_perm=false&cefp_is_admin=false&gatekeeper-ui-v2=true&highlightactions=true&hostenabled=true&locale=en-US&table-resizable.breaking-text=false&theme.switcher=true&user-logged-in=true:227:281) @ https://wiki.one.int.sap/wiki/s/92d2c4742cba354172eb1affa02efacd-CDN/-23x24x/9116/n2r6gc/1bfa1eaa8b04ae6d4124fc3e33a6146f/_/download/contextbatch/js/_super/batch.js?locale=en-US:2576
[    5502ms] [WARNING] DEPRECATED undefined - AJS.params has been deprecated since 9.0.0 and will be removed in 10.0.0.  
     at Object.getParam (https://wiki.one.int.sap/wiki/s/d768014809aa9e9356abc4f32fa3cf06-CDN/-23x24x/9116/n2r6gc/fa8ab6e9231284a06bf1fb80b856a1e4/_/download/contextbatch/js/atl.confluence.plugins.pagetree-desktop,main,page,viewcontent,atl.general,atl.comments,-_super/batch.js?analytics-enabled=false&cefp_collab_enabled=true&cefp_ed_perm=false&cefp_is_admin=false&gatekeeper-ui-v2=true&highlightactions=true&hostenabled=true&locale=en-US&table-resizable.breaking-text=false&theme.switcher=true&user-logged-in=true:227:281) @ https://wiki.one.int.sap/wiki/s/92d2c4742cba354172eb1affa02efacd-CDN/-23x24x/9116/n2r6gc/1bfa1eaa8b04ae6d4124fc3e33a6146f/_/download/contextbatch/js/_super/batch.js?locale=en-US:2576
[    5502ms] [WARNING] DEPRECATED undefined - AJS.params has been deprecated since 9.0.0 and will be removed in 10.0.0.  
     at Object.getParam (https://wiki.one.int.sap/wiki/s/d768014809aa9e9356abc4f32fa3cf06-CDN/-23x24x/9116/n2r6gc/fa8ab6e9231284a06bf1fb80b856a1e4/_/download/contextbatch/js/atl.confluence.plugins.pagetree-desktop,main,page,viewcontent,atl.general,atl.comments,-_super/batch.js?analytics-enabled=false&cefp_collab_enabled=true&cefp_ed_perm=false&cefp_is_admin=false&gatekeeper-ui-v2=true&highlightactions=true&hostenabled=true&locale=en-US&table-resizable.breaking-text=false&theme.switcher=true&user-logged-in=true:227:281) @ https://wiki.one.int.sap/wiki/s/92d2c4742cba354172eb1affa02efacd-CDN/-23x24x/9116/n2r6gc/1bfa1eaa8b04ae6d4124fc3e33a6146f/_/download/contextbatch/js/_super/batch.js?locale=en-US:2576
[    5502ms] [WARNING] DEPRECATED undefined - AJS.params has been deprecated since 9.0.0 and will be removed in 10.0.0.  
     at Object.getParam (https://wiki.one.int.sap/wiki/s/d768014809aa9e9356abc4f32fa3cf06-CDN/-23x24x/9116/n2r6gc/fa8ab6e9231284a06bf1fb80b856a1e4/_/download/contextbatch/js/atl.confluence.plugins.pagetree-desktop,main,page,viewcontent,atl.general,atl.comments,-_super/batch.js?analytics-enabled=false&cefp_collab_enabled=true&cefp_ed_perm=false&cefp_is_admin=false&gatekeeper-ui-v2=true&highlightactions=true&hostenabled=true&locale=en-US&table-resizable.breaking-text=false&theme.switcher=true&user-logged-in=true:227:281) @ https://wiki.one.int.sap/wiki/s/92d2c4742cba354172eb1affa02efacd-CDN/-23x24x/9116/n2r6gc/1bfa1eaa8b04ae6d4124fc3e33a6146f/_/download/contextbatch/js/_super/batch.js?locale=en-US:2576
[    5503ms] [WARNING] DEPRECATED undefined - AJS.params has been deprecated since 9.0.0 and will be removed in 10.0.0.  
     at Object.getParam (https://wiki.one.int.sap/wiki/s/d768014809aa9e9356abc4f32fa3cf06-CDN/-23x24x/9116/n2r6gc/fa8ab6e9231284a06bf1fb80b856a1e4/_/download/contextbatch/js/atl.confluence.plugins.pagetree-desktop,main,page,viewcontent,atl.general,atl.comments,-_super/batch.js?analytics-enabled=false&cefp_collab_enabled=true&cefp_ed_perm=false&cefp_is_admin=false&gatekeeper-ui-v2=true&highlightactions=true&hostenabled=true&locale=en-US&table-resizable.breaking-text=false&theme.switcher=true&user-logged-in=true:227:281) @ https://wiki.one.int.sap/wiki/s/92d2c4742cba354172eb1affa02efacd-CDN/-23x24x/9116/n2r6gc/1bfa1eaa8b04ae6d4124fc3e33a6146f/_/download/contextbatch/js/_super/batch.js?locale=en-US:2576
[    5503ms] [WARNING] DEPRECATED undefined - AJS.params has been deprecated since 9.0.0 and will be removed in 10.0.0.  
     at Object.getParam (https://wiki.one.int.sap/wiki/s/d768014809aa9e9356abc4f32fa3cf06-CDN/-23x24x/9116/n2r6gc/fa8ab6e9231284a06bf1fb80b856a1e4/_/download/contextbatch/js/atl.confluence.plugins.pagetree-desktop,main,page,viewcontent,atl.general,atl.comments,-_super/batch.js?analytics-enabled=false&cefp_collab_enabled=true&cefp_ed_perm=false&cefp_is_admin=false&gatekeeper-ui-v2=true&highlightactions=true&hostenabled=true&locale=en-US&table-resizable.breaking-text=false&theme.switcher=true&user-logged-in=true:227:281) @ https://wiki.one.int.sap/wiki/s/92d2c4742cba354172eb1affa02efacd-CDN/-23x24x/9116/n2r6gc/1bfa1eaa8b04ae6d4124fc3e33a6146f/_/download/contextbatch/js/_super/batch.js?locale=en-US:2576
[    5503ms] [WARNING] DEPRECATED undefined - AJS.params has been deprecated since 9.0.0 and will be removed in 10.0.0.  
     at Object.getParam (https://wiki.one.int.sap/wiki/s/d768014809aa9e9356abc4f32fa3cf06-CDN/-23x24x/9116/n2r6gc/fa8ab6e9231284a06bf1fb80b856a1e4/_/download/contextbatch/js/atl.confluence.plugins.pagetree-desktop,main,page,viewcontent,atl.general,atl.comments,-_super/batch.js?analytics-enabled=false&cefp_collab_enabled=true&cefp_ed_perm=false&cefp_is_admin=false&gatekeeper-ui-v2=true&highlightactions=true&hostenabled=true&locale=en-US&table-resizable.breaking-text=false&theme.switcher=true&user-logged-in=true:227:281) @ https://wiki.one.int.sap/wiki/s/92d2c4742cba354172eb1affa02efacd-CDN/-23x24x/9116/n2r6gc/1bfa1eaa8b04ae6d4124fc3e33a6146f/_/download/contextbatch/js/_super/batch.js?locale=en-US:2576
[    5503ms] [WARNING] DEPRECATED undefined - AJS.params has been deprecated since 9.0.0 and will be removed in 10.0.0.  
     at Object.getParam (https://wiki.one.int.sap/wiki/s/d768014809aa9e9356abc4f32fa3cf06-CDN/-23x24x/9116/n2r6gc/fa8ab6e9231284a06bf1fb80b856a1e4/_/download/contextbatch/js/atl.confluence.plugins.pagetree-desktop,main,page,viewcontent,atl.general,atl.comments,-_super/batch.js?analytics-enabled=false&cefp_collab_enabled=true&cefp_ed_perm=false&cefp_is_admin=false&gatekeeper-ui-v2=true&highlightactions=true&hostenabled=true&locale=en-US&table-resizable.breaking-text=false&theme.switcher=true&user-logged-in=true:227:281) @ https://wiki.one.int.sap/wiki/s/92d2c4742cba354172eb1affa02efacd-CDN/-23x24x/9116/n2r6gc/1bfa1eaa8b04ae6d4124fc3e33a6146f/_/download/contextbatch/js/_super/batch.js?locale=en-US:2576
[    5503ms] [WARNING] DEPRECATED undefined - AJS.params has been deprecated since 9.0.0 and will be removed in 10.0.0.  
     at Object.getParam (https://wiki.one.int.sap/wiki/s/d768014809aa9e9356abc4f32fa3cf06-CDN/-23x24x/9116/n2r6gc/fa8ab6e9231284a06bf1fb80b856a1e4/_/download/contextbatch/js/atl.confluence.plugins.pagetree-desktop,main,page,viewcontent,atl.general,atl.comments,-_super/batch.js?analytics-enabled=false&cefp_collab_enabled=true&cefp_ed_perm=false&cefp_is_admin=false&gatekeeper-ui-v2=true&highlightactions=true&hostenabled=true&locale=en-US&table-resizable.breaking-text=false&theme.switcher=true&user-logged-in=true:227:281) @ https://wiki.one.int.sap/wiki/s/92d2c4742cba354172eb1affa02efacd-CDN/-23x24x/9116/n2r6gc/1bfa1eaa8b04ae6d4124fc3e33a6146f/_/download/contextbatch/js/_super/batch.js?locale=en-US:2576
[    5503ms] [WARNING] DEPRECATED undefined - AJS.params has been deprecated since 9.0.0 and will be removed in 10.0.0.  
     at Object.getParam (https://wiki.one.int.sap/wiki/s/d768014809aa9e9356abc4f32fa3cf06-CDN/-23x24x/9116/n2r6gc/fa8ab6e9231284a06bf1fb80b856a1e4/_/download/contextbatch/js/atl.confluence.plugins.pagetree-desktop,main,page,viewcontent,atl.general,atl.comments,-_super/batch.js?analytics-enabled=false&cefp_collab_enabled=true&cefp_ed_perm=false&cefp_is_admin=false&gatekeeper-ui-v2=true&highlightactions=true&hostenabled=true&locale=en-US&table-resizable.breaking-text=false&theme.switcher=true&user-logged-in=true:227:281) @ https://wiki.one.int.sap/wiki/s/92d2c4742cba354172eb1affa02efacd-CDN/-23x24x/9116/n2r6gc/1bfa1eaa8b04ae6d4124fc3e33a6146f/_/download/contextbatch/js/_super/batch.js?locale=en-US:2576
[    5503ms] [WARNING] DEPRECATED undefined - AJS.params has been deprecated since 9.0.0 and will be removed in 10.0.0.  
     at Object.getParam (https://wiki.one.int.sap/wiki/s/d768014809aa9e9356abc4f32fa3cf06-CDN/-23x24x/9116/n2r6gc/fa8ab6e9231284a06bf1fb80b856a1e4/_/download/contextbatch/js/atl.confluence.plugins.pagetree-desktop,main,page,viewcontent,atl.general,atl.comments,-_super/batch.js?analytics-enabled=false&cefp_collab_enabled=true&cefp_ed_perm=false&cefp_is_admin=false&gatekeeper-ui-v2=true&highlightactions=true&hostenabled=true&locale=en-US&table-resizable.breaking-text=false&theme.switcher=true&user-logged-in=true:227:281) @ https://wiki.one.int.sap/wiki/s/92d2c4742cba354172eb1affa02efacd-CDN/-23x24x/9116/n2r6gc/1bfa1eaa8b04ae6d4124fc3e33a6146f/_/download/contextbatch/js/_super/batch.js?locale=en-US:2576
[    5503ms] [WARNING] DEPRECATED undefined - AJS.params has been deprecated since 9.0.0 and will be removed in 10.0.0.  
     at Object.getParam (https://wiki.one.int.sap/wiki/s/d768014809aa9e9356abc4f32fa3cf06-CDN/-23x24x/9116/n2r6gc/fa8ab6e9231284a06bf1fb80b856a1e4/_/download/contextbatch/js/atl.confluence.plugins.pagetree-desktop,main,page,viewcontent,atl.general,atl.comments,-_super/batch.js?analytics-enabled=false&cefp_collab_enabled=true&cefp_ed_perm=false&cefp_is_admin=false&gatekeeper-ui-v2=true&highlightactions=true&hostenabled=true&locale=en-US&table-resizable.breaking-text=false&theme.switcher=true&user-logged-in=true:227:281) @ https://wiki.one.int.sap/wiki/s/92d2c4742cba354172eb1affa02efacd-CDN/-23x24x/9116/n2r6gc/1bfa1eaa8b04ae6d4124fc3e33a6146f/_/download/contextbatch/js/_super/batch.js?locale=en-US:2576
[    5503ms] [WARNING] DEPRECATED undefined - AJS.params has been deprecated since 9.0.0 and will be removed in 10.0.0.  
     at Object.getParam (https://wiki.one.int.sap/wiki/s/d768014809aa9e9356abc4f32fa3cf06-CDN/-23x24x/9116/n2r6gc/fa8ab6e9231284a06bf1fb80b856a1e4/_/download/contextbatch/js/atl.confluence.plugins.pagetree-desktop,main,page,viewcontent,atl.general,atl.comments,-_super/batch.js?analytics-enabled=false&cefp_collab_enabled=true&cefp_ed_perm=false&cefp_is_admin=false&gatekeeper-ui-v2=true&highlightactions=true&hostenabled=true&locale=en-US&table-resizable.breaking-text=false&theme.switcher=true&user-logged-in=true:227:281) @ https://wiki.one.int.sap/wiki/s/92d2c4742cba354172eb1affa02efacd-CDN/-23x24x/9116/n2r6gc/1bfa1eaa8b04ae6d4124fc3e33a6146f/_/download/contextbatch/js/_super/batch.js?locale=en-US:2576
[    5504ms] [WARNING] DEPRECATED undefined - AJS.params has been deprecated since 9.0.0 and will be removed in 10.0.0.  
     at Object.getParam (https://wiki.one.int.sap/wiki/s/d768014809aa9e9356abc4f32fa3cf06-CDN/-23x24x/9116/n2r6gc/fa8ab6e9231284a06bf1fb80b856a1e4/_/download/contextbatch/js/atl.confluence.plugins.pagetree-desktop,main,page,viewcontent,atl.general,atl.comments,-_super/batch.js?analytics-enabled=false&cefp_collab_enabled=true&cefp_ed_perm=false&cefp_is_admin=false&gatekeeper-ui-v2=true&highlightactions=true&hostenabled=true&locale=en-US&table-resizable.breaking-text=false&theme.switcher=true&user-logged-in=true:227:281) @ https://wiki.one.int.sap/wiki/s/92d2c4742cba354172eb1affa02efacd-CDN/-23x24x/9116/n2r6gc/1bfa1eaa8b04ae6d4124fc3e33a6146f/_/download/contextbatch/js/_super/batch.js?locale=en-US:2576
[    5504ms] [WARNING] DEPRECATED undefined - AJS.params has been deprecated since 9.0.0 and will be removed in 10.0.0.  
     at Object.getParam (https://wiki.one.int.sap/wiki/s/d768014809aa9e9356abc4f32fa3cf06-CDN/-23x24x/9116/n2r6gc/fa8ab6e9231284a06bf1fb80b856a1e4/_/download/contextbatch/js/atl.confluence.plugins.pagetree-desktop,main,page,viewcontent,atl.general,atl.comments,-_super/batch.js?analytics-enabled=false&cefp_collab_enabled=true&cefp_ed_perm=false&cefp_is_admin=false&gatekeeper-ui-v2=true&highlightactions=true&hostenabled=true&locale=en-US&table-resizable.breaking-text=false&theme.switcher=true&user-logged-in=true:227:281) @ https://wiki.one.int.sap/wiki/s/92d2c4742cba354172eb1affa02efacd-CDN/-23x24x/9116/n2r6gc/1bfa1eaa8b04ae6d4124fc3e33a6146f/_/download/contextbatch/js/_super/batch.js?locale=en-US:2576
[    5504ms] [WARNING] DEPRECATED JS - AJS.debounce has been deprecated since 8.0.0 and will be removed in 10.0.0. Use equivalent functions from libraries like lodash / underscore instead  
     at https://wiki.one.int.sap/wiki/s/d768014809aa9e9356abc4f32fa3cf06-CDN/-23x24x/9116/n2r6gc/fa8ab6e9231284a06bf1fb80b856a1e4/_/download/contextbatch/js/atl.confluence.plugins.pagetree-desktop,main,page,viewcontent,atl.general,atl.comments,-_super/batch.js?analytics-enabled=false&cefp_collab_enabled=true&cefp_ed_perm=false&cefp_is_admin=false&gatekeeper-ui-v2=true&highlightactions=true&hostenabled=true&locale=en-US&table-resizable.breaking-text=false&theme.switcher=true&user-logged-in=true:1439:377 @ https://wiki.one.int.sap/wiki/s/92d2c4742cba354172eb1affa02efacd-CDN/-23x24x/9116/n2r6gc/1bfa1eaa8b04ae6d4124fc3e33a6146f/_/download/contextbatch/js/_super/batch.js?locale=en-US:2576
[    5504ms] [WARNING] DEPRECATED JS - AJS.debounceImmediate has been deprecated since 8.0.0 and will be removed in 10.0.0. Use equivalent functions from libraries like lodash / underscore instead  
     at https://wiki.one.int.sap/wiki/s/d768014809aa9e9356abc4f32fa3cf06-CDN/-23x24x/9116/n2r6gc/fa8ab6e9231284a06bf1fb80b856a1e4/_/download/contextbatch/js/atl.confluence.plugins.pagetree-desktop,main,page,viewcontent,atl.general,atl.comments,-_super/batch.js?analytics-enabled=false&cefp_collab_enabled=true&cefp_ed_perm=false&cefp_is_admin=false&gatekeeper-ui-v2=true&highlightactions=true&hostenabled=true&locale=en-US&table-resizable.breaking-text=false&theme.switcher=true&user-logged-in=true:1439:455 @ https://wiki.one.int.sap/wiki/s/92d2c4742cba354172eb1affa02efacd-CDN/-23x24x/9116/n2r6gc/1bfa1eaa8b04ae6d4124fc3e33a6146f/_/download/contextbatch/js/_super/batch.js?locale=en-US:2576
[    5504ms] [WARNING] Remove legacy sidebar code when upgrade to AUI 5.8+ @ https://wiki.one.int.sap/wiki/s/92d2c4742cba354172eb1affa02efacd-CDN/-23x24x/9116/n2r6gc/1bfa1eaa8b04ae6d4124fc3e33a6146f/_/download/contextbatch/js/_super/batch.js?locale=en-US:2581
[    5524ms] [LOG] [WRM] [handler] Downloading resources [js!/wiki/s/d41d8cd98f00b204e9800998ecf8427e-CDN/-2…ext=false&theme.switcher=true&user-logged-in=true, js!/wiki/s/61f4ec5c93800775c916150d1014c62f-CDN/-2…sian.auiplugin:7498,-_super/batch.js?locale=en-US] @ https://wiki.one.int.sap/wiki/s/92d2c4742cba354172eb1affa02efacd-CDN/-23x24x/9116/n2r6gc/1bfa1eaa8b04ae6d4124fc3e33a6146f/_/download/contextbatch/js/_super/batch.js?locale=en-US:21
[    5860ms] [WARNING] DEPRECATED undefined - AJS.params has been deprecated since 9.0.0 and will be removed in 10.0.0.  
     at HTMLMetaElement.<anonymous> (https://wiki.one.int.sap/wiki/s/92d2c4742cba354172eb1affa02efacd-CDN/-23x24x/9116/n2r6gc/1bfa1eaa8b04ae6d4124fc3e33a6146f/_/download/contextbatch/js/_super/batch.js?locale=en-US:2852:304) @ https://wiki.one.int.sap/wiki/s/92d2c4742cba354172eb1affa02efacd-CDN/-23x24x/9116/n2r6gc/1bfa1eaa8b04ae6d4124fc3e33a6146f/_/download/contextbatch/js/_super/batch.js?locale=en-US:2576
[    5860ms] [WARNING] DEPRECATED undefined - AJS.params has been deprecated since 9.0.0 and will be removed in 10.0.0.  
     at HTMLMetaElement.<anonymous> (https://wiki.one.int.sap/wiki/s/92d2c4742cba354172eb1affa02efacd-CDN/-23x24x/9116/n2r6gc/1bfa1eaa8b04ae6d4124fc3e33a6146f/_/download/contextbatch/js/_super/batch.js?locale=en-US:2852:304) @ https://wiki.one.int.sap/wiki/s/92d2c4742cba354172eb1affa02efacd-CDN/-23x24x/9116/n2r6gc/1bfa1eaa8b04ae6d4124fc3e33a6146f/_/download/contextbatch/js/_super/batch.js?locale=en-US:2576
[    5860ms] [WARNING] DEPRECATED undefined - AJS.params has been deprecated since 9.0.0 and will be removed in 10.0.0.  
     at HTMLMetaElement.<anonymous> (https://wiki.one.int.sap/wiki/s/92d2c4742cba354172eb1affa02efacd-CDN/-23x24x/9116/n2r6gc/1bfa1eaa8b04ae6d4124fc3e33a6146f/_/download/contextbatch/js/_super/batch.js?locale=en-US:2852:304) @ https://wiki.one.int.sap/wiki/s/92d2c4742cba354172eb1affa02efacd-CDN/-23x24x/9116/n2r6gc/1bfa1eaa8b04ae6d4124fc3e33a6146f/_/download/contextbatch/js/_super/batch.js?locale=en-US:2576
[    5860ms] [WARNING] DEPRECATED undefined - AJS.params has been deprecated since 9.0.0 and will be removed in 10.0.0.  
     at HTMLMetaElement.<anonymous> (https://wiki.one.int.sap/wiki/s/92d2c4742cba354172eb1affa02efacd-CDN/-23x24x/9116/n2r6gc/1bfa1eaa8b04ae6d4124fc3e33a6146f/_/download/contextbatch/js/_super/batch.js?locale=en-US:2852:304) @ https://wiki.one.int.sap/wiki/s/92d2c4742cba354172eb1affa02efacd-CDN/-23x24x/9116/n2r6gc/1bfa1eaa8b04ae6d4124fc3e33a6146f/_/download/contextbatch/js/_super/batch.js?locale=en-US:2576
[    5860ms] [WARNING] DEPRECATED undefined - AJS.params has been deprecated since 9.0.0 and will be removed in 10.0.0.  
     at HTMLMetaElement.<anonymous> (https://wiki.one.int.sap/wiki/s/92d2c4742cba354172eb1affa02efacd-CDN/-23x24x/9116/n2r6gc/1bfa1eaa8b04ae6d4124fc3e33a6146f/_/download/contextbatch/js/_super/batch.js?locale=en-US:2852:304) @ https://wiki.one.int.sap/wiki/s/92d2c4742cba354172eb1affa02efacd-CDN/-23x24x/9116/n2r6gc/1bfa1eaa8b04ae6d4124fc3e33a6146f/_/download/contextbatch/js/_super/batch.js?locale=en-US:2576
[    5860ms] [WARNING] DEPRECATED undefined - AJS.params has been deprecated since 9.0.0 and will be removed in 10.0.0.  
     at HTMLMetaElement.<anonymous> (https://wiki.one.int.sap/wiki/s/92d2c4742cba354172eb1affa02efacd-CDN/-23x24x/9116/n2r6gc/1bfa1eaa8b04ae6d4124fc3e33a6146f/_/download/contextbatch/js/_super/batch.js?locale=en-US:2852:304) @ https://wiki.one.int.sap/wiki/s/92d2c4742cba354172eb1affa02efacd-CDN/-23x24x/9116/n2r6gc/1bfa1eaa8b04ae6d4124fc3e33a6146f/_/download/contextbatch/js/_super/batch.js?locale=en-US:2576
[    5860ms] [WARNING] DEPRECATED undefined - AJS.params has been deprecated since 9.0.0 and will be removed in 10.0.0.  
     at HTMLMetaElement.<anonymous> (https://wiki.one.int.sap/wiki/s/92d2c4742cba354172eb1affa02efacd-CDN/-23x24x/9116/n2r6gc/1bfa1eaa8b04ae6d4124fc3e33a6146f/_/download/contextbatch/js/_super/batch.js?locale=en-US:2852:304) @ https://wiki.one.int.sap/wiki/s/92d2c4742cba354172eb1affa02efacd-CDN/-23x24x/9116/n2r6gc/1bfa1eaa8b04ae6d4124fc3e33a6146f/_/download/contextbatch/js/_super/batch.js?locale=en-US:2576
[    5860ms] [WARNING] DEPRECATED undefined - AJS.params has been deprecated since 9.0.0 and will be removed in 10.0.0.  
     at HTMLMetaElement.<anonymous> (https://wiki.one.int.sap/wiki/s/92d2c4742cba354172eb1affa02efacd-CDN/-23x24x/9116/n2r6gc/1bfa1eaa8b04ae6d4124fc3e33a6146f/_/download/contextbatch/js/_super/batch.js?locale=en-US:2852:304) @ https://wiki.one.int.sap/wiki/s/92d2c4742cba354172eb1affa02efacd-CDN/-23x24x/9116/n2r6gc/1bfa1eaa8b04ae6d4124fc3e33a6146f/_/download/contextbatch/js/_super/batch.js?locale=en-US:2576
[    5860ms] [WARNING] DEPRECATED undefined - AJS.params has been deprecated since 9.0.0 and will be removed in 10.0.0.  
     at HTMLMetaElement.<anonymous> (https://wiki.one.int.sap/wiki/s/92d2c4742cba354172eb1affa02efacd-CDN/-23x24x/9116/n2r6gc/1bfa1eaa8b04ae6d4124fc3e33a6146f/_/download/contextbatch/js/_super/batch.js?locale=en-US:2852:304) @ https://wiki.one.int.sap/wiki/s/92d2c4742cba354172eb1affa02efacd-CDN/-23x24x/9116/n2r6gc/1bfa1eaa8b04ae6d4124fc3e33a6146f/_/download/contextbatch/js/_super/batch.js?locale=en-US:2576
[    5860ms] [WARNING] DEPRECATED undefined - AJS.params has been deprecated since 9.0.0 and will be removed in 10.0.0.  
     at HTMLMetaElement.<anonymous> (https://wiki.one.int.sap/wiki/s/92d2c4742cba354172eb1affa02efacd-CDN/-23x24x/9116/n2r6gc/1bfa1eaa8b04ae6d4124fc3e33a6146f/_/download/contextbatch/js/_super/batch.js?locale=en-US:2852:304) @ https://wiki.one.int.sap/wiki/s/92d2c4742cba354172eb1affa02efacd-CDN/-23x24x/9116/n2r6gc/1bfa1eaa8b04ae6d4124fc3e33a6146f/_/download/contextbatch/js/_super/batch.js?locale=en-US:2576
[    5860ms] [WARNING] DEPRECATED undefined - AJS.params has been deprecated since 9.0.0 and will be removed in 10.0.0.  
     at HTMLMetaElement.<anonymous> (https://wiki.one.int.sap/wiki/s/92d2c4742cba354172eb1affa02efacd-CDN/-23x24x/9116/n2r6gc/1bfa1eaa8b04ae6d4124fc3e33a6146f/_/download/contextbatch/js/_super/batch.js?locale=en-US:2852:304) @ https://wiki.one.int.sap/wiki/s/92d2c4742cba354172eb1affa02efacd-CDN/-23x24x/9116/n2r6gc/1bfa1eaa8b04ae6d4124fc3e33a6146f/_/download/contextbatch/js/_super/batch.js?locale=en-US:2576
[    5860ms] [WARNING] DEPRECATED undefined - AJS.params has been deprecated since 9.0.0 and will be removed in 10.0.0.  
     at HTMLMetaElement.<anonymous> (https://wiki.one.int.sap/wiki/s/92d2c4742cba354172eb1affa02efacd-CDN/-23x24x/9116/n2r6gc/1bfa1eaa8b04ae6d4124fc3e33a6146f/_/download/contextbatch/js/_super/batch.js?locale=en-US:2852:304) @ https://wiki.one.int.sap/wiki/s/92d2c4742cba354172eb1affa02efacd-CDN/-23x24x/9116/n2r6gc/1bfa1eaa8b04ae6d4124fc3e33a6146f/_/download/contextbatch/js/_super/batch.js?locale=en-US:2576
[    5860ms] [WARNING] DEPRECATED undefined - AJS.params has been deprecated since 9.0.0 and will be removed in 10.0.0.  
     at HTMLMetaElement.<anonymous> (https://wiki.one.int.sap/wiki/s/92d2c4742cba354172eb1affa02efacd-CDN/-23x24x/9116/n2r6gc/1bfa1eaa8b04ae6d4124fc3e33a6146f/_/download/contextbatch/js/_super/batch.js?locale=en-US:2852:304) @ https://wiki.one.int.sap/wiki/s/92d2c4742cba354172eb1affa02efacd-CDN/-23x24x/9116/n2r6gc/1bfa1eaa8b04ae6d4124fc3e33a6146f/_/download/contextbatch/js/_super/batch.js?locale=en-US:2576
[    5860ms] [WARNING] DEPRECATED undefined - AJS.params has been deprecated since 9.0.0 and will be removed in 10.0.0.  
     at HTMLMetaElement.<anonymous> (https://wiki.one.int.sap/wiki/s/92d2c4742cba354172eb1affa02efacd-CDN/-23x24x/9116/n2r6gc/1bfa1eaa8b04ae6d4124fc3e33a6146f/_/download/contextbatch/js/_super/batch.js?locale=en-US:2852:304) @ https://wiki.one.int.sap/wiki/s/92d2c4742cba354172eb1affa02efacd-CDN/-23x24x/9116/n2r6gc/1bfa1eaa8b04ae6d4124fc3e33a6146f/_/download/contextbatch/js/_super/batch.js?locale=en-US:2576
[    5860ms] [WARNING] DEPRECATED undefined - AJS.params has been deprecated since 9.0.0 and will be removed in 10.0.0.  
     at HTMLMetaElement.<anonymous> (https://wiki.one.int.sap/wiki/s/92d2c4742cba354172eb1affa02efacd-CDN/-23x24x/9116/n2r6gc/1bfa1eaa8b04ae6d4124fc3e33a6146f/_/download/contextbatch/js/_super/batch.js?locale=en-US:2852:304) @ https://wiki.one.int.sap/wiki/s/92d2c4742cba354172eb1affa02efacd-CDN/-23x24x/9116/n2r6gc/1bfa1eaa8b04ae6d4124fc3e33a6146f/_/download/contextbatch/js/_super/batch.js?locale=en-US:2576
[    5860ms] [WARNING] DEPRECATED undefined - AJS.params has been deprecated since 9.0.0 and will be removed in 10.0.0.  
     at HTMLMetaElement.<anonymous> (https://wiki.one.int.sap/wiki/s/92d2c4742cba354172eb1affa02efacd-CDN/-23x24x/9116/n2r6gc/1bfa1eaa8b04ae6d4124fc3e33a6146f/_/download/contextbatch/js/_super/batch.js?locale=en-US:2852:304) @ https://wiki.one.int.sap/wiki/s/92d2c4742cba354172eb1affa02efacd-CDN/-23x24x/9116/n2r6gc/1bfa1eaa8b04ae6d4124fc3e33a6146f/_/download/contextbatch/js/_super/batch.js?locale=en-US:2576
[    5861ms] [WARNING] DEPRECATED undefined - AJS.params has been deprecated since 9.0.0 and will be removed in 10.0.0.  
     at HTMLMetaElement.<anonymous> (https://wiki.one.int.sap/wiki/s/92d2c4742cba354172eb1affa02efacd-CDN/-23x24x/9116/n2r6gc/1bfa1eaa8b04ae6d4124fc3e33a6146f/_/download/contextbatch/js/_super/batch.js?locale=en-US:2852:304) @ https://wiki.one.int.sap/wiki/s/92d2c4742cba354172eb1affa02efacd-CDN/-23x24x/9116/n2r6gc/1bfa1eaa8b04ae6d4124fc3e33a6146f/_/download/contextbatch/js/_super/batch.js?locale=en-US:2576
[    5861ms] [WARNING] DEPRECATED undefined - AJS.params has been deprecated since 9.0.0 and will be removed in 10.0.0.  
     at HTMLMetaElement.<anonymous> (https://wiki.one.int.sap/wiki/s/92d2c4742cba354172eb1affa02efacd-CDN/-23x24x/9116/n2r6gc/1bfa1eaa8b04ae6d4124fc3e33a6146f/_/download/contextbatch/js/_super/batch.js?locale=en-US:2852:304) @ https://wiki.one.int.sap/wiki/s/92d2c4742cba354172eb1affa02efacd-CDN/-23x24x/9116/n2r6gc/1bfa1eaa8b04ae6d4124fc3e33a6146f/_/download/contextbatch/js/_super/batch.js?locale=en-US:2576
[    5861ms] [WARNING] DEPRECATED undefined - AJS.params has been deprecated since 9.0.0 and will be removed in 10.0.0.  
     at HTMLMetaElement.<anonymous> (https://wiki.one.int.sap/wiki/s/92d2c4742cba354172eb1affa02efacd-CDN/-23x24x/9116/n2r6gc/1bfa1eaa8b04ae6d4124fc3e33a6146f/_/download/contextbatch/js/_super/batch.js?locale=en-US:2852:304) @ https://wiki.one.int.sap/wiki/s/92d2c4742cba354172eb1affa02efacd-CDN/-23x24x/9116/n2r6gc/1bfa1eaa8b04ae6d4124fc3e33a6146f/_/download/contextbatch/js/_super/batch.js?locale=en-US:2576
[    5861ms] [WARNING] DEPRECATED undefined - AJS.params has been deprecated since 9.0.0 and will be removed in 10.0.0.  
     at HTMLMetaElement.<anonymous> (https://wiki.one.int.sap/wiki/s/92d2c4742cba354172eb1affa02efacd-CDN/-23x24x/9116/n2r6gc/1bfa1eaa8b04ae6d4124fc3e33a6146f/_/download/contextbatch/js/_super/batch.js?locale=en-US:2852:304) @ https://wiki.one.int.sap/wiki/s/92d2c4742cba354172eb1affa02efacd-CDN/-23x24x/9116/n2r6gc/1bfa1eaa8b04ae6d4124fc3e33a6146f/_/download/contextbatch/js/_super/batch.js?locale=en-US:2576
[    5861ms] [WARNING] DEPRECATED undefined - AJS.params has been deprecated since 9.0.0 and will be removed in 10.0.0.  
     at HTMLMetaElement.<anonymous> (https://wiki.one.int.sap/wiki/s/92d2c4742cba354172eb1affa02efacd-CDN/-23x24x/9116/n2r6gc/1bfa1eaa8b04ae6d4124fc3e33a6146f/_/download/contextbatch/js/_super/batch.js?locale=en-US:2852:304) @ https://wiki.one.int.sap/wiki/s/92d2c4742cba354172eb1affa02efacd-CDN/-23x24x/9116/n2r6gc/1bfa1eaa8b04ae6d4124fc3e33a6146f/_/download/contextbatch/js/_super/batch.js?locale=en-US:2576
[    5861ms] [WARNING] DEPRECATED undefined - AJS.params has been deprecated since 9.0.0 and will be removed in 10.0.0.  
     at HTMLMetaElement.<anonymous> (https://wiki.one.int.sap/wiki/s/92d2c4742cba354172eb1affa02efacd-CDN/-23x24x/9116/n2r6gc/1bfa1eaa8b04ae6d4124fc3e33a6146f/_/download/contextbatch/js/_super/batch.js?locale=en-US:2852:304) @ https://wiki.one.int.sap/wiki/s/92d2c4742cba354172eb1affa02efacd-CDN/-23x24x/9116/n2r6gc/1bfa1eaa8b04ae6d4124fc3e33a6146f/_/download/contextbatch/js/_super/batch.js?locale=en-US:2576
[    5861ms] [WARNING] DEPRECATED undefined - AJS.params has been deprecated since 9.0.0 and will be removed in 10.0.0.  
     at HTMLMetaElement.<anonymous> (https://wiki.one.int.sap/wiki/s/92d2c4742cba354172eb1affa02efacd-CDN/-23x24x/9116/n2r6gc/1bfa1eaa8b04ae6d4124fc3e33a6146f/_/download/contextbatch/js/_super/batch.js?locale=en-US:2852:304) @ https://wiki.one.int.sap/wiki/s/92d2c4742cba354172eb1affa02efacd-CDN/-23x24x/9116/n2r6gc/1bfa1eaa8b04ae6d4124fc3e33a6146f/_/download/contextbatch/js/_super/batch.js?locale=en-US:2576
[    5861ms] [WARNING] DEPRECATED undefined - AJS.params has been deprecated since 9.0.0 and will be removed in 10.0.0.  
     at HTMLMetaElement.<anonymous> (https://wiki.one.int.sap/wiki/s/92d2c4742cba354172eb1affa02efacd-CDN/-23x24x/9116/n2r6gc/1bfa1eaa8b04ae6d4124fc3e33a6146f/_/download/contextbatch/js/_super/batch.js?locale=en-US:2852:304) @ https://wiki.one.int.sap/wiki/s/92d2c4742cba354172eb1affa02efacd-CDN/-23x24x/9116/n2r6gc/1bfa1eaa8b04ae6d4124fc3e33a6146f/_/download/contextbatch/js/_super/batch.js?locale=en-US:2576
[    5861ms] [WARNING] DEPRECATED undefined - AJS.params has been deprecated since 9.0.0 and will be removed in 10.0.0.  
     at HTMLMetaElement.<anonymous> (https://wiki.one.int.sap/wiki/s/92d2c4742cba354172eb1affa02efacd-CDN/-23x24x/9116/n2r6gc/1bfa1eaa8b04ae6d4124fc3e33a6146f/_/download/contextbatch/js/_super/batch.js?locale=en-US:2852:304) @ https://wiki.one.int.sap/wiki/s/92d2c4742cba354172eb1affa02efacd-CDN/-23x24x/9116/n2r6gc/1bfa1eaa8b04ae6d4124fc3e33a6146f/_/download/contextbatch/js/_super/batch.js?locale=en-US:2576
[    5861ms] [WARNING] DEPRECATED undefined - AJS.params has been deprecated since 9.0.0 and will be removed in 10.0.0.  
     at HTMLMetaElement.<anonymous> (https://wiki.one.int.sap/wiki/s/92d2c4742cba354172eb1affa02efacd-CDN/-23x24x/9116/n2r6gc/1bfa1eaa8b04ae6d4124fc3e33a6146f/_/download/contextbatch/js/_super/batch.js?locale=en-US:2852:304) @ https://wiki.one.int.sap/wiki/s/92d2c4742cba354172eb1affa02efacd-CDN/-23x24x/9116/n2r6gc/1bfa1eaa8b04ae6d4124fc3e33a6146f/_/download/contextbatch/js/_super/batch.js?locale=en-US:2576
[    5861ms] [WARNING] DEPRECATED undefined - AJS.params has been deprecated since 9.0.0 and will be removed in 10.0.0.  
     at HTMLMetaElement.<anonymous> (https://wiki.one.int.sap/wiki/s/92d2c4742cba354172eb1affa02efacd-CDN/-23x24x/9116/n2r6gc/1bfa1eaa8b04ae6d4124fc3e33a6146f/_/download/contextbatch/js/_super/batch.js?locale=en-US:2852:304) @ https://wiki.one.int.sap/wiki/s/92d2c4742cba354172eb1affa02efacd-CDN/-23x24x/9116/n2r6gc/1bfa1eaa8b04ae6d4124fc3e33a6146f/_/download/contextbatch/js/_super/batch.js?locale=en-US:2576
[    5861ms] [WARNING] DEPRECATED undefined - AJS.params has been deprecated since 9.0.0 and will be removed in 10.0.0.  
     at HTMLMetaElement.<anonymous> (https://wiki.one.int.sap/wiki/s/92d2c4742cba354172eb1affa02efacd-CDN/-23x24x/9116/n2r6gc/1bfa1eaa8b04ae6d4124fc3e33a6146f/_/download/contextbatch/js/_super/batch.js?locale=en-US:2852:304) @ https://wiki.one.int.sap/wiki/s/92d2c4742cba354172eb1affa02efacd-CDN/-23x24x/9116/n2r6gc/1bfa1eaa8b04ae6d4124fc3e33a6146f/_/download/contextbatch/js/_super/batch.js?locale=en-US:2576
[    5861ms] [WARNING] DEPRECATED undefined - AJS.params has been deprecated since 9.0.0 and will be removed in 10.0.0.  
     at HTMLMetaElement.<anonymous> (https://wiki.one.int.sap/wiki/s/92d2c4742cba354172eb1affa02efacd-CDN/-23x24x/9116/n2r6gc/1bfa1eaa8b04ae6d4124fc3e33a6146f/_/download/contextbatch/js/_super/batch.js?locale=en-US:2852:304) @ https://wiki.one.int.sap/wiki/s/92d2c4742cba354172eb1affa02efacd-CDN/-23x24x/9116/n2r6gc/1bfa1eaa8b04ae6d4124fc3e33a6146f/_/download/contextbatch/js/_super/batch.js?locale=en-US:2576
[    5861ms] [WARNING] DEPRECATED undefined - AJS.params has been deprecated since 9.0.0 and will be removed in 10.0.0.  
     at HTMLMetaElement.<anonymous> (https://wiki.one.int.sap/wiki/s/92d2c4742cba354172eb1affa02efacd-CDN/-23x24x/9116/n2r6gc/1bfa1eaa8b04ae6d4124fc3e33a6146f/_/download/contextbatch/js/_super/batch.js?locale=en-US:2852:304) @ https://wiki.one.int.sap/wiki/s/92d2c4742cba354172eb1affa02efacd-CDN/-23x24x/9116/n2r6gc/1bfa1eaa8b04ae6d4124fc3e33a6146f/_/download/contextbatch/js/_super/batch.js?locale=en-US:2576
[    5861ms] [WARNING] DEPRECATED undefined - AJS.params has been deprecated since 9.0.0 and will be removed in 10.0.0.  
     at HTMLMetaElement.<anonymous> (https://wiki.one.int.sap/wiki/s/92d2c4742cba354172eb1affa02efacd-CDN/-23x24x/9116/n2r6gc/1bfa1eaa8b04ae6d4124fc3e33a6146f/_/download/contextbatch/js/_super/batch.js?locale=en-US:2852:304) @ https://wiki.one.int.sap/wiki/s/92d2c4742cba354172eb1affa02efacd-CDN/-23x24x/9116/n2r6gc/1bfa1eaa8b04ae6d4124fc3e33a6146f/_/download/contextbatch/js/_super/batch.js?locale=en-US:2576
[    5861ms] [WARNING] DEPRECATED undefined - AJS.params has been deprecated since 9.0.0 and will be removed in 10.0.0.  
     at HTMLMetaElement.<anonymous> (https://wiki.one.int.sap/wiki/s/92d2c4742cba354172eb1affa02efacd-CDN/-23x24x/9116/n2r6gc/1bfa1eaa8b04ae6d4124fc3e33a6146f/_/download/contextbatch/js/_super/batch.js?locale=en-US:2852:304) @ https://wiki.one.int.sap/wiki/s/92d2c4742cba354172eb1affa02efacd-CDN/-23x24x/9116/n2r6gc/1bfa1eaa8b04ae6d4124fc3e33a6146f/_/download/contextbatch/js/_super/batch.js?locale=en-US:2576
[    5861ms] [WARNING] DEPRECATED undefined - AJS.params has been deprecated since 9.0.0 and will be removed in 10.0.0.  
     at HTMLMetaElement.<anonymous> (https://wiki.one.int.sap/wiki/s/92d2c4742cba354172eb1affa02efacd-CDN/-23x24x/9116/n2r6gc/1bfa1eaa8b04ae6d4124fc3e33a6146f/_/download/contextbatch/js/_super/batch.js?locale=en-US:2852:304) @ https://wiki.one.int.sap/wiki/s/92d2c4742cba354172eb1affa02efacd-CDN/-23x24x/9116/n2r6gc/1bfa1eaa8b04ae6d4124fc3e33a6146f/_/download/contextbatch/js/_super/batch.js?locale=en-US:2576
[    5861ms] [WARNING] DEPRECATED undefined - AJS.params has been deprecated since 9.0.0 and will be removed in 10.0.0.  
     at HTMLMetaElement.<anonymous> (https://wiki.one.int.sap/wiki/s/92d2c4742cba354172eb1affa02efacd-CDN/-23x24x/9116/n2r6gc/1bfa1eaa8b04ae6d4124fc3e33a6146f/_/download/contextbatch/js/_super/batch.js?locale=en-US:2852:304) @ https://wiki.one.int.sap/wiki/s/92d2c4742cba354172eb1affa02efacd-CDN/-23x24x/9116/n2r6gc/1bfa1eaa8b04ae6d4124fc3e33a6146f/_/download/contextbatch/js/_super/batch.js?locale=en-US:2576
[    5861ms] [WARNING] DEPRECATED undefined - AJS.params has been deprecated since 9.0.0 and will be removed in 10.0.0.  
     at HTMLMetaElement.<anonymous> (https://wiki.one.int.sap/wiki/s/92d2c4742cba354172eb1affa02efacd-CDN/-23x24x/9116/n2r6gc/1bfa1eaa8b04ae6d4124fc3e33a6146f/_/download/contextbatch/js/_super/batch.js?locale=en-US:2852:304) @ https://wiki.one.int.sap/wiki/s/92d2c4742cba354172eb1affa02efacd-CDN/-23x24x/9116/n2r6gc/1bfa1eaa8b04ae6d4124fc3e33a6146f/_/download/contextbatch/js/_super/batch.js?locale=en-US:2576
[    5861ms] [WARNING] DEPRECATED undefined - AJS.params has been deprecated since 9.0.0 and will be removed in 10.0.0.  
     at HTMLMetaElement.<anonymous> (https://wiki.one.int.sap/wiki/s/92d2c4742cba354172eb1affa02efacd-CDN/-23x24x/9116/n2r6gc/1bfa1eaa8b04ae6d4124fc3e33a6146f/_/download/contextbatch/js/_super/batch.js?locale=en-US:2852:304) @ https://wiki.one.int.sap/wiki/s/92d2c4742cba354172eb1affa02efacd-CDN/-23x24x/9116/n2r6gc/1bfa1eaa8b04ae6d4124fc3e33a6146f/_/download/contextbatch/js/_super/batch.js?locale=en-US:2576
[    5861ms] [WARNING] DEPRECATED undefined - AJS.params has been deprecated since 9.0.0 and will be removed in 10.0.0.  
     at HTMLMetaElement.<anonymous> (https://wiki.one.int.sap/wiki/s/92d2c4742cba354172eb1affa02efacd-CDN/-23x24x/9116/n2r6gc/1bfa1eaa8b04ae6d4124fc3e33a6146f/_/download/contextbatch/js/_super/batch.js?locale=en-US:2852:304) @ https://wiki.one.int.sap/wiki/s/92d2c4742cba354172eb1affa02efacd-CDN/-23x24x/9116/n2r6gc/1bfa1eaa8b04ae6d4124fc3e33a6146f/_/download/contextbatch/js/_super/batch.js?locale=en-US:2576
[    5861ms] [WARNING] DEPRECATED undefined - AJS.params has been deprecated since 9.0.0 and will be removed in 10.0.0.  
     at HTMLMetaElement.<anonymous> (https://wiki.one.int.sap/wiki/s/92d2c4742cba354172eb1affa02efacd-CDN/-23x24x/9116/n2r6gc/1bfa1eaa8b04ae6d4124fc3e33a6146f/_/download/contextbatch/js/_super/batch.js?locale=en-US:2852:304) @ https://wiki.one.int.sap/wiki/s/92d2c4742cba354172eb1affa02efacd-CDN/-23x24x/9116/n2r6gc/1bfa1eaa8b04ae6d4124fc3e33a6146f/_/download/contextbatch/js/_super/batch.js?locale=en-US:2576
[    5861ms] [WARNING] DEPRECATED undefined - AJS.params has been deprecated since 9.0.0 and will be removed in 10.0.0.  
     at HTMLMetaElement.<anonymous> (https://wiki.one.int.sap/wiki/s/92d2c4742cba354172eb1affa02efacd-CDN/-23x24x/9116/n2r6gc/1bfa1eaa8b04ae6d4124fc3e33a6146f/_/download/contextbatch/js/_super/batch.js?locale=en-US:2852:304) @ https://wiki.one.int.sap/wiki/s/92d2c4742cba354172eb1affa02efacd-CDN/-23x24x/9116/n2r6gc/1bfa1eaa8b04ae6d4124fc3e33a6146f/_/download/contextbatch/js/_super/batch.js?locale=en-US:2576
[    5861ms] [WARNING] DEPRECATED undefined - AJS.params has been deprecated since 9.0.0 and will be removed in 10.0.0.  
     at HTMLMetaElement.<anonymous> (https://wiki.one.int.sap/wiki/s/92d2c4742cba354172eb1affa02efacd-CDN/-23x24x/9116/n2r6gc/1bfa1eaa8b04ae6d4124fc3e33a6146f/_/download/contextbatch/js/_super/batch.js?locale=en-US:2852:304) @ https://wiki.one.int.sap/wiki/s/92d2c4742cba354172eb1affa02efacd-CDN/-23x24x/9116/n2r6gc/1bfa1eaa8b04ae6d4124fc3e33a6146f/_/download/contextbatch/js/_super/batch.js?locale=en-US:2576
[    5861ms] [WARNING] DEPRECATED undefined - AJS.params has been deprecated since 9.0.0 and will be removed in 10.0.0.  
     at HTMLMetaElement.<anonymous> (https://wiki.one.int.sap/wiki/s/92d2c4742cba354172eb1affa02efacd-CDN/-23x24x/9116/n2r6gc/1bfa1eaa8b04ae6d4124fc3e33a6146f/_/download/contextbatch/js/_super/batch.js?locale=en-US:2852:304) @ https://wiki.one.int.sap/wiki/s/92d2c4742cba354172eb1affa02efacd-CDN/-23x24x/9116/n2r6gc/1bfa1eaa8b04ae6d4124fc3e33a6146f/_/download/contextbatch/js/_super/batch.js?locale=en-US:2576
[    5861ms] [WARNING] DEPRECATED undefined - AJS.params has been deprecated since 9.0.0 and will be removed in 10.0.0.  
     at HTMLMetaElement.<anonymous> (https://wiki.one.int.sap/wiki/s/92d2c4742cba354172eb1affa02efacd-CDN/-23x24x/9116/n2r6gc/1bfa1eaa8b04ae6d4124fc3e33a6146f/_/download/contextbatch/js/_super/batch.js?locale=en-US:2852:304) @ https://wiki.one.int.sap/wiki/s/92d2c4742cba354172eb1affa02efacd-CDN/-23x24x/9116/n2r6gc/1bfa1eaa8b04ae6d4124fc3e33a6146f/_/download/contextbatch/js/_super/batch.js?locale=en-US:2576
[    5861ms] [WARNING] DEPRECATED undefined - AJS.params has been deprecated since 9.0.0 and will be removed in 10.0.0.  
     at HTMLMetaElement.<anonymous> (https://wiki.one.int.sap/wiki/s/92d2c4742cba354172eb1affa02efacd-CDN/-23x24x/9116/n2r6gc/1bfa1eaa8b04ae6d4124fc3e33a6146f/_/download/contextbatch/js/_super/batch.js?locale=en-US:2852:304) @ https://wiki.one.int.sap/wiki/s/92d2c4742cba354172eb1affa02efacd-CDN/-23x24x/9116/n2r6gc/1bfa1eaa8b04ae6d4124fc3e33a6146f/_/download/contextbatch/js/_super/batch.js?locale=en-US:2576
[    5861ms] [WARNING] DEPRECATED undefined - AJS.params has been deprecated since 9.0.0 and will be removed in 10.0.0.  
     at HTMLMetaElement.<anonymous> (https://wiki.one.int.sap/wiki/s/92d2c4742cba354172eb1affa02efacd-CDN/-23x24x/9116/n2r6gc/1bfa1eaa8b04ae6d4124fc3e33a6146f/_/download/contextbatch/js/_super/batch.js?locale=en-US:2852:304) @ https://wiki.one.int.sap/wiki/s/92d2c4742cba354172eb1affa02efacd-CDN/-23x24x/9116/n2r6gc/1bfa1eaa8b04ae6d4124fc3e33a6146f/_/download/contextbatch/js/_super/batch.js?locale=en-US:2576
[    5862ms] [WARNING] DEPRECATED undefined - AJS.params has been deprecated since 9.0.0 and will be removed in 10.0.0.  
     at HTMLMetaElement.<anonymous> (https://wiki.one.int.sap/wiki/s/92d2c4742cba354172eb1affa02efacd-CDN/-23x24x/9116/n2r6gc/1bfa1eaa8b04ae6d4124fc3e33a6146f/_/download/contextbatch/js/_super/batch.js?locale=en-US:2852:304) @ https://wiki.one.int.sap/wiki/s/92d2c4742cba354172eb1affa02efacd-CDN/-23x24x/9116/n2r6gc/1bfa1eaa8b04ae6d4124fc3e33a6146f/_/download/contextbatch/js/_super/batch.js?locale=en-US:2576
[    5862ms] [WARNING] DEPRECATED undefined - AJS.params has been deprecated since 9.0.0 and will be removed in 10.0.0.  
     at HTMLMetaElement.<anonymous> (https://wiki.one.int.sap/wiki/s/92d2c4742cba354172eb1affa02efacd-CDN/-23x24x/9116/n2r6gc/1bfa1eaa8b04ae6d4124fc3e33a6146f/_/download/contextbatch/js/_super/batch.js?locale=en-US:2852:304) @ https://wiki.one.int.sap/wiki/s/92d2c4742cba354172eb1affa02efacd-CDN/-23x24x/9116/n2r6gc/1bfa1eaa8b04ae6d4124fc3e33a6146f/_/download/contextbatch/js/_super/batch.js?locale=en-US:2576
[    5862ms] [WARNING] DEPRECATED undefined - AJS.params has been deprecated since 9.0.0 and will be removed in 10.0.0.  
     at HTMLMetaElement.<anonymous> (https://wiki.one.int.sap/wiki/s/92d2c4742cba354172eb1affa02efacd-CDN/-23x24x/9116/n2r6gc/1bfa1eaa8b04ae6d4124fc3e33a6146f/_/download/contextbatch/js/_super/batch.js?locale=en-US:2852:304) @ https://wiki.one.int.sap/wiki/s/92d2c4742cba354172eb1affa02efacd-CDN/-23x24x/9116/n2r6gc/1bfa1eaa8b04ae6d4124fc3e33a6146f/_/download/contextbatch/js/_super/batch.js?locale=en-US:2576
[    5862ms] [WARNING] DEPRECATED undefined - AJS.params has been deprecated since 9.0.0 and will be removed in 10.0.0.  
     at HTMLMetaElement.<anonymous> (https://wiki.one.int.sap/wiki/s/92d2c4742cba354172eb1affa02efacd-CDN/-23x24x/9116/n2r6gc/1bfa1eaa8b04ae6d4124fc3e33a6146f/_/download/contextbatch/js/_super/batch.js?locale=en-US:2852:304) @ https://wiki.one.int.sap/wiki/s/92d2c4742cba354172eb1affa02efacd-CDN/-23x24x/9116/n2r6gc/1bfa1eaa8b04ae6d4124fc3e33a6146f/_/download/contextbatch/js/_super/batch.js?locale=en-US:2576
[    5862ms] [WARNING] DEPRECATED undefined - AJS.params has been deprecated since 9.0.0 and will be removed in 10.0.0.  
     at HTMLMetaElement.<anonymous> (https://wiki.one.int.sap/wiki/s/92d2c4742cba354172eb1affa02efacd-CDN/-23x24x/9116/n2r6gc/1bfa1eaa8b04ae6d4124fc3e33a6146f/_/download/contextbatch/js/_super/batch.js?locale=en-US:2852:304) @ https://wiki.one.int.sap/wiki/s/92d2c4742cba354172eb1affa02efacd-CDN/-23x24x/9116/n2r6gc/1bfa1eaa8b04ae6d4124fc3e33a6146f/_/download/contextbatch/js/_super/batch.js?locale=en-US:2576
[    5862ms] [WARNING] DEPRECATED undefined - AJS.params has been deprecated since 9.0.0 and will be removed in 10.0.0.  
     at HTMLMetaElement.<anonymous> (https://wiki.one.int.sap/wiki/s/92d2c4742cba354172eb1affa02efacd-CDN/-23x24x/9116/n2r6gc/1bfa1eaa8b04ae6d4124fc3e33a6146f/_/download/contextbatch/js/_super/batch.js?locale=en-US:2852:304) @ https://wiki.one.int.sap/wiki/s/92d2c4742cba354172eb1affa02efacd-CDN/-23x24x/9116/n2r6gc/1bfa1eaa8b04ae6d4124fc3e33a6146f/_/download/contextbatch/js/_super/batch.js?locale=en-US:2576
[    5862ms] [WARNING] DEPRECATED undefined - AJS.params has been deprecated since 9.0.0 and will be removed in 10.0.0.  
     at HTMLMetaElement.<anonymous> (https://wiki.one.int.sap/wiki/s/92d2c4742cba354172eb1affa02efacd-CDN/-23x24x/9116/n2r6gc/1bfa1eaa8b04ae6d4124fc3e33a6146f/_/download/contextbatch/js/_super/batch.js?locale=en-US:2852:304) @ https://wiki.one.int.sap/wiki/s/92d2c4742cba354172eb1affa02efacd-CDN/-23x24x/9116/n2r6gc/1bfa1eaa8b04ae6d4124fc3e33a6146f/_/download/contextbatch/js/_super/batch.js?locale=en-US:2576
[    5862ms] [WARNING] DEPRECATED undefined - AJS.params has been deprecated since 9.0.0 and will be removed in 10.0.0.  
     at HTMLMetaElement.<anonymous> (https://wiki.one.int.sap/wiki/s/92d2c4742cba354172eb1affa02efacd-CDN/-23x24x/9116/n2r6gc/1bfa1eaa8b04ae6d4124fc3e33a6146f/_/download/contextbatch/js/_super/batch.js?locale=en-US:2852:304) @ https://wiki.one.int.sap/wiki/s/92d2c4742cba354172eb1affa02efacd-CDN/-23x24x/9116/n2r6gc/1bfa1eaa8b04ae6d4124fc3e33a6146f/_/download/contextbatch/js/_super/batch.js?locale=en-US:2576
[    5862ms] [WARNING] DEPRECATED undefined - AJS.params has been deprecated since 9.0.0 and will be removed in 10.0.0.  
     at HTMLMetaElement.<anonymous> (https://wiki.one.int.sap/wiki/s/92d2c4742cba354172eb1affa02efacd-CDN/-23x24x/9116/n2r6gc/1bfa1eaa8b04ae6d4124fc3e33a6146f/_/download/contextbatch/js/_super/batch.js?locale=en-US:2852:304) @ https://wiki.one.int.sap/wiki/s/92d2c4742cba354172eb1affa02efacd-CDN/-23x24x/9116/n2r6gc/1bfa1eaa8b04ae6d4124fc3e33a6146f/_/download/contextbatch/js/_super/batch.js?locale=en-US:2576
[    5862ms] [WARNING] DEPRECATED undefined - AJS.params has been deprecated since 9.0.0 and will be removed in 10.0.0.  
     at HTMLMetaElement.<anonymous> (https://wiki.one.int.sap/wiki/s/92d2c4742cba354172eb1affa02efacd-CDN/-23x24x/9116/n2r6gc/1bfa1eaa8b04ae6d4124fc3e33a6146f/_/download/contextbatch/js/_super/batch.js?locale=en-US:2852:304) @ https://wiki.one.int.sap/wiki/s/92d2c4742cba354172eb1affa02efacd-CDN/-23x24x/9116/n2r6gc/1bfa1eaa8b04ae6d4124fc3e33a6146f/_/download/contextbatch/js/_super/batch.js?locale=en-US:2576
[    5862ms] [WARNING] DEPRECATED undefined - AJS.params has been deprecated since 9.0.0 and will be removed in 10.0.0.  
     at HTMLMetaElement.<anonymous> (https://wiki.one.int.sap/wiki/s/92d2c4742cba354172eb1affa02efacd-CDN/-23x24x/9116/n2r6gc/1bfa1eaa8b04ae6d4124fc3e33a6146f/_/download/contextbatch/js/_super/batch.js?locale=en-US:2852:304) @ https://wiki.one.int.sap/wiki/s/92d2c4742cba354172eb1affa02efacd-CDN/-23x24x/9116/n2r6gc/1bfa1eaa8b04ae6d4124fc3e33a6146f/_/download/contextbatch/js/_super/batch.js?locale=en-US:2576
[    5862ms] [WARNING] DEPRECATED undefined - AJS.params has been deprecated since 9.0.0 and will be removed in 10.0.0.  
     at HTMLMetaElement.<anonymous> (https://wiki.one.int.sap/wiki/s/92d2c4742cba354172eb1affa02efacd-CDN/-23x24x/9116/n2r6gc/1bfa1eaa8b04ae6d4124fc3e33a6146f/_/download/contextbatch/js/_super/batch.js?locale=en-US:2852:304) @ https://wiki.one.int.sap/wiki/s/92d2c4742cba354172eb1affa02efacd-CDN/-23x24x/9116/n2r6gc/1bfa1eaa8b04ae6d4124fc3e33a6146f/_/download/contextbatch/js/_super/batch.js?locale=en-US:2576
[    5862ms] [WARNING] DEPRECATED undefined - AJS.params has been deprecated since 9.0.0 and will be removed in 10.0.0.  
     at HTMLMetaElement.<anonymous> (https://wiki.one.int.sap/wiki/s/92d2c4742cba354172eb1affa02efacd-CDN/-23x24x/9116/n2r6gc/1bfa1eaa8b04ae6d4124fc3e33a6146f/_/download/contextbatch/js/_super/batch.js?locale=en-US:2852:304) @ https://wiki.one.int.sap/wiki/s/92d2c4742cba354172eb1affa02efacd-CDN/-23x24x/9116/n2r6gc/1bfa1eaa8b04ae6d4124fc3e33a6146f/_/download/contextbatch/js/_super/batch.js?locale=en-US:2576
[    5862ms] [WARNING] DEPRECATED undefined - AJS.params has been deprecated since 9.0.0 and will be removed in 10.0.0.  
     at HTMLMetaElement.<anonymous> (https://wiki.one.int.sap/wiki/s/92d2c4742cba354172eb1affa02efacd-CDN/-23x24x/9116/n2r6gc/1bfa1eaa8b04ae6d4124fc3e33a6146f/_/download/contextbatch/js/_super/batch.js?locale=en-US:2852:304) @ https://wiki.one.int.sap/wiki/s/92d2c4742cba354172eb1affa02efacd-CDN/-23x24x/9116/n2r6gc/1bfa1eaa8b04ae6d4124fc3e33a6146f/_/download/contextbatch/js/_super/batch.js?locale=en-US:2576
[    5862ms] [WARNING] DEPRECATED undefined - AJS.params has been deprecated since 9.0.0 and will be removed in 10.0.0.  
     at HTMLMetaElement.<anonymous> (https://wiki.one.int.sap/wiki/s/92d2c4742cba354172eb1affa02efacd-CDN/-23x24x/9116/n2r6gc/1bfa1eaa8b04ae6d4124fc3e33a6146f/_/download/contextbatch/js/_super/batch.js?locale=en-US:2852:304) @ https://wiki.one.int.sap/wiki/s/92d2c4742cba354172eb1affa02efacd-CDN/-23x24x/9116/n2r6gc/1bfa1eaa8b04ae6d4124fc3e33a6146f/_/download/contextbatch/js/_super/batch.js?locale=en-US:2576
[    5862ms] [WARNING] DEPRECATED undefined - AJS.params has been deprecated since 9.0.0 and will be removed in 10.0.0.  
     at HTMLMetaElement.<anonymous> (https://wiki.one.int.sap/wiki/s/92d2c4742cba354172eb1affa02efacd-CDN/-23x24x/9116/n2r6gc/1bfa1eaa8b04ae6d4124fc3e33a6146f/_/download/contextbatch/js/_super/batch.js?locale=en-US:2852:304) @ https://wiki.one.int.sap/wiki/s/92d2c4742cba354172eb1affa02efacd-CDN/-23x24x/9116/n2r6gc/1bfa1eaa8b04ae6d4124fc3e33a6146f/_/download/contextbatch/js/_super/batch.js?locale=en-US:2576
[    5862ms] [WARNING] DEPRECATED undefined - AJS.params has been deprecated since 9.0.0 and will be removed in 10.0.0.  
     at HTMLMetaElement.<anonymous> (https://wiki.one.int.sap/wiki/s/92d2c4742cba354172eb1affa02efacd-CDN/-23x24x/9116/n2r6gc/1bfa1eaa8b04ae6d4124fc3e33a6146f/_/download/contextbatch/js/_super/batch.js?locale=en-US:2852:304) @ https://wiki.one.int.sap/wiki/s/92d2c4742cba354172eb1affa02efacd-CDN/-23x24x/9116/n2r6gc/1bfa1eaa8b04ae6d4124fc3e33a6146f/_/download/contextbatch/js/_super/batch.js?locale=en-US:2576
[    5862ms] [WARNING] DEPRECATED undefined - AJS.params has been deprecated since 9.0.0 and will be removed in 10.0.0.  
     at HTMLMetaElement.<anonymous> (https://wiki.one.int.sap/wiki/s/92d2c4742cba354172eb1affa02efacd-CDN/-23x24x/9116/n2r6gc/1bfa1eaa8b04ae6d4124fc3e33a6146f/_/download/contextbatch/js/_super/batch.js?locale=en-US:2852:304) @ https://wiki.one.int.sap/wiki/s/92d2c4742cba354172eb1affa02efacd-CDN/-23x24x/9116/n2r6gc/1bfa1eaa8b04ae6d4124fc3e33a6146f/_/download/contextbatch/js/_super/batch.js?locale=en-US:2576
[    5862ms] [WARNING] DEPRECATED undefined - AJS.params has been deprecated since 9.0.0 and will be removed in 10.0.0.  
     at HTMLMetaElement.<anonymous> (https://wiki.one.int.sap/wiki/s/92d2c4742cba354172eb1affa02efacd-CDN/-23x24x/9116/n2r6gc/1bfa1eaa8b04ae6d4124fc3e33a6146f/_/download/contextbatch/js/_super/batch.js?locale=en-US:2852:304) @ https://wiki.one.int.sap/wiki/s/92d2c4742cba354172eb1affa02efacd-CDN/-23x24x/9116/n2r6gc/1bfa1eaa8b04ae6d4124fc3e33a6146f/_/download/contextbatch/js/_super/batch.js?locale=en-US:2576
[    5862ms] [WARNING] DEPRECATED undefined - AJS.params has been deprecated since 9.0.0 and will be removed in 10.0.0.  
     at HTMLMetaElement.<anonymous> (https://wiki.one.int.sap/wiki/s/92d2c4742cba354172eb1affa02efacd-CDN/-23x24x/9116/n2r6gc/1bfa1eaa8b04ae6d4124fc3e33a6146f/_/download/contextbatch/js/_super/batch.js?locale=en-US:2852:304) @ https://wiki.one.int.sap/wiki/s/92d2c4742cba354172eb1affa02efacd-CDN/-23x24x/9116/n2r6gc/1bfa1eaa8b04ae6d4124fc3e33a6146f/_/download/contextbatch/js/_super/batch.js?locale=en-US:2576
[    5862ms] [WARNING] DEPRECATED undefined - AJS.params has been deprecated since 9.0.0 and will be removed in 10.0.0.  
     at HTMLMetaElement.<anonymous> (https://wiki.one.int.sap/wiki/s/92d2c4742cba354172eb1affa02efacd-CDN/-23x24x/9116/n2r6gc/1bfa1eaa8b04ae6d4124fc3e33a6146f/_/download/contextbatch/js/_super/batch.js?locale=en-US:2852:304) @ https://wiki.one.int.sap/wiki/s/92d2c4742cba354172eb1affa02efacd-CDN/-23x24x/9116/n2r6gc/1bfa1eaa8b04ae6d4124fc3e33a6146f/_/download/contextbatch/js/_super/batch.js?locale=en-US:2576
[    5862ms] [WARNING] DEPRECATED undefined - AJS.params has been deprecated since 9.0.0 and will be removed in 10.0.0.  
     at HTMLMetaElement.<anonymous> (https://wiki.one.int.sap/wiki/s/92d2c4742cba354172eb1affa02efacd-CDN/-23x24x/9116/n2r6gc/1bfa1eaa8b04ae6d4124fc3e33a6146f/_/download/contextbatch/js/_super/batch.js?locale=en-US:2852:304) @ https://wiki.one.int.sap/wiki/s/92d2c4742cba354172eb1affa02efacd-CDN/-23x24x/9116/n2r6gc/1bfa1eaa8b04ae6d4124fc3e33a6146f/_/download/contextbatch/js/_super/batch.js?locale=en-US:2576
[    5862ms] [WARNING] DEPRECATED undefined - AJS.params has been deprecated since 9.0.0 and will be removed in 10.0.0.  
     at HTMLMetaElement.<anonymous> (https://wiki.one.int.sap/wiki/s/92d2c4742cba354172eb1affa02efacd-CDN/-23x24x/9116/n2r6gc/1bfa1eaa8b04ae6d4124fc3e33a6146f/_/download/contextbatch/js/_super/batch.js?locale=en-US:2852:304) @ https://wiki.one.int.sap/wiki/s/92d2c4742cba354172eb1affa02efacd-CDN/-23x24x/9116/n2r6gc/1bfa1eaa8b04ae6d4124fc3e33a6146f/_/download/contextbatch/js/_super/batch.js?locale=en-US:2576
[    5862ms] [WARNING] DEPRECATED undefined - AJS.params has been deprecated since 9.0.0 and will be removed in 10.0.0.  
     at HTMLMetaElement.<anonymous> (https://wiki.one.int.sap/wiki/s/92d2c4742cba354172eb1affa02efacd-CDN/-23x24x/9116/n2r6gc/1bfa1eaa8b04ae6d4124fc3e33a6146f/_/download/contextbatch/js/_super/batch.js?locale=en-US:2852:304) @ https://wiki.one.int.sap/wiki/s/92d2c4742cba354172eb1affa02efacd-CDN/-23x24x/9116/n2r6gc/1bfa1eaa8b04ae6d4124fc3e33a6146f/_/download/contextbatch/js/_super/batch.js?locale=en-US:2576
[    5863ms] [WARNING] DEPRECATED undefined - AJS.params has been deprecated since 9.0.0 and will be removed in 10.0.0.  
     at HTMLMetaElement.<anonymous> (https://wiki.one.int.sap/wiki/s/92d2c4742cba354172eb1affa02efacd-CDN/-23x24x/9116/n2r6gc/1bfa1eaa8b04ae6d4124fc3e33a6146f/_/download/contextbatch/js/_super/batch.js?locale=en-US:2852:304) @ https://wiki.one.int.sap/wiki/s/92d2c4742cba354172eb1affa02efacd-CDN/-23x24x/9116/n2r6gc/1bfa1eaa8b04ae6d4124fc3e33a6146f/_/download/contextbatch/js/_super/batch.js?locale=en-US:2576
[    5863ms] [WARNING] DEPRECATED undefined - AJS.params has been deprecated since 9.0.0 and will be removed in 10.0.0.  
     at HTMLMetaElement.<anonymous> (https://wiki.one.int.sap/wiki/s/92d2c4742cba354172eb1affa02efacd-CDN/-23x24x/9116/n2r6gc/1bfa1eaa8b04ae6d4124fc3e33a6146f/_/download/contextbatch/js/_super/batch.js?locale=en-US:2852:304) @ https://wiki.one.int.sap/wiki/s/92d2c4742cba354172eb1affa02efacd-CDN/-23x24x/9116/n2r6gc/1bfa1eaa8b04ae6d4124fc3e33a6146f/_/download/contextbatch/js/_super/batch.js?locale=en-US:2576
[    5863ms] [WARNING] DEPRECATED undefined - AJS.params has been deprecated since 9.0.0 and will be removed in 10.0.0.  
     at HTMLMetaElement.<anonymous> (https://wiki.one.int.sap/wiki/s/92d2c4742cba354172eb1affa02efacd-CDN/-23x24x/9116/n2r6gc/1bfa1eaa8b04ae6d4124fc3e33a6146f/_/download/contextbatch/js/_super/batch.js?locale=en-US:2852:304) @ https://wiki.one.int.sap/wiki/s/92d2c4742cba354172eb1affa02efacd-CDN/-23x24x/9116/n2r6gc/1bfa1eaa8b04ae6d4124fc3e33a6146f/_/download/contextbatch/js/_super/batch.js?locale=en-US:2576
[    5863ms] [WARNING] DEPRECATED undefined - AJS.params has been deprecated since 9.0.0 and will be removed in 10.0.0.  
     at HTMLMetaElement.<anonymous> (https://wiki.one.int.sap/wiki/s/92d2c4742cba354172eb1affa02efacd-CDN/-23x24x/9116/n2r6gc/1bfa1eaa8b04ae6d4124fc3e33a6146f/_/download/contextbatch/js/_super/batch.js?locale=en-US:2852:304) @ https://wiki.one.int.sap/wiki/s/92d2c4742cba354172eb1affa02efacd-CDN/-23x24x/9116/n2r6gc/1bfa1eaa8b04ae6d4124fc3e33a6146f/_/download/contextbatch/js/_super/batch.js?locale=en-US:2576
[    5863ms] [WARNING] DEPRECATED undefined - AJS.params has been deprecated since 9.0.0 and will be removed in 10.0.0.  
     at HTMLMetaElement.<anonymous> (https://wiki.one.int.sap/wiki/s/92d2c4742cba354172eb1affa02efacd-CDN/-23x24x/9116/n2r6gc/1bfa1eaa8b04ae6d4124fc3e33a6146f/_/download/contextbatch/js/_super/batch.js?locale=en-US:2852:304) @ https://wiki.one.int.sap/wiki/s/92d2c4742cba354172eb1affa02efacd-CDN/-23x24x/9116/n2r6gc/1bfa1eaa8b04ae6d4124fc3e33a6146f/_/download/contextbatch/js/_super/batch.js?locale=en-US:2576
[    5863ms] [WARNING] DEPRECATED undefined - AJS.params has been deprecated since 9.0.0 and will be removed in 10.0.0.  
     at HTMLMetaElement.<anonymous> (https://wiki.one.int.sap/wiki/s/92d2c4742cba354172eb1affa02efacd-CDN/-23x24x/9116/n2r6gc/1bfa1eaa8b04ae6d4124fc3e33a6146f/_/download/contextbatch/js/_super/batch.js?locale=en-US:2852:304) @ https://wiki.one.int.sap/wiki/s/92d2c4742cba354172eb1affa02efacd-CDN/-23x24x/9116/n2r6gc/1bfa1eaa8b04ae6d4124fc3e33a6146f/_/download/contextbatch/js/_super/batch.js?locale=en-US:2576
[    5863ms] [WARNING] DEPRECATED undefined - AJS.params has been deprecated since 9.0.0 and will be removed in 10.0.0.  
     at HTMLMetaElement.<anonymous> (https://wiki.one.int.sap/wiki/s/92d2c4742cba354172eb1affa02efacd-CDN/-23x24x/9116/n2r6gc/1bfa1eaa8b04ae6d4124fc3e33a6146f/_/download/contextbatch/js/_super/batch.js?locale=en-US:2852:304) @ https://wiki.one.int.sap/wiki/s/92d2c4742cba354172eb1affa02efacd-CDN/-23x24x/9116/n2r6gc/1bfa1eaa8b04ae6d4124fc3e33a6146f/_/download/contextbatch/js/_super/batch.js?locale=en-US:2576
[    5863ms] [WARNING] DEPRECATED undefined - AJS.params has been deprecated since 9.0.0 and will be removed in 10.0.0.  
     at HTMLMetaElement.<anonymous> (https://wiki.one.int.sap/wiki/s/92d2c4742cba354172eb1affa02efacd-CDN/-23x24x/9116/n2r6gc/1bfa1eaa8b04ae6d4124fc3e33a6146f/_/download/contextbatch/js/_super/batch.js?locale=en-US:2852:304) @ https://wiki.one.int.sap/wiki/s/92d2c4742cba354172eb1affa02efacd-CDN/-23x24x/9116/n2r6gc/1bfa1eaa8b04ae6d4124fc3e33a6146f/_/download/contextbatch/js/_super/batch.js?locale=en-US:2576
[    5863ms] [WARNING] DEPRECATED undefined - AJS.params has been deprecated since 9.0.0 and will be removed in 10.0.0.  
     at HTMLMetaElement.<anonymous> (https://wiki.one.int.sap/wiki/s/92d2c4742cba354172eb1affa02efacd-CDN/-23x24x/9116/n2r6gc/1bfa1eaa8b04ae6d4124fc3e33a6146f/_/download/contextbatch/js/_super/batch.js?locale=en-US:2852:304) @ https://wiki.one.int.sap/wiki/s/92d2c4742cba354172eb1affa02efacd-CDN/-23x24x/9116/n2r6gc/1bfa1eaa8b04ae6d4124fc3e33a6146f/_/download/contextbatch/js/_super/batch.js?locale=en-US:2576
[    5863ms] [WARNING] DEPRECATED undefined - AJS.params has been deprecated since 9.0.0 and will be removed in 10.0.0.  
     at HTMLMetaElement.<anonymous> (https://wiki.one.int.sap/wiki/s/92d2c4742cba354172eb1affa02efacd-CDN/-23x24x/9116/n2r6gc/1bfa1eaa8b04ae6d4124fc3e33a6146f/_/download/contextbatch/js/_super/batch.js?locale=en-US:2852:304) @ https://wiki.one.int.sap/wiki/s/92d2c4742cba354172eb1affa02efacd-CDN/-23x24x/9116/n2r6gc/1bfa1eaa8b04ae6d4124fc3e33a6146f/_/download/contextbatch/js/_super/batch.js?locale=en-US:2576
[    5863ms] [WARNING] DEPRECATED undefined - AJS.params has been deprecated since 9.0.0 and will be removed in 10.0.0.  
     at HTMLMetaElement.<anonymous> (https://wiki.one.int.sap/wiki/s/92d2c4742cba354172eb1affa02efacd-CDN/-23x24x/9116/n2r6gc/1bfa1eaa8b04ae6d4124fc3e33a6146f/_/download/contextbatch/js/_super/batch.js?locale=en-US:2852:304) @ https://wiki.one.int.sap/wiki/s/92d2c4742cba354172eb1affa02efacd-CDN/-23x24x/9116/n2r6gc/1bfa1eaa8b04ae6d4124fc3e33a6146f/_/download/contextbatch/js/_super/batch.js?locale=en-US:2576
[    5863ms] [WARNING] DEPRECATED undefined - AJS.params has been deprecated since 9.0.0 and will be removed in 10.0.0.  
     at HTMLMetaElement.<anonymous> (https://wiki.one.int.sap/wiki/s/92d2c4742cba354172eb1affa02efacd-CDN/-23x24x/9116/n2r6gc/1bfa1eaa8b04ae6d4124fc3e33a6146f/_/download/contextbatch/js/_super/batch.js?locale=en-US:2852:304) @ https://wiki.one.int.sap/wiki/s/92d2c4742cba354172eb1affa02efacd-CDN/-23x24x/9116/n2r6gc/1bfa1eaa8b04ae6d4124fc3e33a6146f/_/download/contextbatch/js/_super/batch.js?locale=en-US:2576
[    5863ms] [WARNING] DEPRECATED undefined - AJS.params has been deprecated since 9.0.0 and will be removed in 10.0.0.  
     at HTMLMetaElement.<anonymous> (https://wiki.one.int.sap/wiki/s/92d2c4742cba354172eb1affa02efacd-CDN/-23x24x/9116/n2r6gc/1bfa1eaa8b04ae6d4124fc3e33a6146f/_/download/contextbatch/js/_super/batch.js?locale=en-US:2852:304) @ https://wiki.one.int.sap/wiki/s/92d2c4742cba354172eb1affa02efacd-CDN/-23x24x/9116/n2r6gc/1bfa1eaa8b04ae6d4124fc3e33a6146f/_/download/contextbatch/js/_super/batch.js?locale=en-US:2576
[    5863ms] [WARNING] DEPRECATED undefined - AJS.params has been deprecated since 9.0.0 and will be removed in 10.0.0.  
     at HTMLMetaElement.<anonymous> (https://wiki.one.int.sap/wiki/s/92d2c4742cba354172eb1affa02efacd-CDN/-23x24x/9116/n2r6gc/1bfa1eaa8b04ae6d4124fc3e33a6146f/_/download/contextbatch/js/_super/batch.js?locale=en-US:2852:304) @ https://wiki.one.int.sap/wiki/s/92d2c4742cba354172eb1affa02efacd-CDN/-23x24x/9116/n2r6gc/1bfa1eaa8b04ae6d4124fc3e33a6146f/_/download/contextbatch/js/_super/batch.js?locale=en-US:2576
[    5863ms] [WARNING] DEPRECATED undefined - AJS.params has been deprecated since 9.0.0 and will be removed in 10.0.0.  
     at HTMLMetaElement.<anonymous> (https://wiki.one.int.sap/wiki/s/92d2c4742cba354172eb1affa02efacd-CDN/-23x24x/9116/n2r6gc/1bfa1eaa8b04ae6d4124fc3e33a6146f/_/download/contextbatch/js/_super/batch.js?locale=en-US:2852:304) @ https://wiki.one.int.sap/wiki/s/92d2c4742cba354172eb1affa02efacd-CDN/-23x24x/9116/n2r6gc/1bfa1eaa8b04ae6d4124fc3e33a6146f/_/download/contextbatch/js/_super/batch.js?locale=en-US:2576
[    5863ms] [WARNING] DEPRECATED undefined - AJS.params has been deprecated since 9.0.0 and will be removed in 10.0.0.  
     at HTMLMetaElement.<anonymous> (https://wiki.one.int.sap/wiki/s/92d2c4742cba354172eb1affa02efacd-CDN/-23x24x/9116/n2r6gc/1bfa1eaa8b04ae6d4124fc3e33a6146f/_/download/contextbatch/js/_super/batch.js?locale=en-US:2852:304) @ https://wiki.one.int.sap/wiki/s/92d2c4742cba354172eb1affa02efacd-CDN/-23x24x/9116/n2r6gc/1bfa1eaa8b04ae6d4124fc3e33a6146f/_/download/contextbatch/js/_super/batch.js?locale=en-US:2576
[    5863ms] [WARNING] DEPRECATED undefined - AJS.params has been deprecated since 9.0.0 and will be removed in 10.0.0.  
     at HTMLMetaElement.<anonymous> (https://wiki.one.int.sap/wiki/s/92d2c4742cba354172eb1affa02efacd-CDN/-23x24x/9116/n2r6gc/1bfa1eaa8b04ae6d4124fc3e33a6146f/_/download/contextbatch/js/_super/batch.js?locale=en-US:2852:304) @ https://wiki.one.int.sap/wiki/s/92d2c4742cba354172eb1affa02efacd-CDN/-23x24x/9116/n2r6gc/1bfa1eaa8b04ae6d4124fc3e33a6146f/_/download/contextbatch/js/_super/batch.js?locale=en-US:2576
[    5863ms] [WARNING] DEPRECATED undefined - AJS.params has been deprecated since 9.0.0 and will be removed in 10.0.0.  
     at HTMLMetaElement.<anonymous> (https://wiki.one.int.sap/wiki/s/92d2c4742cba354172eb1affa02efacd-CDN/-23x24x/9116/n2r6gc/1bfa1eaa8b04ae6d4124fc3e33a6146f/_/download/contextbatch/js/_super/batch.js?locale=en-US:2852:304) @ https://wiki.one.int.sap/wiki/s/92d2c4742cba354172eb1affa02efacd-CDN/-23x24x/9116/n2r6gc/1bfa1eaa8b04ae6d4124fc3e33a6146f/_/download/contextbatch/js/_super/batch.js?locale=en-US:2576
[    5863ms] [WARNING] DEPRECATED undefined - AJS.params has been deprecated since 9.0.0 and will be removed in 10.0.0.  
     at HTMLMetaElement.<anonymous> (https://wiki.one.int.sap/wiki/s/92d2c4742cba354172eb1affa02efacd-CDN/-23x24x/9116/n2r6gc/1bfa1eaa8b04ae6d4124fc3e33a6146f/_/download/contextbatch/js/_super/batch.js?locale=en-US:2852:304) @ https://wiki.one.int.sap/wiki/s/92d2c4742cba354172eb1affa02efacd-CDN/-23x24x/9116/n2r6gc/1bfa1eaa8b04ae6d4124fc3e33a6146f/_/download/contextbatch/js/_super/batch.js?locale=en-US:2576
[    5863ms] [WARNING] DEPRECATED undefined - AJS.params has been deprecated since 9.0.0 and will be removed in 10.0.0.  
     at HTMLMetaElement.<anonymous> (https://wiki.one.int.sap/wiki/s/92d2c4742cba354172eb1affa02efacd-CDN/-23x24x/9116/n2r6gc/1bfa1eaa8b04ae6d4124fc3e33a6146f/_/download/contextbatch/js/_super/batch.js?locale=en-US:2852:304) @ https://wiki.one.int.sap/wiki/s/92d2c4742cba354172eb1affa02efacd-CDN/-23x24x/9116/n2r6gc/1bfa1eaa8b04ae6d4124fc3e33a6146f/_/download/contextbatch/js/_super/batch.js?locale=en-US:2576
[    5863ms] [WARNING] DEPRECATED undefined - AJS.params has been deprecated since 9.0.0 and will be removed in 10.0.0.  
     at HTMLMetaElement.<anonymous> (https://wiki.one.int.sap/wiki/s/92d2c4742cba354172eb1affa02efacd-CDN/-23x24x/9116/n2r6gc/1bfa1eaa8b04ae6d4124fc3e33a6146f/_/download/contextbatch/js/_super/batch.js?locale=en-US:2852:304) @ https://wiki.one.int.sap/wiki/s/92d2c4742cba354172eb1affa02efacd-CDN/-23x24x/9116/n2r6gc/1bfa1eaa8b04ae6d4124fc3e33a6146f/_/download/contextbatch/js/_super/batch.js?locale=en-US:2576
[    5863ms] [WARNING] DEPRECATED undefined - AJS.params has been deprecated since 9.0.0 and will be removed in 10.0.0.  
     at HTMLMetaElement.<anonymous> (https://wiki.one.int.sap/wiki/s/92d2c4742cba354172eb1affa02efacd-CDN/-23x24x/9116/n2r6gc/1bfa1eaa8b04ae6d4124fc3e33a6146f/_/download/contextbatch/js/_super/batch.js?locale=en-US:2852:304) @ https://wiki.one.int.sap/wiki/s/92d2c4742cba354172eb1affa02efacd-CDN/-23x24x/9116/n2r6gc/1bfa1eaa8b04ae6d4124fc3e33a6146f/_/download/contextbatch/js/_super/batch.js?locale=en-US:2576
[    5863ms] [WARNING] DEPRECATED undefined - AJS.params has been deprecated since 9.0.0 and will be removed in 10.0.0.  
     at HTMLMetaElement.<anonymous> (https://wiki.one.int.sap/wiki/s/92d2c4742cba354172eb1affa02efacd-CDN/-23x24x/9116/n2r6gc/1bfa1eaa8b04ae6d4124fc3e33a6146f/_/download/contextbatch/js/_super/batch.js?locale=en-US:2852:304) @ https://wiki.one.int.sap/wiki/s/92d2c4742cba354172eb1affa02efacd-CDN/-23x24x/9116/n2r6gc/1bfa1eaa8b04ae6d4124fc3e33a6146f/_/download/contextbatch/js/_super/batch.js?locale=en-US:2576
[    5863ms] [WARNING] DEPRECATED undefined - AJS.params has been deprecated since 9.0.0 and will be removed in 10.0.0.  
     at HTMLMetaElement.<anonymous> (https://wiki.one.int.sap/wiki/s/92d2c4742cba354172eb1affa02efacd-CDN/-23x24x/9116/n2r6gc/1bfa1eaa8b04ae6d4124fc3e33a6146f/_/download/contextbatch/js/_super/batch.js?locale=en-US:2852:304) @ https://wiki.one.int.sap/wiki/s/92d2c4742cba354172eb1affa02efacd-CDN/-23x24x/9116/n2r6gc/1bfa1eaa8b04ae6d4124fc3e33a6146f/_/download/contextbatch/js/_super/batch.js?locale=en-US:2576
[    5863ms] [WARNING] DEPRECATED undefined - AJS.params has been deprecated since 9.0.0 and will be removed in 10.0.0.  
     at HTMLMetaElement.<anonymous> (https://wiki.one.int.sap/wiki/s/92d2c4742cba354172eb1affa02efacd-CDN/-23x24x/9116/n2r6gc/1bfa1eaa8b04ae6d4124fc3e33a6146f/_/download/contextbatch/js/_super/batch.js?locale=en-US:2852:304) @ https://wiki.one.int.sap/wiki/s/92d2c4742cba354172eb1affa02efacd-CDN/-23x24x/9116/n2r6gc/1bfa1eaa8b04ae6d4124fc3e33a6146f/_/download/contextbatch/js/_super/batch.js?locale=en-US:2576
[    5863ms] [WARNING] DEPRECATED undefined - AJS.params has been deprecated since 9.0.0 and will be removed in 10.0.0.  
     at HTMLMetaElement.<anonymous> (https://wiki.one.int.sap/wiki/s/92d2c4742cba354172eb1affa02efacd-CDN/-23x24x/9116/n2r6gc/1bfa1eaa8b04ae6d4124fc3e33a6146f/_/download/contextbatch/js/_super/batch.js?locale=en-US:2852:304) @ https://wiki.one.int.sap/wiki/s/92d2c4742cba354172eb1affa02efacd-CDN/-23x24x/9116/n2r6gc/1bfa1eaa8b04ae6d4124fc3e33a6146f/_/download/contextbatch/js/_super/batch.js?locale=en-US:2576
[    5863ms] [WARNING] DEPRECATED undefined - AJS.params has been deprecated since 9.0.0 and will be removed in 10.0.0.  
     at HTMLMetaElement.<anonymous> (https://wiki.one.int.sap/wiki/s/92d2c4742cba354172eb1affa02efacd-CDN/-23x24x/9116/n2r6gc/1bfa1eaa8b04ae6d4124fc3e33a6146f/_/download/contextbatch/js/_super/batch.js?locale=en-US:2852:304) @ https://wiki.one.int.sap/wiki/s/92d2c4742cba354172eb1affa02efacd-CDN/-23x24x/9116/n2r6gc/1bfa1eaa8b04ae6d4124fc3e33a6146f/_/download/contextbatch/js/_super/batch.js?locale=en-US:2576
[    5864ms] [WARNING] DEPRECATED undefined - AJS.params has been deprecated since 9.0.0 and will be removed in 10.0.0.  
     at HTMLMetaElement.<anonymous> (https://wiki.one.int.sap/wiki/s/92d2c4742cba354172eb1affa02efacd-CDN/-23x24x/9116/n2r6gc/1bfa1eaa8b04ae6d4124fc3e33a6146f/_/download/contextbatch/js/_super/batch.js?locale=en-US:2852:304) @ https://wiki.one.int.sap/wiki/s/92d2c4742cba354172eb1affa02efacd-CDN/-23x24x/9116/n2r6gc/1bfa1eaa8b04ae6d4124fc3e33a6146f/_/download/contextbatch/js/_super/batch.js?locale=en-US:2576
[    5864ms] [WARNING] DEPRECATED undefined - AJS.params has been deprecated since 9.0.0 and will be removed in 10.0.0.  
     at HTMLMetaElement.<anonymous> (https://wiki.one.int.sap/wiki/s/92d2c4742cba354172eb1affa02efacd-CDN/-23x24x/9116/n2r6gc/1bfa1eaa8b04ae6d4124fc3e33a6146f/_/download/contextbatch/js/_super/batch.js?locale=en-US:2852:304) @ https://wiki.one.int.sap/wiki/s/92d2c4742cba354172eb1affa02efacd-CDN/-23x24x/9116/n2r6gc/1bfa1eaa8b04ae6d4124fc3e33a6146f/_/download/contextbatch/js/_super/batch.js?locale=en-US:2576
[    5864ms] [WARNING] DEPRECATED undefined - AJS.params has been deprecated since 9.0.0 and will be removed in 10.0.0.  
     at HTMLMetaElement.<anonymous> (https://wiki.one.int.sap/wiki/s/92d2c4742cba354172eb1affa02efacd-CDN/-23x24x/9116/n2r6gc/1bfa1eaa8b04ae6d4124fc3e33a6146f/_/download/contextbatch/js/_super/batch.js?locale=en-US:2852:304) @ https://wiki.one.int.sap/wiki/s/92d2c4742cba354172eb1affa02efacd-CDN/-23x24x/9116/n2r6gc/1bfa1eaa8b04ae6d4124fc3e33a6146f/_/download/contextbatch/js/_super/batch.js?locale=en-US:2576
[    5864ms] [WARNING] DEPRECATED undefined - AJS.params has been deprecated since 9.0.0 and will be removed in 10.0.0.  
     at HTMLMetaElement.<anonymous> (https://wiki.one.int.sap/wiki/s/92d2c4742cba354172eb1affa02efacd-CDN/-23x24x/9116/n2r6gc/1bfa1eaa8b04ae6d4124fc3e33a6146f/_/download/contextbatch/js/_super/batch.js?locale=en-US:2852:304) @ https://wiki.one.int.sap/wiki/s/92d2c4742cba354172eb1affa02efacd-CDN/-23x24x/9116/n2r6gc/1bfa1eaa8b04ae6d4124fc3e33a6146f/_/download/contextbatch/js/_super/batch.js?locale=en-US:2576
[    5938ms] [WARNING] DEPRECATED JS - Inline dialog constructor has been deprecated and will be removed in a future release. Use inline dialog 2 instead.   
     at r (https://wiki.one.int.sap/wiki/s/d768014809aa9e9356abc4f32fa3cf06-CDN/-23x24x/9116/n2r6gc/fa8ab6e9231284a06bf1fb80b856a1e4/_/download/contextbatch/js/atl.confluence.plugins.pagetree-desktop,main,page,viewcontent,atl.general,atl.comments,-_super/batch.js?analytics-enabled=false&cefp_collab_enabled=true&cefp_ed_perm=false&cefp_is_admin=false&gatekeeper-ui-v2=true&highlightactions=true&hostenabled=true&locale=en-US&table-resizable.breaking-text=false&theme.switcher=true&user-logged-in=true:169:239) @ https://wiki.one.int.sap/wiki/s/92d2c4742cba354172eb1affa02efacd-CDN/-23x24x/9116/n2r6gc/1bfa1eaa8b04ae6d4124fc3e33a6146f/_/download/contextbatch/js/_super/batch.js?locale=en-US:2576
[    5986ms] [LOG] [BM] Collector installed @ https://wiki.one.int.sap/wiki/s/d41d8cd98f00b204e9800998ecf8427e-CDN/-23x24x/9116/n2r6gc/e4410f6bf3bb4c5006bf70387e5ddf3f/_/download/contextbatch/js/browser-metrics-plugin.contrib,-_super,-atl.general,-viewcontent,-page/batch.js?analytics-enabled=false&cefp_collab_enabled=true&cefp_ed_perm=false&cefp_is_admin=false&gatekeeper-ui-v2=true&highlightactions=true&hostenabled=true&table-resizable.breaking-text=false&theme.switcher=true&user-logged-in=true:87
[    6229ms] [LOG] JQMIGRATE: Migrate is installed with logging active, version 3.4.0 @ https://wiki.one.int.sap/wiki/s/92d2c4742cba354172eb1affa02efacd-CDN/-23x24x/9116/n2r6gc/1bfa1eaa8b04ae6d4124fc3e33a6146f/_/download/contextbatch/js/_super/batch.js?locale=en-US:99
[    6229ms] [WARNING] Use of `window._` through AUI is deprecated and will be removed in AUI 10.0.0 @ https://wiki.one.int.sap/wiki/s/92d2c4742cba354172eb1affa02efacd-CDN/-23x24x/9116/n2r6gc/1bfa1eaa8b04ae6d4124fc3e33a6146f/_/download/contextbatch/js/_super/batch.js?locale=en-US:173
[    6231ms] [WARNING] DEPRECATED undefined - AJS.params has been deprecated since 9.0.0 and will be removed in 10.0.0.  
     at HTMLMetaElement.<anonymous> (https://wiki.one.int.sap/wiki/s/92d2c4742cba354172eb1affa02efacd-CDN/-23x24x/9116/n2r6gc/1bfa1eaa8b04ae6d4124fc3e33a6146f/_/download/contextbatch/js/_super/batch.js?locale=en-US:2852:304) @ https://wiki.one.int.sap/wiki/s/92d2c4742cba354172eb1affa02efacd-CDN/-23x24x/9116/n2r6gc/1bfa1eaa8b04ae6d4124fc3e33a6146f/_/download/contextbatch/js/_super/batch.js?locale=en-US:2576
[    6231ms] [WARNING] DEPRECATED undefined - AJS.params has been deprecated since 9.0.0 and will be removed in 10.0.0.  
     at HTMLMetaElement.<anonymous> (https://wiki.one.int.sap/wiki/s/92d2c4742cba354172eb1affa02efacd-CDN/-23x24x/9116/n2r6gc/1bfa1eaa8b04ae6d4124fc3e33a6146f/_/download/contextbatch/js/_super/batch.js?locale=en-US:2852:304) @ https://wiki.one.int.sap/wiki/s/92d2c4742cba354172eb1affa02efacd-CDN/-23x24x/9116/n2r6gc/1bfa1eaa8b04ae6d4124fc3e33a6146f/_/download/contextbatch/js/_super/batch.js?locale=en-US:2576
[    6231ms] [WARNING] DEPRECATED undefined - AJS.params has been deprecated since 9.0.0 and will be removed in 10.0.0.  
     at HTMLMetaElement.<anonymous> (https://wiki.one.int.sap/wiki/s/92d2c4742cba354172eb1affa02efacd-CDN/-23x24x/9116/n2r6gc/1bfa1eaa8b04ae6d4124fc3e33a6146f/_/download/contextbatch/js/_super/batch.js?locale=en-US:2852:304) @ https://wiki.one.int.sap/wiki/s/92d2c4742cba354172eb1affa02efacd-CDN/-23x24x/9116/n2r6gc/1bfa1eaa8b04ae6d4124fc3e33a6146f/_/download/contextbatch/js/_super/batch.js?locale=en-US:2576
[    6232ms] [WARNING] DEPRECATED undefined - AJS.params has been deprecated since 9.0.0 and will be removed in 10.0.0.  
     at HTMLMetaElement.<anonymous> (https://wiki.one.int.sap/wiki/s/92d2c4742cba354172eb1affa02efacd-CDN/-23x24x/9116/n2r6gc/1bfa1eaa8b04ae6d4124fc3e33a6146f/_/download/contextbatch/js/_super/batch.js?locale=en-US:2852:304) @ https://wiki.one.int.sap/wiki/s/92d2c4742cba354172eb1affa02efacd-CDN/-23x24x/9116/n2r6gc/1bfa1eaa8b04ae6d4124fc3e33a6146f/_/download/contextbatch/js/_super/batch.js?locale=en-US:2576
[    6232ms] [WARNING] DEPRECATED undefined - AJS.params has been deprecated since 9.0.0 and will be removed in 10.0.0.  
     at HTMLMetaElement.<anonymous> (https://wiki.one.int.sap/wiki/s/92d2c4742cba354172eb1affa02efacd-CDN/-23x24x/9116/n2r6gc/1bfa1eaa8b04ae6d4124fc3e33a6146f/_/download/contextbatch/js/_super/batch.js?locale=en-US:2852:304) @ https://wiki.one.int.sap/wiki/s/92d2c4742cba354172eb1affa02efacd-CDN/-23x24x/9116/n2r6gc/1bfa1eaa8b04ae6d4124fc3e33a6146f/_/download/contextbatch/js/_super/batch.js?locale=en-US:2576
[    6232ms] [WARNING] DEPRECATED undefined - AJS.params has been deprecated since 9.0.0 and will be removed in 10.0.0.  
     at HTMLMetaElement.<anonymous> (https://wiki.one.int.sap/wiki/s/92d2c4742cba354172eb1affa02efacd-CDN/-23x24x/9116/n2r6gc/1bfa1eaa8b04ae6d4124fc3e33a6146f/_/download/contextbatch/js/_super/batch.js?locale=en-US:2852:304) @ https://wiki.one.int.sap/wiki/s/92d2c4742cba354172eb1affa02efacd-CDN/-23x24x/9116/n2r6gc/1bfa1eaa8b04ae6d4124fc3e33a6146f/_/download/contextbatch/js/_super/batch.js?locale=en-US:2576
[    6232ms] [WARNING] DEPRECATED undefined - AJS.params has been deprecated since 9.0.0 and will be removed in 10.0.0.  
     at HTMLMetaElement.<anonymous> (https://wiki.one.int.sap/wiki/s/92d2c4742cba354172eb1affa02efacd-CDN/-23x24x/9116/n2r6gc/1bfa1eaa8b04ae6d4124fc3e33a6146f/_/download/contextbatch/js/_super/batch.js?locale=en-US:2852:304) @ https://wiki.one.int.sap/wiki/s/92d2c4742cba354172eb1affa02efacd-CDN/-23x24x/9116/n2r6gc/1bfa1eaa8b04ae6d4124fc3e33a6146f/_/download/contextbatch/js/_super/batch.js?locale=en-US:2576
[    6232ms] [WARNING] DEPRECATED undefined - AJS.params has been deprecated since 9.0.0 and will be removed in 10.0.0.  
     at HTMLMetaElement.<anonymous> (https://wiki.one.int.sap/wiki/s/92d2c4742cba354172eb1affa02efacd-CDN/-23x24x/9116/n2r6gc/1bfa1eaa8b04ae6d4124fc3e33a6146f/_/download/contextbatch/js/_super/batch.js?locale=en-US:2852:304) @ https://wiki.one.int.sap/wiki/s/92d2c4742cba354172eb1affa02efacd-CDN/-23x24x/9116/n2r6gc/1bfa1eaa8b04ae6d4124fc3e33a6146f/_/download/contextbatch/js/_super/batch.js?locale=en-US:2576
[    6232ms] [WARNING] DEPRECATED undefined - AJS.params has been deprecated since 9.0.0 and will be removed in 10.0.0.  
     at HTMLMetaElement.<anonymous> (https://wiki.one.int.sap/wiki/s/92d2c4742cba354172eb1affa02efacd-CDN/-23x24x/9116/n2r6gc/1bfa1eaa8b04ae6d4124fc3e33a6146f/_/download/contextbatch/js/_super/batch.js?locale=en-US:2852:304) @ https://wiki.one.int.sap/wiki/s/92d2c4742cba354172eb1affa02efacd-CDN/-23x24x/9116/n2r6gc/1bfa1eaa8b04ae6d4124fc3e33a6146f/_/download/contextbatch/js/_super/batch.js?locale=en-US:2576
[    6232ms] [WARNING] DEPRECATED undefined - AJS.params has been deprecated since 9.0.0 and will be removed in 10.0.0.  
     at HTMLMetaElement.<anonymous> (https://wiki.one.int.sap/wiki/s/92d2c4742cba354172eb1affa02efacd-CDN/-23x24x/9116/n2r6gc/1bfa1eaa8b04ae6d4124fc3e33a6146f/_/download/contextbatch/js/_super/batch.js?locale=en-US:2852:304) @ https://wiki.one.int.sap/wiki/s/92d2c4742cba354172eb1affa02efacd-CDN/-23x24x/9116/n2r6gc/1bfa1eaa8b04ae6d4124fc3e33a6146f/_/download/contextbatch/js/_super/batch.js?locale=en-US:2576
[    6232ms] [WARNING] DEPRECATED undefined - AJS.params has been deprecated since 9.0.0 and will be removed in 10.0.0.  
     at HTMLMetaElement.<anonymous> (https://wiki.one.int.sap/wiki/s/92d2c4742cba354172eb1affa02efacd-CDN/-23x24x/9116/n2r6gc/1bfa1eaa8b04ae6d4124fc3e33a6146f/_/download/contextbatch/js/_super/batch.js?locale=en-US:2852:304) @ https://wiki.one.int.sap/wiki/s/92d2c4742cba354172eb1affa02efacd-CDN/-23x24x/9116/n2r6gc/1bfa1eaa8b04ae6d4124fc3e33a6146f/_/download/contextbatch/js/_super/batch.js?locale=en-US:2576
[    6232ms] [WARNING] DEPRECATED undefined - AJS.params has been deprecated since 9.0.0 and will be removed in 10.0.0.  
     at HTMLMetaElement.<anonymous> (https://wiki.one.int.sap/wiki/s/92d2c4742cba354172eb1affa02efacd-CDN/-23x24x/9116/n2r6gc/1bfa1eaa8b04ae6d4124fc3e33a6146f/_/download/contextbatch/js/_super/batch.js?locale=en-US:2852:304) @ https://wiki.one.int.sap/wiki/s/92d2c4742cba354172eb1affa02efacd-CDN/-23x24x/9116/n2r6gc/1bfa1eaa8b04ae6d4124fc3e33a6146f/_/download/contextbatch/js/_super/batch.js?locale=en-US:2576
[    6232ms] [WARNING] DEPRECATED undefined - AJS.params has been deprecated since 9.0.0 and will be removed in 10.0.0.  
     at HTMLMetaElement.<anonymous> (https://wiki.one.int.sap/wiki/s/92d2c4742cba354172eb1affa02efacd-CDN/-23x24x/9116/n2r6gc/1bfa1eaa8b04ae6d4124fc3e33a6146f/_/download/contextbatch/js/_super/batch.js?locale=en-US:2852:304) @ https://wiki.one.int.sap/wiki/s/92d2c4742cba354172eb1affa02efacd-CDN/-23x24x/9116/n2r6gc/1bfa1eaa8b04ae6d4124fc3e33a6146f/_/download/contextbatch/js/_super/batch.js?locale=en-US:2576
[    6232ms] [WARNING] DEPRECATED undefined - AJS.params has been deprecated since 9.0.0 and will be removed in 10.0.0.  
     at HTMLMetaElement.<anonymous> (https://wiki.one.int.sap/wiki/s/92d2c4742cba354172eb1affa02efacd-CDN/-23x24x/9116/n2r6gc/1bfa1eaa8b04ae6d4124fc3e33a6146f/_/download/contextbatch/js/_super/batch.js?locale=en-US:2852:304) @ https://wiki.one.int.sap/wiki/s/92d2c4742cba354172eb1affa02efacd-CDN/-23x24x/9116/n2r6gc/1bfa1eaa8b04ae6d4124fc3e33a6146f/_/download/contextbatch/js/_super/batch.js?locale=en-US:2576
[    6232ms] [WARNING] DEPRECATED undefined - AJS.params has been deprecated since 9.0.0 and will be removed in 10.0.0.  
     at HTMLMetaElement.<anonymous> (https://wiki.one.int.sap/wiki/s/92d2c4742cba354172eb1affa02efacd-CDN/-23x24x/9116/n2r6gc/1bfa1eaa8b04ae6d4124fc3e33a6146f/_/download/contextbatch/js/_super/batch.js?locale=en-US:2852:304) @ https://wiki.one.int.sap/wiki/s/92d2c4742cba354172eb1affa02efacd-CDN/-23x24x/9116/n2r6gc/1bfa1eaa8b04ae6d4124fc3e33a6146f/_/download/contextbatch/js/_super/batch.js?locale=en-US:2576
[    6232ms] [WARNING] DEPRECATED undefined - AJS.params has been deprecated since 9.0.0 and will be removed in 10.0.0.  
     at HTMLMetaElement.<anonymous> (https://wiki.one.int.sap/wiki/s/92d2c4742cba354172eb1affa02efacd-CDN/-23x24x/9116/n2r6gc/1bfa1eaa8b04ae6d4124fc3e33a6146f/_/download/contextbatch/js/_super/batch.js?locale=en-US:2852:304) @ https://wiki.one.int.sap/wiki/s/92d2c4742cba354172eb1affa02efacd-CDN/-23x24x/9116/n2r6gc/1bfa1eaa8b04ae6d4124fc3e33a6146f/_/download/contextbatch/js/_super/batch.js?locale=en-US:2576
[    6232ms] [WARNING] DEPRECATED undefined - AJS.params has been deprecated since 9.0.0 and will be removed in 10.0.0.  
     at HTMLMetaElement.<anonymous> (https://wiki.one.int.sap/wiki/s/92d2c4742cba354172eb1affa02efacd-CDN/-23x24x/9116/n2r6gc/1bfa1eaa8b04ae6d4124fc3e33a6146f/_/download/contextbatch/js/_super/batch.js?locale=en-US:2852:304) @ https://wiki.one.int.sap/wiki/s/92d2c4742cba354172eb1affa02efacd-CDN/-23x24x/9116/n2r6gc/1bfa1eaa8b04ae6d4124fc3e33a6146f/_/download/contextbatch/js/_super/batch.js?locale=en-US:2576
[    6232ms] [WARNING] DEPRECATED undefined - AJS.params has been deprecated since 9.0.0 and will be removed in 10.0.0.  
     at HTMLMetaElement.<anonymous> (https://wiki.one.int.sap/wiki/s/92d2c4742cba354172eb1affa02efacd-CDN/-23x24x/9116/n2r6gc/1bfa1eaa8b04ae6d4124fc3e33a6146f/_/download/contextbatch/js/_super/batch.js?locale=en-US:2852:304) @ https://wiki.one.int.sap/wiki/s/92d2c4742cba354172eb1affa02efacd-CDN/-23x24x/9116/n2r6gc/1bfa1eaa8b04ae6d4124fc3e33a6146f/_/download/contextbatch/js/_super/batch.js?locale=en-US:2576
[    6232ms] [WARNING] DEPRECATED undefined - AJS.params has been deprecated since 9.0.0 and will be removed in 10.0.0.  
     at HTMLMetaElement.<anonymous> (https://wiki.one.int.sap/wiki/s/92d2c4742cba354172eb1affa02efacd-CDN/-23x24x/9116/n2r6gc/1bfa1eaa8b04ae6d4124fc3e33a6146f/_/download/contextbatch/js/_super/batch.js?locale=en-US:2852:304) @ https://wiki.one.int.sap/wiki/s/92d2c4742cba354172eb1affa02efacd-CDN/-23x24x/9116/n2r6gc/1bfa1eaa8b04ae6d4124fc3e33a6146f/_/download/contextbatch/js/_super/batch.js?locale=en-US:2576
[    6232ms] [WARNING] DEPRECATED undefined - AJS.params has been deprecated since 9.0.0 and will be removed in 10.0.0.  
     at HTMLMetaElement.<anonymous> (https://wiki.one.int.sap/wiki/s/92d2c4742cba354172eb1affa02efacd-CDN/-23x24x/9116/n2r6gc/1bfa1eaa8b04ae6d4124fc3e33a6146f/_/download/contextbatch/js/_super/batch.js?locale=en-US:2852:304) @ https://wiki.one.int.sap/wiki/s/92d2c4742cba354172eb1affa02efacd-CDN/-23x24x/9116/n2r6gc/1bfa1eaa8b04ae6d4124fc3e33a6146f/_/download/contextbatch/js/_super/batch.js?locale=en-US:2576
[    6232ms] [WARNING] DEPRECATED undefined - AJS.params has been deprecated since 9.0.0 and will be removed in 10.0.0.  
     at HTMLMetaElement.<anonymous> (https://wiki.one.int.sap/wiki/s/92d2c4742cba354172eb1affa02efacd-CDN/-23x24x/9116/n2r6gc/1bfa1eaa8b04ae6d4124fc3e33a6146f/_/download/contextbatch/js/_super/batch.js?locale=en-US:2852:304) @ https://wiki.one.int.sap/wiki/s/92d2c4742cba354172eb1affa02efacd-CDN/-23x24x/9116/n2r6gc/1bfa1eaa8b04ae6d4124fc3e33a6146f/_/download/contextbatch/js/_super/batch.js?locale=en-US:2576
[    6232ms] [WARNING] DEPRECATED undefined - AJS.params has been deprecated since 9.0.0 and will be removed in 10.0.0.  
     at HTMLMetaElement.<anonymous> (https://wiki.one.int.sap/wiki/s/92d2c4742cba354172eb1affa02efacd-CDN/-23x24x/9116/n2r6gc/1bfa1eaa8b04ae6d4124fc3e33a6146f/_/download/contextbatch/js/_super/batch.js?locale=en-US:2852:304) @ https://wiki.one.int.sap/wiki/s/92d2c4742cba354172eb1affa02efacd-CDN/-23x24x/9116/n2r6gc/1bfa1eaa8b04ae6d4124fc3e33a6146f/_/download/contextbatch/js/_super/batch.js?locale=en-US:2576
[    6233ms] [WARNING] DEPRECATED undefined - AJS.params has been deprecated since 9.0.0 and will be removed in 10.0.0.  
     at HTMLMetaElement.<anonymous> (https://wiki.one.int.sap/wiki/s/92d2c4742cba354172eb1affa02efacd-CDN/-23x24x/9116/n2r6gc/1bfa1eaa8b04ae6d4124fc3e33a6146f/_/download/contextbatch/js/_super/batch.js?locale=en-US:2852:304) @ https://wiki.one.int.sap/wiki/s/92d2c4742cba354172eb1affa02efacd-CDN/-23x24x/9116/n2r6gc/1bfa1eaa8b04ae6d4124fc3e33a6146f/_/download/contextbatch/js/_super/batch.js?locale=en-US:2576
[    6233ms] [WARNING] DEPRECATED undefined - AJS.params has been deprecated since 9.0.0 and will be removed in 10.0.0.  
     at HTMLMetaElement.<anonymous> (https://wiki.one.int.sap/wiki/s/92d2c4742cba354172eb1affa02efacd-CDN/-23x24x/9116/n2r6gc/1bfa1eaa8b04ae6d4124fc3e33a6146f/_/download/contextbatch/js/_super/batch.js?locale=en-US:2852:304) @ https://wiki.one.int.sap/wiki/s/92d2c4742cba354172eb1affa02efacd-CDN/-23x24x/9116/n2r6gc/1bfa1eaa8b04ae6d4124fc3e33a6146f/_/download/contextbatch/js/_super/batch.js?locale=en-US:2576
[    6233ms] [WARNING] DEPRECATED undefined - AJS.params has been deprecated since 9.0.0 and will be removed in 10.0.0.  
     at HTMLMetaElement.<anonymous> (https://wiki.one.int.sap/wiki/s/92d2c4742cba354172eb1affa02efacd-CDN/-23x24x/9116/n2r6gc/1bfa1eaa8b04ae6d4124fc3e33a6146f/_/download/contextbatch/js/_super/batch.js?locale=en-US:2852:304) @ https://wiki.one.int.sap/wiki/s/92d2c4742cba354172eb1affa02efacd-CDN/-23x24x/9116/n2r6gc/1bfa1eaa8b04ae6d4124fc3e33a6146f/_/download/contextbatch/js/_super/batch.js?locale=en-US:2576
[    6233ms] [WARNING] DEPRECATED undefined - AJS.params has been deprecated since 9.0.0 and will be removed in 10.0.0.  
     at HTMLMetaElement.<anonymous> (https://wiki.one.int.sap/wiki/s/92d2c4742cba354172eb1affa02efacd-CDN/-23x24x/9116/n2r6gc/1bfa1eaa8b04ae6d4124fc3e33a6146f/_/download/contextbatch/js/_super/batch.js?locale=en-US:2852:304) @ https://wiki.one.int.sap/wiki/s/92d2c4742cba354172eb1affa02efacd-CDN/-23x24x/9116/n2r6gc/1bfa1eaa8b04ae6d4124fc3e33a6146f/_/download/contextbatch/js/_super/batch.js?locale=en-US:2576
[    6233ms] [WARNING] DEPRECATED undefined - AJS.params has been deprecated since 9.0.0 and will be removed in 10.0.0.  
     at HTMLMetaElement.<anonymous> (https://wiki.one.int.sap/wiki/s/92d2c4742cba354172eb1affa02efacd-CDN/-23x24x/9116/n2r6gc/1bfa1eaa8b04ae6d4124fc3e33a6146f/_/download/contextbatch/js/_super/batch.js?locale=en-US:2852:304) @ https://wiki.one.int.sap/wiki/s/92d2c4742cba354172eb1affa02efacd-CDN/-23x24x/9116/n2r6gc/1bfa1eaa8b04ae6d4124fc3e33a6146f/_/download/contextbatch/js/_super/batch.js?locale=en-US:2576
[    6233ms] [WARNING] DEPRECATED undefined - AJS.params has been deprecated since 9.0.0 and will be removed in 10.0.0.  
     at HTMLMetaElement.<anonymous> (https://wiki.one.int.sap/wiki/s/92d2c4742cba354172eb1affa02efacd-CDN/-23x24x/9116/n2r6gc/1bfa1eaa8b04ae6d4124fc3e33a6146f/_/download/contextbatch/js/_super/batch.js?locale=en-US:2852:304) @ https://wiki.one.int.sap/wiki/s/92d2c4742cba354172eb1affa02efacd-CDN/-23x24x/9116/n2r6gc/1bfa1eaa8b04ae6d4124fc3e33a6146f/_/download/contextbatch/js/_super/batch.js?locale=en-US:2576
[    6233ms] [WARNING] DEPRECATED undefined - AJS.params has been deprecated since 9.0.0 and will be removed in 10.0.0.  
     at HTMLMetaElement.<anonymous> (https://wiki.one.int.sap/wiki/s/92d2c4742cba354172eb1affa02efacd-CDN/-23x24x/9116/n2r6gc/1bfa1eaa8b04ae6d4124fc3e33a6146f/_/download/contextbatch/js/_super/batch.js?locale=en-US:2852:304) @ https://wiki.one.int.sap/wiki/s/92d2c4742cba354172eb1affa02efacd-CDN/-23x24x/9116/n2r6gc/1bfa1eaa8b04ae6d4124fc3e33a6146f/_/download/contextbatch/js/_super/batch.js?locale=en-US:2576
[    6233ms] [WARNING] DEPRECATED undefined - AJS.params has been deprecated since 9.0.0 and will be removed in 10.0.0.  
     at HTMLMetaElement.<anonymous> (https://wiki.one.int.sap/wiki/s/92d2c4742cba354172eb1affa02efacd-CDN/-23x24x/9116/n2r6gc/1bfa1eaa8b04ae6d4124fc3e33a6146f/_/download/contextbatch/js/_super/batch.js?locale=en-US:2852:304) @ https://wiki.one.int.sap/wiki/s/92d2c4742cba354172eb1affa02efacd-CDN/-23x24x/9116/n2r6gc/1bfa1eaa8b04ae6d4124fc3e33a6146f/_/download/contextbatch/js/_super/batch.js?locale=en-US:2576
[    6233ms] [WARNING] DEPRECATED undefined - AJS.params has been deprecated since 9.0.0 and will be removed in 10.0.0.  
     at HTMLMetaElement.<anonymous> (https://wiki.one.int.sap/wiki/s/92d2c4742cba354172eb1affa02efacd-CDN/-23x24x/9116/n2r6gc/1bfa1eaa8b04ae6d4124fc3e33a6146f/_/download/contextbatch/js/_super/batch.js?locale=en-US:2852:304) @ https://wiki.one.int.sap/wiki/s/92d2c4742cba354172eb1affa02efacd-CDN/-23x24x/9116/n2r6gc/1bfa1eaa8b04ae6d4124fc3e33a6146f/_/download/contextbatch/js/_super/batch.js?locale=en-US:2576
[    6233ms] [WARNING] DEPRECATED undefined - AJS.params has been deprecated since 9.0.0 and will be removed in 10.0.0.  
     at HTMLMetaElement.<anonymous> (https://wiki.one.int.sap/wiki/s/92d2c4742cba354172eb1affa02efacd-CDN/-23x24x/9116/n2r6gc/1bfa1eaa8b04ae6d4124fc3e33a6146f/_/download/contextbatch/js/_super/batch.js?locale=en-US:2852:304) @ https://wiki.one.int.sap/wiki/s/92d2c4742cba354172eb1affa02efacd-CDN/-23x24x/9116/n2r6gc/1bfa1eaa8b04ae6d4124fc3e33a6146f/_/download/contextbatch/js/_super/batch.js?locale=en-US:2576
[    6248ms] [WARNING] DEPRECATED JS - PopulateParameters has been deprecated since 9.0.0 and will be removed in 10.0.0.  
     at HTMLDocument.<anonymous> (https://wiki.one.int.sap/wiki/s/92d2c4742cba354172eb1affa02efacd-CDN/-23x24x/9116/n2r6gc/1bfa1eaa8b04ae6d4124fc3e33a6146f/_/download/contextbatch/js/_super/batch.js?locale=en-US:2682:988) @ https://wiki.one.int.sap/wiki/s/92d2c4742cba354172eb1affa02efacd-CDN/-23x24x/9116/n2r6gc/1bfa1eaa8b04ae6d4124fc3e33a6146f/_/download/contextbatch/js/_super/batch.js?locale=en-US:2576
[    6254ms] [WARNING] DEPRECATED JS - Dialog has been deprecated since 6.0.6 and will be removed in a future release. Use require('confluence-create-content/space-blueprint')  
     at https://wiki.one.int.sap/wiki/s/92d2c4742cba354172eb1affa02efacd-CDN/-23x24x/9116/n2r6gc/1bfa1eaa8b04ae6d4124fc3e33a6146f/_/download/contextbatch/js/_super/batch.js?locale=en-US:3634:56 @ https://wiki.one.int.sap/wiki/s/92d2c4742cba354172eb1affa02efacd-CDN/-23x24x/9116/n2r6gc/1bfa1eaa8b04ae6d4124fc3e33a6146f/_/download/contextbatch/js/_super/batch.js?locale=en-US:2576
[    6327ms] [LOG] [WRM] [handler] Downloading resources [css!/wiki/s/78c9eaeed141603389ea465a31452595-CDN/-…etup=true&theme.switcher=true&user-logged-in=true, css!/wiki/s/d41d8cd98f00b204e9800998ecf8427e-CDN/-…batch/css/request-access-plugin,-_super/batch.css, js!/wiki/s/61f4ec5c93800775c916150d1014c62f-CDN/-2…itorContextInit~app,-_super/batch.js?locale=en-US, js!/wiki/s/a3c355f45b16c4d79c7cb5b793318c81-CDN/-2…etup=true&theme.switcher=true&user-logged-in=true, js!/wiki/s/61f4ec5c93800775c916150d1014c62f-CDN/-2…urces/jqltable-editor.js?batch=false&locale=en-US, js!/wiki/s/99914b932bd37a50b983c5e7c90ae93b-CDN/-2…le-settings-panel.soy.js?batch=false&locale=en-US, js!/wiki/s/61f4ec5c93800775c916150d1014c62f-CDN/-2…rContextInit~loader,-_super/batch.js?locale=en-US, js!/wiki/s/e1988dd6ecfa72bb95ed749b71703e1a-CDN/-2…quest-access-plugin,-_super/batch.js?locale=en-US] @ https://wiki.one.int.sap/wiki/s/92d2c4742cba354172eb1affa02efacd-CDN/-23x24x/9116/n2r6gc/1bfa1eaa8b04ae6d4124fc3e33a6146f/_/download/contextbatch/js/_super/batch.js?locale=en-US:21
[    6494ms] [LOG] [WRM] [handler] Downloading resources [js!/wiki/s/61f4ec5c93800775c916150d1014c62f-CDN/-2…sian.auiplugin:7498,-_super/batch.js?locale=en-US] @ https://wiki.one.int.sap/wiki/s/92d2c4742cba354172eb1affa02efacd-CDN/-23x24x/9116/n2r6gc/1bfa1eaa8b04ae6d4124fc3e33a6146f/_/download/contextbatch/js/_super/batch.js?locale=en-US:21
[   10087ms] [WARNING] DEPRECATED JS - AJS.debounce has been deprecated since 8.0.0 and will be removed in 10.0.0. Use equivalent functions from libraries like lodash / underscore instead  
     at https://wiki.one.int.sap/wiki/s/a3c355f45b16c4d79c7cb5b793318c81-CDN/-23x24x/9116/n2r6gc/a2e271a23a7c67665287f8df88c7e6f9/_/download/contextbatch/js/com.atlassian.confluence.plugins.confluence-inline-comments:app,editor,macro-browser,com.atlassian.confluence.plugins.confluence-inline-comments:EditorContextInit,code-macro-ak,com.stiltsoft.confluence.plugin.tablefilter.tablefilter:live-filter-resources,-_super,-atl.general,-main,-viewcontent,-page,-browser-metrics-plugin.contrib,-atl.comments/batch.js?analytics-enabled=false&cefp_collab_enabled=true&cefp_ed_perm=false&cefp_is_admin=false&gatekeeper-ui-v2=true&highlightactions=true&hostenabled=true&locale=en-US&table-resizable.breaking-text=false&tc-license-setup=true&theme.switcher=true&user-logged-in=true:1988:136 @ https://wiki.one.int.sap/wiki/s/92d2c4742cba354172eb1affa02efacd-CDN/-23x24x/9116/n2r6gc/1bfa1eaa8b04ae6d4124fc3e33a6146f/_/download/contextbatch/js/_super/batch.js?locale=en-US:2576
[   10092ms] [WARNING] DEPRECATED undefined - AJS.params has been deprecated since 9.0.0 and will be removed in 10.0.0.  
     at https://wiki.one.int.sap/wiki/s/a3c355f45b16c4d79c7cb5b793318c81-CDN/-23x24x/9116/n2r6gc/a2e271a23a7c67665287f8df88c7e6f9/_/download/contextbatch/js/com.atlassian.confluence.plugins.confluence-inline-comments:app,editor,macro-browser,com.atlassian.confluence.plugins.confluence-inline-comments:EditorContextInit,code-macro-ak,com.stiltsoft.confluence.plugin.tablefilter.tablefilter:live-filter-resources,-_super,-atl.general,-main,-viewcontent,-page,-browser-metrics-plugin.contrib,-atl.comments/batch.js?analytics-enabled=false&cefp_collab_enabled=true&cefp_ed_perm=false&cefp_is_admin=false&gatekeeper-ui-v2=true&highlightactions=true&hostenabled=true&locale=en-US&table-resizable.breaking-text=false&tc-license-setup=true&theme.switcher=true&user-logged-in=true:5754:90 @ https://wiki.one.int.sap/wiki/s/92d2c4742cba354172eb1affa02efacd-CDN/-23x24x/9116/n2r6gc/1bfa1eaa8b04ae6d4124fc3e33a6146f/_/download/contextbatch/js/_super/batch.js?locale=en-US:2576
[   10113ms] [WARNING] Multiple versions of FeatureGateClients found on the current page.
      The currently bound version is 5.5.2 when module version 5.0.0 was loading. @ https://wiki.one.int.sap/wiki/s/a3c355f45b16c4d79c7cb5b793318c81-CDN/-23x24x/9116/n2r6gc/a2e271a23a7c67665287f8df88c7e6f9/_/download/contextbatch/js/com.atlassian.confluence.plugins.confluence-inline-comments:app,editor,macro-browser,com.atlassian.confluence.plugins.confluence-inline-comments:EditorContextInit,code-macro-ak,com.stiltsoft.confluence.plugin.tablefilter.tablefilter:live-filter-resources,-_super,-atl.general,-main,-viewcontent,-page,-browser-metrics-plugin.contrib,-atl.comments/batch.js?analytics-enabled=false&cefp_collab_enabled=true&cefp_ed_perm=false&cefp_is_admin=false&gatekeeper-ui-v2=true&highlightactions=true&hostenabled=true&locale=en-US&table-resizable.breaking-text=false&tc-license-setup=true&theme.switcher=true&user-logged-in=true:13064
[   10123ms] [WARNING] Multiple versions of FeatureGateClients found on the current page.
      The currently bound version is 5.5.2 when module version 5.3.1 was loading. @ https://wiki.one.int.sap/wiki/s/a3c355f45b16c4d79c7cb5b793318c81-CDN/-23x24x/9116/n2r6gc/a2e271a23a7c67665287f8df88c7e6f9/_/download/contextbatch/js/com.atlassian.confluence.plugins.confluence-inline-comments:app,editor,macro-browser,com.atlassian.confluence.plugins.confluence-inline-comments:EditorContextInit,code-macro-ak,com.stiltsoft.confluence.plugin.tablefilter.tablefilter:live-filter-resources,-_super,-atl.general,-main,-viewcontent,-page,-browser-metrics-plugin.contrib,-atl.comments/batch.js?analytics-enabled=false&cefp_collab_enabled=true&cefp_ed_perm=false&cefp_is_admin=false&gatekeeper-ui-v2=true&highlightactions=true&hostenabled=true&locale=en-US&table-resizable.breaking-text=false&tc-license-setup=true&theme.switcher=true&user-logged-in=true:13163
[   10131ms] [LOG] timePicker has been downloaded @ https://wiki.one.int.sap/wiki/s/a3c355f45b16c4d79c7cb5b793318c81-CDN/-23x24x/9116/n2r6gc/a2e271a23a7c67665287f8df88c7e6f9/_/download/contextbatch/js/com.atlassian.confluence.plugins.confluence-inline-comments:app,editor,macro-browser,com.atlassian.confluence.plugins.confluence-inline-comments:EditorContextInit,code-macro-ak,com.stiltsoft.confluence.plugin.tablefilter.tablefilter:live-filter-resources,-_super,-atl.general,-main,-viewcontent,-page,-browser-metrics-plugin.contrib,-atl.comments/batch.js?analytics-enabled=false&cefp_collab_enabled=true&cefp_ed_perm=false&cefp_is_admin=false&gatekeeper-ui-v2=true&highlightactions=true&hostenabled=true&locale=en-US&table-resizable.breaking-text=false&tc-license-setup=true&theme.switcher=true&user-logged-in=true:13976
[   10131ms] [LOG] countdown-macro-config.js has been loaded @ https://wiki.one.int.sap/wiki/s/a3c355f45b16c4d79c7cb5b793318c81-CDN/-23x24x/9116/n2r6gc/a2e271a23a7c67665287f8df88c7e6f9/_/download/contextbatch/js/com.atlassian.confluence.plugins.confluence-inline-comments:app,editor,macro-browser,com.atlassian.confluence.plugins.confluence-inline-comments:EditorContextInit,code-macro-ak,com.stiltsoft.confluence.plugin.tablefilter.tablefilter:live-filter-resources,-_super,-atl.general,-main,-viewcontent,-page,-browser-metrics-plugin.contrib,-atl.comments/batch.js?analytics-enabled=false&cefp_collab_enabled=true&cefp_ed_perm=false&cefp_is_admin=false&gatekeeper-ui-v2=true&highlightactions=true&hostenabled=true&locale=en-US&table-resizable.breaking-text=false&tc-license-setup=true&theme.switcher=true&user-logged-in=true:14094
[   10251ms] TypeError: u.value.getElementsByClassName is not a function
    at https://wiki.one.int.sap/wiki/s/a3c355f45b16c4d79c7cb5b793318c81-CDN/-23x24x/9116/n2r6gc/a2e271a23a7c67665287f8df88c7e6f9/_/download/contextbatch/js/com.atlassian.confluence.plugins.confluence-inline-comments:app,editor,macro-browser,com.atlassian.confluence.plugins.confluence-inline-comments:EditorContextInit,code-macro-ak,com.stiltsoft.confluence.plugin.tablefilter.tablefilter:live-filter-resources,-_super,-atl.general,-main,-viewcontent,-page,-browser-metrics-plugin.contrib,-atl.comments/batch.js?analytics-enabled=false&cefp_collab_enabled=true&cefp_ed_perm=false&cefp_is_admin=false&gatekeeper-ui-v2=true&highlightactions=true&hostenabled=true&locale=en-US&table-resizable.breaking-text=false&tc-license-setup=true&theme.switcher=true&user-logged-in=true:7524:2556
    at Array.forEach (<anonymous>)
    at MutationObserver.<anonymous> (https://wiki.one.int.sap/wiki/s/a3c355f45b16c4d79c7cb5b793318c81-CDN/-23x24x/9116/n2r6gc/a2e271a23a7c67665287f8df88c7e6f9/_/download/contextbatch/js/com.atlassian.confluence.plugins.confluence-inline-comments:app,editor,macro-browser,com.atlassian.confluence.plugins.confluence-inline-comments:EditorContextInit,code-macro-ak,com.stiltsoft.confluence.plugin.tablefilter.tablefilter:live-filter-resources,-_super,-atl.general,-main,-viewcontent,-page,-browser-metrics-plugin.contrib,-atl.comments/batch.js?analytics-enabled=false&cefp_collab_enabled=true&cefp_ed_perm=false&cefp_is_admin=false&gatekeeper-ui-v2=true&highlightactions=true&hostenabled=true&locale=en-US&table-resizable.breaking-text=false&tc-license-setup=true&theme.switcher=true&user-logged-in=true:7524:2427)
[   10257ms] TypeError: u.value.getElementsByClassName is not a function
    at https://wiki.one.int.sap/wiki/s/a3c355f45b16c4d79c7cb5b793318c81-CDN/-23x24x/9116/n2r6gc/a2e271a23a7c67665287f8df88c7e6f9/_/download/contextbatch/js/com.atlassian.confluence.plugins.confluence-inline-comments:app,editor,macro-browser,com.atlassian.confluence.plugins.confluence-inline-comments:EditorContextInit,code-macro-ak,com.stiltsoft.confluence.plugin.tablefilter.tablefilter:live-filter-resources,-_super,-atl.general,-main,-viewcontent,-page,-browser-metrics-plugin.contrib,-atl.comments/batch.js?analytics-enabled=false&cefp_collab_enabled=true&cefp_ed_perm=false&cefp_is_admin=false&gatekeeper-ui-v2=true&highlightactions=true&hostenabled=true&locale=en-US&table-resizable.breaking-text=false&tc-license-setup=true&theme.switcher=true&user-logged-in=true:7524:2556
    at Array.forEach (<anonymous>)
    at MutationObserver.<anonymous> (https://wiki.one.int.sap/wiki/s/a3c355f45b16c4d79c7cb5b793318c81-CDN/-23x24x/9116/n2r6gc/a2e271a23a7c67665287f8df88c7e6f9/_/download/contextbatch/js/com.atlassian.confluence.plugins.confluence-inline-comments:app,editor,macro-browser,com.atlassian.confluence.plugins.confluence-inline-comments:EditorContextInit,code-macro-ak,com.stiltsoft.confluence.plugin.tablefilter.tablefilter:live-filter-resources,-_super,-atl.general,-main,-viewcontent,-page,-browser-metrics-plugin.contrib,-atl.comments/batch.js?analytics-enabled=false&cefp_collab_enabled=true&cefp_ed_perm=false&cefp_is_admin=false&gatekeeper-ui-v2=true&highlightactions=true&hostenabled=true&locale=en-US&table-resizable.breaking-text=false&tc-license-setup=true&theme.switcher=true&user-logged-in=true:7524:2427)
[   10291ms] [WARNING] DEPRECATED undefined - AJS.params has been deprecated since 9.0.0 and will be removed in 10.0.0.  
     at Object.getParam (https://wiki.one.int.sap/wiki/s/d768014809aa9e9356abc4f32fa3cf06-CDN/-23x24x/9116/n2r6gc/fa8ab6e9231284a06bf1fb80b856a1e4/_/download/contextbatch/js/atl.confluence.plugins.pagetree-desktop,main,page,viewcontent,atl.general,atl.comments,-_super/batch.js?analytics-enabled=false&cefp_collab_enabled=true&cefp_ed_perm=false&cefp_is_admin=false&gatekeeper-ui-v2=true&highlightactions=true&hostenabled=true&locale=en-US&table-resizable.breaking-text=false&theme.switcher=true&user-logged-in=true:227:281) @ https://wiki.one.int.sap/wiki/s/92d2c4742cba354172eb1affa02efacd-CDN/-23x24x/9116/n2r6gc/1bfa1eaa8b04ae6d4124fc3e33a6146f/_/download/contextbatch/js/_super/batch.js?locale=en-US:2576
[   10514ms] [LOG] Hide HtmlMacro @ https://wiki.one.int.sap/wiki/s/a3c355f45b16c4d79c7cb5b793318c81-CDN/-23x24x/9116/n2r6gc/a2e271a23a7c67665287f8df88c7e6f9/_/download/contextbatch/js/com.atlassian.confluence.plugins.confluence-inline-comments:app,editor,macro-browser,com.atlassian.confluence.plugins.confluence-inline-comments:EditorContextInit,code-macro-ak,com.stiltsoft.confluence.plugin.tablefilter.tablefilter:live-filter-resources,-_super,-atl.general,-main,-viewcontent,-page,-browser-metrics-plugin.contrib,-atl.comments/batch.js?analytics-enabled=false&cefp_collab_enabled=true&cefp_ed_perm=false&cefp_is_admin=false&gatekeeper-ui-v2=true&highlightactions=true&hostenabled=true&locale=en-US&table-resizable.breaking-text=false&tc-license-setup=true&theme.switcher=true&user-logged-in=true:13956
[   10799ms] [LOG] Synchrony successfully initialised. @ https://wiki.one.int.sap/wiki/s/92d2c4742cba354172eb1affa02efacd-CDN/-23x24x/9116/n2r6gc/1bfa1eaa8b04ae6d4124fc3e33a6146f/_/download/contextbatch/js/_super/batch.js?locale=en-US:2581
