[     889ms] [LOG] JQMIGRATE: Migrate is installed with logging active, version 3.4.0 @ https://wiki.one.int.sap/wiki/s/92d2c4742cba354172eb1affa02efacd-CDN/-23x24x/9116/n2r6gc/1bfa1eaa8b04ae6d4124fc3e33a6146f/_/download/contextbatch/js/_super/batch.js?locale=en-US:99
[     890ms] [WARNING] Use of `window._` through AUI is deprecated and will be removed in AUI 10.0.0 @ https://wiki.one.int.sap/wiki/s/92d2c4742cba354172eb1affa02efacd-CDN/-23x24x/9116/n2r6gc/1bfa1eaa8b04ae6d4124fc3e33a6146f/_/download/contextbatch/js/_super/batch.js?locale=en-US:173
[     892ms] [WARNING] DEPRECATED undefined - AJS.params has been deprecated since 9.0.0 and will be removed in 10.0.0.  
     at HTMLMetaElement.<anonymous> (https://wiki.one.int.sap/wiki/s/92d2c4742cba354172eb1affa02efacd-CDN/-23x24x/9116/n2r6gc/1bfa1eaa8b04ae6d4124fc3e33a6146f/_/download/contextbatch/js/_super/batch.js?locale=en-US:2852:304) @ https://wiki.one.int.sap/wiki/s/92d2c4742cba354172eb1affa02efacd-CDN/-23x24x/9116/n2r6gc/1bfa1eaa8b04ae6d4124fc3e33a6146f/_/download/contextbatch/js/_super/batch.js?locale=en-US:2576
[     892ms] [WARNING] DEPRECATED undefined - AJS.params has been deprecated since 9.0.0 and will be removed in 10.0.0.  
     at HTMLMetaElement.<anonymous> (https://wiki.one.int.sap/wiki/s/92d2c4742cba354172eb1affa02efacd-CDN/-23x24x/9116/n2r6gc/1bfa1eaa8b04ae6d4124fc3e33a6146f/_/download/contextbatch/js/_super/batch.js?locale=en-US:2852:304) @ https://wiki.one.int.sap/wiki/s/92d2c4742cba354172eb1affa02efacd-CDN/-23x24x/9116/n2r6gc/1bfa1eaa8b04ae6d4124fc3e33a6146f/_/download/contextbatch/js/_super/batch.js?locale=en-US:2576
[     892ms] [WARNING] DEPRECATED undefined - AJS.params has been deprecated since 9.0.0 and will be removed in 10.0.0.  
     at HTMLMetaElement.<anonymous> (https://wiki.one.int.sap/wiki/s/92d2c4742cba354172eb1affa02efacd-CDN/-23x24x/9116/n2r6gc/1bfa1eaa8b04ae6d4124fc3e33a6146f/_/download/contextbatch/js/_super/batch.js?locale=en-US:2852:304) @ https://wiki.one.int.sap/wiki/s/92d2c4742cba354172eb1affa02efacd-CDN/-23x24x/9116/n2r6gc/1bfa1eaa8b04ae6d4124fc3e33a6146f/_/download/contextbatch/js/_super/batch.js?locale=en-US:2576
[     892ms] [WARNING] DEPRECATED undefined - AJS.params has been deprecated since 9.0.0 and will be removed in 10.0.0.  
     at HTMLMetaElement.<anonymous> (https://wiki.one.int.sap/wiki/s/92d2c4742cba354172eb1affa02efacd-CDN/-23x24x/9116/n2r6gc/1bfa1eaa8b04ae6d4124fc3e33a6146f/_/download/contextbatch/js/_super/batch.js?locale=en-US:2852:304) @ https://wiki.one.int.sap/wiki/s/92d2c4742cba354172eb1affa02efacd-CDN/-23x24x/9116/n2r6gc/1bfa1eaa8b04ae6d4124fc3e33a6146f/_/download/contextbatch/js/_super/batch.js?locale=en-US:2576
[     892ms] [WARNING] DEPRECATED undefined - AJS.params has been deprecated since 9.0.0 and will be removed in 10.0.0.  
     at HTMLMetaElement.<anonymous> (https://wiki.one.int.sap/wiki/s/92d2c4742cba354172eb1affa02efacd-CDN/-23x24x/9116/n2r6gc/1bfa1eaa8b04ae6d4124fc3e33a6146f/_/download/contextbatch/js/_super/batch.js?locale=en-US:2852:304) @ https://wiki.one.int.sap/wiki/s/92d2c4742cba354172eb1affa02efacd-CDN/-23x24x/9116/n2r6gc/1bfa1eaa8b04ae6d4124fc3e33a6146f/_/download/contextbatch/js/_super/batch.js?locale=en-US:2576
[     892ms] [WARNING] DEPRECATED undefined - AJS.params has been deprecated since 9.0.0 and will be removed in 10.0.0.  
     at HTMLMetaElement.<anonymous> (https://wiki.one.int.sap/wiki/s/92d2c4742cba354172eb1affa02efacd-CDN/-23x24x/9116/n2r6gc/1bfa1eaa8b04ae6d4124fc3e33a6146f/_/download/contextbatch/js/_super/batch.js?locale=en-US:2852:304) @ https://wiki.one.int.sap/wiki/s/92d2c4742cba354172eb1affa02efacd-CDN/-23x24x/9116/n2r6gc/1bfa1eaa8b04ae6d4124fc3e33a6146f/_/download/contextbatch/js/_super/batch.js?locale=en-US:2576
[     893ms] [WARNING] DEPRECATED undefined - AJS.params has been deprecated since 9.0.0 and will be removed in 10.0.0.  
     at HTMLMetaElement.<anonymous> (https://wiki.one.int.sap/wiki/s/92d2c4742cba354172eb1affa02efacd-CDN/-23x24x/9116/n2r6gc/1bfa1eaa8b04ae6d4124fc3e33a6146f/_/download/contextbatch/js/_super/batch.js?locale=en-US:2852:304) @ https://wiki.one.int.sap/wiki/s/92d2c4742cba354172eb1affa02efacd-CDN/-23x24x/9116/n2r6gc/1bfa1eaa8b04ae6d4124fc3e33a6146f/_/download/contextbatch/js/_super/batch.js?locale=en-US:2576
[     893ms] [WARNING] DEPRECATED undefined - AJS.params has been deprecated since 9.0.0 and will be removed in 10.0.0.  
     at HTMLMetaElement.<anonymous> (https://wiki.one.int.sap/wiki/s/92d2c4742cba354172eb1affa02efacd-CDN/-23x24x/9116/n2r6gc/1bfa1eaa8b04ae6d4124fc3e33a6146f/_/download/contextbatch/js/_super/batch.js?locale=en-US:2852:304) @ https://wiki.one.int.sap/wiki/s/92d2c4742cba354172eb1affa02efacd-CDN/-23x24x/9116/n2r6gc/1bfa1eaa8b04ae6d4124fc3e33a6146f/_/download/contextbatch/js/_super/batch.js?locale=en-US:2576
[     893ms] [WARNING] DEPRECATED undefined - AJS.params has been deprecated since 9.0.0 and will be removed in 10.0.0.  
     at HTMLMetaElement.<anonymous> (https://wiki.one.int.sap/wiki/s/92d2c4742cba354172eb1affa02efacd-CDN/-23x24x/9116/n2r6gc/1bfa1eaa8b04ae6d4124fc3e33a6146f/_/download/contextbatch/js/_super/batch.js?locale=en-US:2852:304) @ https://wiki.one.int.sap/wiki/s/92d2c4742cba354172eb1affa02efacd-CDN/-23x24x/9116/n2r6gc/1bfa1eaa8b04ae6d4124fc3e33a6146f/_/download/contextbatch/js/_super/batch.js?locale=en-US:2576
[     893ms] [WARNING] DEPRECATED undefined - AJS.params has been deprecated since 9.0.0 and will be removed in 10.0.0.  
     at HTMLMetaElement.<anonymous> (https://wiki.one.int.sap/wiki/s/92d2c4742cba354172eb1affa02efacd-CDN/-23x24x/9116/n2r6gc/1bfa1eaa8b04ae6d4124fc3e33a6146f/_/download/contextbatch/js/_super/batch.js?locale=en-US:2852:304) @ https://wiki.one.int.sap/wiki/s/92d2c4742cba354172eb1affa02efacd-CDN/-23x24x/9116/n2r6gc/1bfa1eaa8b04ae6d4124fc3e33a6146f/_/download/contextbatch/js/_super/batch.js?locale=en-US:2576
[     893ms] [WARNING] DEPRECATED undefined - AJS.params has been deprecated since 9.0.0 and will be removed in 10.0.0.  
     at HTMLMetaElement.<anonymous> (https://wiki.one.int.sap/wiki/s/92d2c4742cba354172eb1affa02efacd-CDN/-23x24x/9116/n2r6gc/1bfa1eaa8b04ae6d4124fc3e33a6146f/_/download/contextbatch/js/_super/batch.js?locale=en-US:2852:304) @ https://wiki.one.int.sap/wiki/s/92d2c4742cba354172eb1affa02efacd-CDN/-23x24x/9116/n2r6gc/1bfa1eaa8b04ae6d4124fc3e33a6146f/_/download/contextbatch/js/_super/batch.js?locale=en-US:2576
[     893ms] [WARNING] DEPRECATED undefined - AJS.params has been deprecated since 9.0.0 and will be removed in 10.0.0.  
     at HTMLMetaElement.<anonymous> (https://wiki.one.int.sap/wiki/s/92d2c4742cba354172eb1affa02efacd-CDN/-23x24x/9116/n2r6gc/1bfa1eaa8b04ae6d4124fc3e33a6146f/_/download/contextbatch/js/_super/batch.js?locale=en-US:2852:304) @ https://wiki.one.int.sap/wiki/s/92d2c4742cba354172eb1affa02efacd-CDN/-23x24x/9116/n2r6gc/1bfa1eaa8b04ae6d4124fc3e33a6146f/_/download/contextbatch/js/_super/batch.js?locale=en-US:2576
[     893ms] [WARNING] DEPRECATED undefined - AJS.params has been deprecated since 9.0.0 and will be removed in 10.0.0.  
     at HTMLMetaElement.<anonymous> (https://wiki.one.int.sap/wiki/s/92d2c4742cba354172eb1affa02efacd-CDN/-23x24x/9116/n2r6gc/1bfa1eaa8b04ae6d4124fc3e33a6146f/_/download/contextbatch/js/_super/batch.js?locale=en-US:2852:304) @ https://wiki.one.int.sap/wiki/s/92d2c4742cba354172eb1affa02efacd-CDN/-23x24x/9116/n2r6gc/1bfa1eaa8b04ae6d4124fc3e33a6146f/_/download/contextbatch/js/_super/batch.js?locale=en-US:2576
[     893ms] [WARNING] DEPRECATED undefined - AJS.params has been deprecated since 9.0.0 and will be removed in 10.0.0.  
     at HTMLMetaElement.<anonymous> (https://wiki.one.int.sap/wiki/s/92d2c4742cba354172eb1affa02efacd-CDN/-23x24x/9116/n2r6gc/1bfa1eaa8b04ae6d4124fc3e33a6146f/_/download/contextbatch/js/_super/batch.js?locale=en-US:2852:304) @ https://wiki.one.int.sap/wiki/s/92d2c4742cba354172eb1affa02efacd-CDN/-23x24x/9116/n2r6gc/1bfa1eaa8b04ae6d4124fc3e33a6146f/_/download/contextbatch/js/_super/batch.js?locale=en-US:2576
[     893ms] [WARNING] DEPRECATED undefined - AJS.params has been deprecated since 9.0.0 and will be removed in 10.0.0.  
     at HTMLMetaElement.<anonymous> (https://wiki.one.int.sap/wiki/s/92d2c4742cba354172eb1affa02efacd-CDN/-23x24x/9116/n2r6gc/1bfa1eaa8b04ae6d4124fc3e33a6146f/_/download/contextbatch/js/_super/batch.js?locale=en-US:2852:304) @ https://wiki.one.int.sap/wiki/s/92d2c4742cba354172eb1affa02efacd-CDN/-23x24x/9116/n2r6gc/1bfa1eaa8b04ae6d4124fc3e33a6146f/_/download/contextbatch/js/_super/batch.js?locale=en-US:2576
[     893ms] [WARNING] DEPRECATED undefined - AJS.params has been deprecated since 9.0.0 and will be removed in 10.0.0.  
     at HTMLMetaElement.<anonymous> (https://wiki.one.int.sap/wiki/s/92d2c4742cba354172eb1affa02efacd-CDN/-23x24x/9116/n2r6gc/1bfa1eaa8b04ae6d4124fc3e33a6146f/_/download/contextbatch/js/_super/batch.js?locale=en-US:2852:304) @ https://wiki.one.int.sap/wiki/s/92d2c4742cba354172eb1affa02efacd-CDN/-23x24x/9116/n2r6gc/1bfa1eaa8b04ae6d4124fc3e33a6146f/_/download/contextbatch/js/_super/batch.js?locale=en-US:2576
[     893ms] [WARNING] DEPRECATED undefined - AJS.params has been deprecated since 9.0.0 and will be removed in 10.0.0.  
     at HTMLMetaElement.<anonymous> (https://wiki.one.int.sap/wiki/s/92d2c4742cba354172eb1affa02efacd-CDN/-23x24x/9116/n2r6gc/1bfa1eaa8b04ae6d4124fc3e33a6146f/_/download/contextbatch/js/_super/batch.js?locale=en-US:2852:304) @ https://wiki.one.int.sap/wiki/s/92d2c4742cba354172eb1affa02efacd-CDN/-23x24x/9116/n2r6gc/1bfa1eaa8b04ae6d4124fc3e33a6146f/_/download/contextbatch/js/_super/batch.js?locale=en-US:2576
[     893ms] [WARNING] DEPRECATED undefined - AJS.params has been deprecated since 9.0.0 and will be removed in 10.0.0.  
     at HTMLMetaElement.<anonymous> (https://wiki.one.int.sap/wiki/s/92d2c4742cba354172eb1affa02efacd-CDN/-23x24x/9116/n2r6gc/1bfa1eaa8b04ae6d4124fc3e33a6146f/_/download/contextbatch/js/_super/batch.js?locale=en-US:2852:304) @ https://wiki.one.int.sap/wiki/s/92d2c4742cba354172eb1affa02efacd-CDN/-23x24x/9116/n2r6gc/1bfa1eaa8b04ae6d4124fc3e33a6146f/_/download/contextbatch/js/_super/batch.js?locale=en-US:2576
[     893ms] [WARNING] DEPRECATED undefined - AJS.params has been deprecated since 9.0.0 and will be removed in 10.0.0.  
     at HTMLMetaElement.<anonymous> (https://wiki.one.int.sap/wiki/s/92d2c4742cba354172eb1affa02efacd-CDN/-23x24x/9116/n2r6gc/1bfa1eaa8b04ae6d4124fc3e33a6146f/_/download/contextbatch/js/_super/batch.js?locale=en-US:2852:304) @ https://wiki.one.int.sap/wiki/s/92d2c4742cba354172eb1affa02efacd-CDN/-23x24x/9116/n2r6gc/1bfa1eaa8b04ae6d4124fc3e33a6146f/_/download/contextbatch/js/_super/batch.js?locale=en-US:2576
[     893ms] [WARNING] DEPRECATED undefined - AJS.params has been deprecated since 9.0.0 and will be removed in 10.0.0.  
     at HTMLMetaElement.<anonymous> (https://wiki.one.int.sap/wiki/s/92d2c4742cba354172eb1affa02efacd-CDN/-23x24x/9116/n2r6gc/1bfa1eaa8b04ae6d4124fc3e33a6146f/_/download/contextbatch/js/_super/batch.js?locale=en-US:2852:304) @ https://wiki.one.int.sap/wiki/s/92d2c4742cba354172eb1affa02efacd-CDN/-23x24x/9116/n2r6gc/1bfa1eaa8b04ae6d4124fc3e33a6146f/_/download/contextbatch/js/_super/batch.js?locale=en-US:2576
[     893ms] [WARNING] DEPRECATED undefined - AJS.params has been deprecated since 9.0.0 and will be removed in 10.0.0.  
     at HTMLMetaElement.<anonymous> (https://wiki.one.int.sap/wiki/s/92d2c4742cba354172eb1affa02efacd-CDN/-23x24x/9116/n2r6gc/1bfa1eaa8b04ae6d4124fc3e33a6146f/_/download/contextbatch/js/_super/batch.js?locale=en-US:2852:304) @ https://wiki.one.int.sap/wiki/s/92d2c4742cba354172eb1affa02efacd-CDN/-23x24x/9116/n2r6gc/1bfa1eaa8b04ae6d4124fc3e33a6146f/_/download/contextbatch/js/_super/batch.js?locale=en-US:2576
[     893ms] [WARNING] DEPRECATED undefined - AJS.params has been deprecated since 9.0.0 and will be removed in 10.0.0.  
     at HTMLMetaElement.<anonymous> (https://wiki.one.int.sap/wiki/s/92d2c4742cba354172eb1affa02efacd-CDN/-23x24x/9116/n2r6gc/1bfa1eaa8b04ae6d4124fc3e33a6146f/_/download/contextbatch/js/_super/batch.js?locale=en-US:2852:304) @ https://wiki.one.int.sap/wiki/s/92d2c4742cba354172eb1affa02efacd-CDN/-23x24x/9116/n2r6gc/1bfa1eaa8b04ae6d4124fc3e33a6146f/_/download/contextbatch/js/_super/batch.js?locale=en-US:2576
[     894ms] [WARNING] DEPRECATED undefined - AJS.params has been deprecated since 9.0.0 and will be removed in 10.0.0.  
     at HTMLMetaElement.<anonymous> (https://wiki.one.int.sap/wiki/s/92d2c4742cba354172eb1affa02efacd-CDN/-23x24x/9116/n2r6gc/1bfa1eaa8b04ae6d4124fc3e33a6146f/_/download/contextbatch/js/_super/batch.js?locale=en-US:2852:304) @ https://wiki.one.int.sap/wiki/s/92d2c4742cba354172eb1affa02efacd-CDN/-23x24x/9116/n2r6gc/1bfa1eaa8b04ae6d4124fc3e33a6146f/_/download/contextbatch/js/_super/batch.js?locale=en-US:2576
[     894ms] [WARNING] DEPRECATED undefined - AJS.params has been deprecated since 9.0.0 and will be removed in 10.0.0.  
     at HTMLMetaElement.<anonymous> (https://wiki.one.int.sap/wiki/s/92d2c4742cba354172eb1affa02efacd-CDN/-23x24x/9116/n2r6gc/1bfa1eaa8b04ae6d4124fc3e33a6146f/_/download/contextbatch/js/_super/batch.js?locale=en-US:2852:304) @ https://wiki.one.int.sap/wiki/s/92d2c4742cba354172eb1affa02efacd-CDN/-23x24x/9116/n2r6gc/1bfa1eaa8b04ae6d4124fc3e33a6146f/_/download/contextbatch/js/_super/batch.js?locale=en-US:2576
[     894ms] [WARNING] DEPRECATED undefined - AJS.params has been deprecated since 9.0.0 and will be removed in 10.0.0.  
     at HTMLMetaElement.<anonymous> (https://wiki.one.int.sap/wiki/s/92d2c4742cba354172eb1affa02efacd-CDN/-23x24x/9116/n2r6gc/1bfa1eaa8b04ae6d4124fc3e33a6146f/_/download/contextbatch/js/_super/batch.js?locale=en-US:2852:304) @ https://wiki.one.int.sap/wiki/s/92d2c4742cba354172eb1affa02efacd-CDN/-23x24x/9116/n2r6gc/1bfa1eaa8b04ae6d4124fc3e33a6146f/_/download/contextbatch/js/_super/batch.js?locale=en-US:2576
[     894ms] [WARNING] DEPRECATED undefined - AJS.params has been deprecated since 9.0.0 and will be removed in 10.0.0.  
     at HTMLMetaElement.<anonymous> (https://wiki.one.int.sap/wiki/s/92d2c4742cba354172eb1affa02efacd-CDN/-23x24x/9116/n2r6gc/1bfa1eaa8b04ae6d4124fc3e33a6146f/_/download/contextbatch/js/_super/batch.js?locale=en-US:2852:304) @ https://wiki.one.int.sap/wiki/s/92d2c4742cba354172eb1affa02efacd-CDN/-23x24x/9116/n2r6gc/1bfa1eaa8b04ae6d4124fc3e33a6146f/_/download/contextbatch/js/_super/batch.js?locale=en-US:2576
[     894ms] [WARNING] DEPRECATED undefined - AJS.params has been deprecated since 9.0.0 and will be removed in 10.0.0.  
     at HTMLMetaElement.<anonymous> (https://wiki.one.int.sap/wiki/s/92d2c4742cba354172eb1affa02efacd-CDN/-23x24x/9116/n2r6gc/1bfa1eaa8b04ae6d4124fc3e33a6146f/_/download/contextbatch/js/_super/batch.js?locale=en-US:2852:304) @ https://wiki.one.int.sap/wiki/s/92d2c4742cba354172eb1affa02efacd-CDN/-23x24x/9116/n2r6gc/1bfa1eaa8b04ae6d4124fc3e33a6146f/_/download/contextbatch/js/_super/batch.js?locale=en-US:2576
[     894ms] [WARNING] DEPRECATED undefined - AJS.params has been deprecated since 9.0.0 and will be removed in 10.0.0.  
     at HTMLMetaElement.<anonymous> (https://wiki.one.int.sap/wiki/s/92d2c4742cba354172eb1affa02efacd-CDN/-23x24x/9116/n2r6gc/1bfa1eaa8b04ae6d4124fc3e33a6146f/_/download/contextbatch/js/_super/batch.js?locale=en-US:2852:304) @ https://wiki.one.int.sap/wiki/s/92d2c4742cba354172eb1affa02efacd-CDN/-23x24x/9116/n2r6gc/1bfa1eaa8b04ae6d4124fc3e33a6146f/_/download/contextbatch/js/_super/batch.js?locale=en-US:2576
[     894ms] [WARNING] DEPRECATED undefined - AJS.params has been deprecated since 9.0.0 and will be removed in 10.0.0.  
     at HTMLMetaElement.<anonymous> (https://wiki.one.int.sap/wiki/s/92d2c4742cba354172eb1affa02efacd-CDN/-23x24x/9116/n2r6gc/1bfa1eaa8b04ae6d4124fc3e33a6146f/_/download/contextbatch/js/_super/batch.js?locale=en-US:2852:304) @ https://wiki.one.int.sap/wiki/s/92d2c4742cba354172eb1affa02efacd-CDN/-23x24x/9116/n2r6gc/1bfa1eaa8b04ae6d4124fc3e33a6146f/_/download/contextbatch/js/_super/batch.js?locale=en-US:2576
[     894ms] [WARNING] DEPRECATED undefined - AJS.params has been deprecated since 9.0.0 and will be removed in 10.0.0.  
     at HTMLMetaElement.<anonymous> (https://wiki.one.int.sap/wiki/s/92d2c4742cba354172eb1affa02efacd-CDN/-23x24x/9116/n2r6gc/1bfa1eaa8b04ae6d4124fc3e33a6146f/_/download/contextbatch/js/_super/batch.js?locale=en-US:2852:304) @ https://wiki.one.int.sap/wiki/s/92d2c4742cba354172eb1affa02efacd-CDN/-23x24x/9116/n2r6gc/1bfa1eaa8b04ae6d4124fc3e33a6146f/_/download/contextbatch/js/_super/batch.js?locale=en-US:2576
[     894ms] [WARNING] DEPRECATED undefined - AJS.params has been deprecated since 9.0.0 and will be removed in 10.0.0.  
     at HTMLMetaElement.<anonymous> (https://wiki.one.int.sap/wiki/s/92d2c4742cba354172eb1affa02efacd-CDN/-23x24x/9116/n2r6gc/1bfa1eaa8b04ae6d4124fc3e33a6146f/_/download/contextbatch/js/_super/batch.js?locale=en-US:2852:304) @ https://wiki.one.int.sap/wiki/s/92d2c4742cba354172eb1affa02efacd-CDN/-23x24x/9116/n2r6gc/1bfa1eaa8b04ae6d4124fc3e33a6146f/_/download/contextbatch/js/_super/batch.js?locale=en-US:2576
[     894ms] [WARNING] DEPRECATED undefined - AJS.params has been deprecated since 9.0.0 and will be removed in 10.0.0.  
     at HTMLMetaElement.<anonymous> (https://wiki.one.int.sap/wiki/s/92d2c4742cba354172eb1affa02efacd-CDN/-23x24x/9116/n2r6gc/1bfa1eaa8b04ae6d4124fc3e33a6146f/_/download/contextbatch/js/_super/batch.js?locale=en-US:2852:304) @ https://wiki.one.int.sap/wiki/s/92d2c4742cba354172eb1affa02efacd-CDN/-23x24x/9116/n2r6gc/1bfa1eaa8b04ae6d4124fc3e33a6146f/_/download/contextbatch/js/_super/batch.js?locale=en-US:2576
[     894ms] [WARNING] DEPRECATED undefined - AJS.params has been deprecated since 9.0.0 and will be removed in 10.0.0.  
     at HTMLMetaElement.<anonymous> (https://wiki.one.int.sap/wiki/s/92d2c4742cba354172eb1affa02efacd-CDN/-23x24x/9116/n2r6gc/1bfa1eaa8b04ae6d4124fc3e33a6146f/_/download/contextbatch/js/_super/batch.js?locale=en-US:2852:304) @ https://wiki.one.int.sap/wiki/s/92d2c4742cba354172eb1affa02efacd-CDN/-23x24x/9116/n2r6gc/1bfa1eaa8b04ae6d4124fc3e33a6146f/_/download/contextbatch/js/_super/batch.js?locale=en-US:2576
[     894ms] [WARNING] DEPRECATED undefined - AJS.params has been deprecated since 9.0.0 and will be removed in 10.0.0.  
     at HTMLMetaElement.<anonymous> (https://wiki.one.int.sap/wiki/s/92d2c4742cba354172eb1affa02efacd-CDN/-23x24x/9116/n2r6gc/1bfa1eaa8b04ae6d4124fc3e33a6146f/_/download/contextbatch/js/_super/batch.js?locale=en-US:2852:304) @ https://wiki.one.int.sap/wiki/s/92d2c4742cba354172eb1affa02efacd-CDN/-23x24x/9116/n2r6gc/1bfa1eaa8b04ae6d4124fc3e33a6146f/_/download/contextbatch/js/_super/batch.js?locale=en-US:2576
[     894ms] [WARNING] DEPRECATED undefined - AJS.params has been deprecated since 9.0.0 and will be removed in 10.0.0.  
     at HTMLMetaElement.<anonymous> (https://wiki.one.int.sap/wiki/s/92d2c4742cba354172eb1affa02efacd-CDN/-23x24x/9116/n2r6gc/1bfa1eaa8b04ae6d4124fc3e33a6146f/_/download/contextbatch/js/_super/batch.js?locale=en-US:2852:304) @ https://wiki.one.int.sap/wiki/s/92d2c4742cba354172eb1affa02efacd-CDN/-23x24x/9116/n2r6gc/1bfa1eaa8b04ae6d4124fc3e33a6146f/_/download/contextbatch/js/_super/batch.js?locale=en-US:2576
[     894ms] [WARNING] DEPRECATED undefined - AJS.params has been deprecated since 9.0.0 and will be removed in 10.0.0.  
     at HTMLMetaElement.<anonymous> (https://wiki.one.int.sap/wiki/s/92d2c4742cba354172eb1affa02efacd-CDN/-23x24x/9116/n2r6gc/1bfa1eaa8b04ae6d4124fc3e33a6146f/_/download/contextbatch/js/_super/batch.js?locale=en-US:2852:304) @ https://wiki.one.int.sap/wiki/s/92d2c4742cba354172eb1affa02efacd-CDN/-23x24x/9116/n2r6gc/1bfa1eaa8b04ae6d4124fc3e33a6146f/_/download/contextbatch/js/_super/batch.js?locale=en-US:2576
[     894ms] [WARNING] DEPRECATED undefined - AJS.params has been deprecated since 9.0.0 and will be removed in 10.0.0.  
     at HTMLMetaElement.<anonymous> (https://wiki.one.int.sap/wiki/s/92d2c4742cba354172eb1affa02efacd-CDN/-23x24x/9116/n2r6gc/1bfa1eaa8b04ae6d4124fc3e33a6146f/_/download/contextbatch/js/_super/batch.js?locale=en-US:2852:304) @ https://wiki.one.int.sap/wiki/s/92d2c4742cba354172eb1affa02efacd-CDN/-23x24x/9116/n2r6gc/1bfa1eaa8b04ae6d4124fc3e33a6146f/_/download/contextbatch/js/_super/batch.js?locale=en-US:2576
[     894ms] [WARNING] DEPRECATED undefined - AJS.params has been deprecated since 9.0.0 and will be removed in 10.0.0.  
     at HTMLMetaElement.<anonymous> (https://wiki.one.int.sap/wiki/s/92d2c4742cba354172eb1affa02efacd-CDN/-23x24x/9116/n2r6gc/1bfa1eaa8b04ae6d4124fc3e33a6146f/_/download/contextbatch/js/_super/batch.js?locale=en-US:2852:304) @ https://wiki.one.int.sap/wiki/s/92d2c4742cba354172eb1affa02efacd-CDN/-23x24x/9116/n2r6gc/1bfa1eaa8b04ae6d4124fc3e33a6146f/_/download/contextbatch/js/_super/batch.js?locale=en-US:2576
[     894ms] [WARNING] DEPRECATED undefined - AJS.params has been deprecated since 9.0.0 and will be removed in 10.0.0.  
     at HTMLMetaElement.<anonymous> (https://wiki.one.int.sap/wiki/s/92d2c4742cba354172eb1affa02efacd-CDN/-23x24x/9116/n2r6gc/1bfa1eaa8b04ae6d4124fc3e33a6146f/_/download/contextbatch/js/_super/batch.js?locale=en-US:2852:304) @ https://wiki.one.int.sap/wiki/s/92d2c4742cba354172eb1affa02efacd-CDN/-23x24x/9116/n2r6gc/1bfa1eaa8b04ae6d4124fc3e33a6146f/_/download/contextbatch/js/_super/batch.js?locale=en-US:2576
[     895ms] [WARNING] DEPRECATED undefined - AJS.params has been deprecated since 9.0.0 and will be removed in 10.0.0.  
     at HTMLMetaElement.<anonymous> (https://wiki.one.int.sap/wiki/s/92d2c4742cba354172eb1affa02efacd-CDN/-23x24x/9116/n2r6gc/1bfa1eaa8b04ae6d4124fc3e33a6146f/_/download/contextbatch/js/_super/batch.js?locale=en-US:2852:304) @ https://wiki.one.int.sap/wiki/s/92d2c4742cba354172eb1affa02efacd-CDN/-23x24x/9116/n2r6gc/1bfa1eaa8b04ae6d4124fc3e33a6146f/_/download/contextbatch/js/_super/batch.js?locale=en-US:2576
[     895ms] [WARNING] DEPRECATED undefined - AJS.params has been deprecated since 9.0.0 and will be removed in 10.0.0.  
     at HTMLMetaElement.<anonymous> (https://wiki.one.int.sap/wiki/s/92d2c4742cba354172eb1affa02efacd-CDN/-23x24x/9116/n2r6gc/1bfa1eaa8b04ae6d4124fc3e33a6146f/_/download/contextbatch/js/_super/batch.js?locale=en-US:2852:304) @ https://wiki.one.int.sap/wiki/s/92d2c4742cba354172eb1affa02efacd-CDN/-23x24x/9116/n2r6gc/1bfa1eaa8b04ae6d4124fc3e33a6146f/_/download/contextbatch/js/_super/batch.js?locale=en-US:2576
[     895ms] [WARNING] DEPRECATED undefined - AJS.params has been deprecated since 9.0.0 and will be removed in 10.0.0.  
     at HTMLMetaElement.<anonymous> (https://wiki.one.int.sap/wiki/s/92d2c4742cba354172eb1affa02efacd-CDN/-23x24x/9116/n2r6gc/1bfa1eaa8b04ae6d4124fc3e33a6146f/_/download/contextbatch/js/_super/batch.js?locale=en-US:2852:304) @ https://wiki.one.int.sap/wiki/s/92d2c4742cba354172eb1affa02efacd-CDN/-23x24x/9116/n2r6gc/1bfa1eaa8b04ae6d4124fc3e33a6146f/_/download/contextbatch/js/_super/batch.js?locale=en-US:2576
[     895ms] [WARNING] DEPRECATED undefined - AJS.params has been deprecated since 9.0.0 and will be removed in 10.0.0.  
     at HTMLMetaElement.<anonymous> (https://wiki.one.int.sap/wiki/s/92d2c4742cba354172eb1affa02efacd-CDN/-23x24x/9116/n2r6gc/1bfa1eaa8b04ae6d4124fc3e33a6146f/_/download/contextbatch/js/_super/batch.js?locale=en-US:2852:304) @ https://wiki.one.int.sap/wiki/s/92d2c4742cba354172eb1affa02efacd-CDN/-23x24x/9116/n2r6gc/1bfa1eaa8b04ae6d4124fc3e33a6146f/_/download/contextbatch/js/_super/batch.js?locale=en-US:2576
[     895ms] [WARNING] DEPRECATED undefined - AJS.params has been deprecated since 9.0.0 and will be removed in 10.0.0.  
     at HTMLMetaElement.<anonymous> (https://wiki.one.int.sap/wiki/s/92d2c4742cba354172eb1affa02efacd-CDN/-23x24x/9116/n2r6gc/1bfa1eaa8b04ae6d4124fc3e33a6146f/_/download/contextbatch/js/_super/batch.js?locale=en-US:2852:304) @ https://wiki.one.int.sap/wiki/s/92d2c4742cba354172eb1affa02efacd-CDN/-23x24x/9116/n2r6gc/1bfa1eaa8b04ae6d4124fc3e33a6146f/_/download/contextbatch/js/_super/batch.js?locale=en-US:2576
[     895ms] [WARNING] DEPRECATED undefined - AJS.params has been deprecated since 9.0.0 and will be removed in 10.0.0.  
     at HTMLMetaElement.<anonymous> (https://wiki.one.int.sap/wiki/s/92d2c4742cba354172eb1affa02efacd-CDN/-23x24x/9116/n2r6gc/1bfa1eaa8b04ae6d4124fc3e33a6146f/_/download/contextbatch/js/_super/batch.js?locale=en-US:2852:304) @ https://wiki.one.int.sap/wiki/s/92d2c4742cba354172eb1affa02efacd-CDN/-23x24x/9116/n2r6gc/1bfa1eaa8b04ae6d4124fc3e33a6146f/_/download/contextbatch/js/_super/batch.js?locale=en-US:2576
[     895ms] [WARNING] DEPRECATED undefined - AJS.params has been deprecated since 9.0.0 and will be removed in 10.0.0.  
     at HTMLMetaElement.<anonymous> (https://wiki.one.int.sap/wiki/s/92d2c4742cba354172eb1affa02efacd-CDN/-23x24x/9116/n2r6gc/1bfa1eaa8b04ae6d4124fc3e33a6146f/_/download/contextbatch/js/_super/batch.js?locale=en-US:2852:304) @ https://wiki.one.int.sap/wiki/s/92d2c4742cba354172eb1affa02efacd-CDN/-23x24x/9116/n2r6gc/1bfa1eaa8b04ae6d4124fc3e33a6146f/_/download/contextbatch/js/_super/batch.js?locale=en-US:2576
[     895ms] [WARNING] DEPRECATED undefined - AJS.params has been deprecated since 9.0.0 and will be removed in 10.0.0.  
     at HTMLMetaElement.<anonymous> (https://wiki.one.int.sap/wiki/s/92d2c4742cba354172eb1affa02efacd-CDN/-23x24x/9116/n2r6gc/1bfa1eaa8b04ae6d4124fc3e33a6146f/_/download/contextbatch/js/_super/batch.js?locale=en-US:2852:304) @ https://wiki.one.int.sap/wiki/s/92d2c4742cba354172eb1affa02efacd-CDN/-23x24x/9116/n2r6gc/1bfa1eaa8b04ae6d4124fc3e33a6146f/_/download/contextbatch/js/_super/batch.js?locale=en-US:2576
[     895ms] [WARNING] DEPRECATED undefined - AJS.params has been deprecated since 9.0.0 and will be removed in 10.0.0.  
     at HTMLMetaElement.<anonymous> (https://wiki.one.int.sap/wiki/s/92d2c4742cba354172eb1affa02efacd-CDN/-23x24x/9116/n2r6gc/1bfa1eaa8b04ae6d4124fc3e33a6146f/_/download/contextbatch/js/_super/batch.js?locale=en-US:2852:304) @ https://wiki.one.int.sap/wiki/s/92d2c4742cba354172eb1affa02efacd-CDN/-23x24x/9116/n2r6gc/1bfa1eaa8b04ae6d4124fc3e33a6146f/_/download/contextbatch/js/_super/batch.js?locale=en-US:2576
[     895ms] [WARNING] DEPRECATED undefined - AJS.params has been deprecated since 9.0.0 and will be removed in 10.0.0.  
     at HTMLMetaElement.<anonymous> (https://wiki.one.int.sap/wiki/s/92d2c4742cba354172eb1affa02efacd-CDN/-23x24x/9116/n2r6gc/1bfa1eaa8b04ae6d4124fc3e33a6146f/_/download/contextbatch/js/_super/batch.js?locale=en-US:2852:304) @ https://wiki.one.int.sap/wiki/s/92d2c4742cba354172eb1affa02efacd-CDN/-23x24x/9116/n2r6gc/1bfa1eaa8b04ae6d4124fc3e33a6146f/_/download/contextbatch/js/_super/batch.js?locale=en-US:2576
[     895ms] [WARNING] DEPRECATED undefined - AJS.params has been deprecated since 9.0.0 and will be removed in 10.0.0.  
     at HTMLMetaElement.<anonymous> (https://wiki.one.int.sap/wiki/s/92d2c4742cba354172eb1affa02efacd-CDN/-23x24x/9116/n2r6gc/1bfa1eaa8b04ae6d4124fc3e33a6146f/_/download/contextbatch/js/_super/batch.js?locale=en-US:2852:304) @ https://wiki.one.int.sap/wiki/s/92d2c4742cba354172eb1affa02efacd-CDN/-23x24x/9116/n2r6gc/1bfa1eaa8b04ae6d4124fc3e33a6146f/_/download/contextbatch/js/_super/batch.js?locale=en-US:2576
[     895ms] [WARNING] DEPRECATED undefined - AJS.params has been deprecated since 9.0.0 and will be removed in 10.0.0.  
     at HTMLMetaElement.<anonymous> (https://wiki.one.int.sap/wiki/s/92d2c4742cba354172eb1affa02efacd-CDN/-23x24x/9116/n2r6gc/1bfa1eaa8b04ae6d4124fc3e33a6146f/_/download/contextbatch/js/_super/batch.js?locale=en-US:2852:304) @ https://wiki.one.int.sap/wiki/s/92d2c4742cba354172eb1affa02efacd-CDN/-23x24x/9116/n2r6gc/1bfa1eaa8b04ae6d4124fc3e33a6146f/_/download/contextbatch/js/_super/batch.js?locale=en-US:2576
[     895ms] [WARNING] DEPRECATED undefined - AJS.params has been deprecated since 9.0.0 and will be removed in 10.0.0.  
     at HTMLMetaElement.<anonymous> (https://wiki.one.int.sap/wiki/s/92d2c4742cba354172eb1affa02efacd-CDN/-23x24x/9116/n2r6gc/1bfa1eaa8b04ae6d4124fc3e33a6146f/_/download/contextbatch/js/_super/batch.js?locale=en-US:2852:304) @ https://wiki.one.int.sap/wiki/s/92d2c4742cba354172eb1affa02efacd-CDN/-23x24x/9116/n2r6gc/1bfa1eaa8b04ae6d4124fc3e33a6146f/_/download/contextbatch/js/_super/batch.js?locale=en-US:2576
[     895ms] [WARNING] DEPRECATED undefined - AJS.params has been deprecated since 9.0.0 and will be removed in 10.0.0.  
     at HTMLMetaElement.<anonymous> (https://wiki.one.int.sap/wiki/s/92d2c4742cba354172eb1affa02efacd-CDN/-23x24x/9116/n2r6gc/1bfa1eaa8b04ae6d4124fc3e33a6146f/_/download/contextbatch/js/_super/batch.js?locale=en-US:2852:304) @ https://wiki.one.int.sap/wiki/s/92d2c4742cba354172eb1affa02efacd-CDN/-23x24x/9116/n2r6gc/1bfa1eaa8b04ae6d4124fc3e33a6146f/_/download/contextbatch/js/_super/batch.js?locale=en-US:2576
[    1083ms] [WARNING] Properties of "AJS.Confluence.QuickEdit" were overwritten @ https://wiki.one.int.sap/wiki/s/92d2c4742cba354172eb1affa02efacd-CDN/-23x24x/9116/n2r6gc/1bfa1eaa8b04ae6d4124fc3e33a6146f/_/download/contextbatch/js/_super/batch.js?locale=en-US:193
[    1087ms] [LOG] recBaseUrl: https://icrs.cfapps.eu10.hana.ondemand.com @ https://wiki.one.int.sap/wiki/s/d768014809aa9e9356abc4f32fa3cf06-CDN/-23x24x/9116/n2r6gc/fa8ab6e9231284a06bf1fb80b856a1e4/_/download/contextbatch/js/atl.confluence.plugins.pagetree-desktop,main,page,viewcontent,atl.general,atl.comments,-_super/batch.js?analytics-enabled=false&cefp_collab_enabled=true&cefp_ed_perm=false&cefp_is_admin=false&gatekeeper-ui-v2=true&highlightactions=true&hostenabled=true&locale=en-US&table-resizable.breaking-text=false&theme.switcher=true&user-logged-in=true:5174
[    1137ms] [WARNING] DEPRECATED JS - AJS.debounce has been deprecated since 8.0.0 and will be removed in 10.0.0. Use equivalent functions from libraries like lodash / underscore instead  
     at p.init (https://wiki.one.int.sap/wiki/s/92d2c4742cba354172eb1affa02efacd-CDN/-23x24x/9116/n2r6gc/1bfa1eaa8b04ae6d4124fc3e33a6146f/_/download/contextbatch/js/_super/batch.js?locale=en-US:3200:1993) @ https://wiki.one.int.sap/wiki/s/92d2c4742cba354172eb1affa02efacd-CDN/-23x24x/9116/n2r6gc/1bfa1eaa8b04ae6d4124fc3e33a6146f/_/download/contextbatch/js/_super/batch.js?locale=en-US:2576
[    1151ms] [WARNING] DEPRECATED undefined - AJS.params has been deprecated since 9.0.0 and will be removed in 10.0.0.  
     at Object.getParam (https://wiki.one.int.sap/wiki/s/d768014809aa9e9356abc4f32fa3cf06-CDN/-23x24x/9116/n2r6gc/fa8ab6e9231284a06bf1fb80b856a1e4/_/download/contextbatch/js/atl.confluence.plugins.pagetree-desktop,main,page,viewcontent,atl.general,atl.comments,-_super/batch.js?analytics-enabled=false&cefp_collab_enabled=true&cefp_ed_perm=false&cefp_is_admin=false&gatekeeper-ui-v2=true&highlightactions=true&hostenabled=true&locale=en-US&table-resizable.breaking-text=false&theme.switcher=true&user-logged-in=true:227:281) @ https://wiki.one.int.sap/wiki/s/92d2c4742cba354172eb1affa02efacd-CDN/-23x24x/9116/n2r6gc/1bfa1eaa8b04ae6d4124fc3e33a6146f/_/download/contextbatch/js/_super/batch.js?locale=en-US:2576
[    1152ms] [WARNING] DEPRECATED undefined - AJS.params has been deprecated since 9.0.0 and will be removed in 10.0.0.  
     at Object.getParam (https://wiki.one.int.sap/wiki/s/d768014809aa9e9356abc4f32fa3cf06-CDN/-23x24x/9116/n2r6gc/fa8ab6e9231284a06bf1fb80b856a1e4/_/download/contextbatch/js/atl.confluence.plugins.pagetree-desktop,main,page,viewcontent,atl.general,atl.comments,-_super/batch.js?analytics-enabled=false&cefp_collab_enabled=true&cefp_ed_perm=false&cefp_is_admin=false&gatekeeper-ui-v2=true&highlightactions=true&hostenabled=true&locale=en-US&table-resizable.breaking-text=false&theme.switcher=true&user-logged-in=true:227:281) @ https://wiki.one.int.sap/wiki/s/92d2c4742cba354172eb1affa02efacd-CDN/-23x24x/9116/n2r6gc/1bfa1eaa8b04ae6d4124fc3e33a6146f/_/download/contextbatch/js/_super/batch.js?locale=en-US:2576
[    1152ms] [WARNING] DEPRECATED undefined - AJS.params has been deprecated since 9.0.0 and will be removed in 10.0.0.  
     at Object.getParam (https://wiki.one.int.sap/wiki/s/d768014809aa9e9356abc4f32fa3cf06-CDN/-23x24x/9116/n2r6gc/fa8ab6e9231284a06bf1fb80b856a1e4/_/download/contextbatch/js/atl.confluence.plugins.pagetree-desktop,main,page,viewcontent,atl.general,atl.comments,-_super/batch.js?analytics-enabled=false&cefp_collab_enabled=true&cefp_ed_perm=false&cefp_is_admin=false&gatekeeper-ui-v2=true&highlightactions=true&hostenabled=true&locale=en-US&table-resizable.breaking-text=false&theme.switcher=true&user-logged-in=true:227:281) @ https://wiki.one.int.sap/wiki/s/92d2c4742cba354172eb1affa02efacd-CDN/-23x24x/9116/n2r6gc/1bfa1eaa8b04ae6d4124fc3e33a6146f/_/download/contextbatch/js/_super/batch.js?locale=en-US:2576
[    1345ms] [WARNING] DEPRECATED JS - PopulateParameters has been deprecated since 9.0.0 and will be removed in 10.0.0.  
     at HTMLDocument.<anonymous> (https://wiki.one.int.sap/wiki/s/92d2c4742cba354172eb1affa02efacd-CDN/-23x24x/9116/n2r6gc/1bfa1eaa8b04ae6d4124fc3e33a6146f/_/download/contextbatch/js/_super/batch.js?locale=en-US:2682:988) @ https://wiki.one.int.sap/wiki/s/92d2c4742cba354172eb1affa02efacd-CDN/-23x24x/9116/n2r6gc/1bfa1eaa8b04ae6d4124fc3e33a6146f/_/download/contextbatch/js/_super/batch.js?locale=en-US:2576
[    1368ms] [WARNING] DEPRECATED JS - Dialog has been deprecated since 6.0.6 and will be removed in a future release. Use require('confluence-create-content/space-blueprint')  
     at https://wiki.one.int.sap/wiki/s/92d2c4742cba354172eb1affa02efacd-CDN/-23x24x/9116/n2r6gc/1bfa1eaa8b04ae6d4124fc3e33a6146f/_/download/contextbatch/js/_super/batch.js?locale=en-US:3634:56 @ https://wiki.one.int.sap/wiki/s/92d2c4742cba354172eb1affa02efacd-CDN/-23x24x/9116/n2r6gc/1bfa1eaa8b04ae6d4124fc3e33a6146f/_/download/contextbatch/js/_super/batch.js?locale=en-US:2576
[    1370ms] [WARNING] DEPRECATED undefined - AJS.params has been deprecated since 9.0.0 and will be removed in 10.0.0.  
     at O (https://wiki.one.int.sap/wiki/s/d768014809aa9e9356abc4f32fa3cf06-CDN/-23x24x/9116/n2r6gc/fa8ab6e9231284a06bf1fb80b856a1e4/_/download/contextbatch/js/atl.confluence.plugins.pagetree-desktop,main,page,viewcontent,atl.general,atl.comments,-_super/batch.js?analytics-enabled=false&cefp_collab_enabled=true&cefp_ed_perm=false&cefp_is_admin=false&gatekeeper-ui-v2=true&highlightactions=true&hostenabled=true&locale=en-US&table-resizable.breaking-text=false&theme.switcher=true&user-logged-in=true:39:46) @ https://wiki.one.int.sap/wiki/s/92d2c4742cba354172eb1affa02efacd-CDN/-23x24x/9116/n2r6gc/1bfa1eaa8b04ae6d4124fc3e33a6146f/_/download/contextbatch/js/_super/batch.js?locale=en-US:2576
[    1370ms] [WARNING] DEPRECATED JS - JQuery.fn.spin has been deprecated since 7.9.4 and will be removed in 10.0.0. Use <aui-spinner> instead.   
     at F (https://wiki.one.int.sap/wiki/s/d768014809aa9e9356abc4f32fa3cf06-CDN/-23x24x/9116/n2r6gc/fa8ab6e9231284a06bf1fb80b856a1e4/_/download/contextbatch/js/atl.confluence.plugins.pagetree-desktop,main,page,viewcontent,atl.general,atl.comments,-_super/batch.js?analytics-enabled=false&cefp_collab_enabled=true&cefp_ed_perm=false&cefp_is_admin=false&gatekeeper-ui-v2=true&highlightactions=true&hostenabled=true&locale=en-US&table-resizable.breaking-text=false&theme.switcher=true&user-logged-in=true:35:290) @ https://wiki.one.int.sap/wiki/s/92d2c4742cba354172eb1affa02efacd-CDN/-23x24x/9116/n2r6gc/1bfa1eaa8b04ae6d4124fc3e33a6146f/_/download/contextbatch/js/_super/batch.js?locale=en-US:2576
[    1370ms] [WARNING] DEPRECATED undefined - AJS.params has been deprecated since 9.0.0 and will be removed in 10.0.0.  
     at K (https://wiki.one.int.sap/wiki/s/d768014809aa9e9356abc4f32fa3cf06-CDN/-23x24x/9116/n2r6gc/fa8ab6e9231284a06bf1fb80b856a1e4/_/download/contextbatch/js/atl.confluence.plugins.pagetree-desktop,main,page,viewcontent,atl.general,atl.comments,-_super/batch.js?analytics-enabled=false&cefp_collab_enabled=true&cefp_ed_perm=false&cefp_is_admin=false&gatekeeper-ui-v2=true&highlightactions=true&hostenabled=true&locale=en-US&table-resizable.breaking-text=false&theme.switcher=true&user-logged-in=true:34:167) @ https://wiki.one.int.sap/wiki/s/92d2c4742cba354172eb1affa02efacd-CDN/-23x24x/9116/n2r6gc/1bfa1eaa8b04ae6d4124fc3e33a6146f/_/download/contextbatch/js/_super/batch.js?locale=en-US:2576
[    1372ms] [WARNING] DEPRECATED undefined - AJS.params has been deprecated since 9.0.0 and will be removed in 10.0.0.  
     at https://wiki.one.int.sap/wiki/s/d768014809aa9e9356abc4f32fa3cf06-CDN/-23x24x/9116/n2r6gc/fa8ab6e9231284a06bf1fb80b856a1e4/_/download/contextbatch/js/atl.confluence.plugins.pagetree-desktop,main,page,viewcontent,atl.general,atl.comments,-_super/batch.js?analytics-enabled=false&cefp_collab_enabled=true&cefp_ed_perm=false&cefp_is_admin=false&gatekeeper-ui-v2=true&highlightactions=true&hostenabled=true&locale=en-US&table-resizable.breaking-text=false&theme.switcher=true&user-logged-in=true:201:45 @ https://wiki.one.int.sap/wiki/s/92d2c4742cba354172eb1affa02efacd-CDN/-23x24x/9116/n2r6gc/1bfa1eaa8b04ae6d4124fc3e33a6146f/_/download/contextbatch/js/_super/batch.js?locale=en-US:2576
[    1372ms] [WARNING] DEPRECATED JS - AJS.debounce has been deprecated since 8.0.0 and will be removed in 10.0.0. Use equivalent functions from libraries like lodash / underscore instead  
     at q (https://wiki.one.int.sap/wiki/s/d768014809aa9e9356abc4f32fa3cf06-CDN/-23x24x/9116/n2r6gc/fa8ab6e9231284a06bf1fb80b856a1e4/_/download/contextbatch/js/atl.confluence.plugins.pagetree-desktop,main,page,viewcontent,atl.general,atl.comments,-_super/batch.js?analytics-enabled=false&cefp_collab_enabled=true&cefp_ed_perm=false&cefp_is_admin=false&gatekeeper-ui-v2=true&highlightactions=true&hostenabled=true&locale=en-US&table-resizable.breaking-text=false&theme.switcher=true&user-logged-in=true:935:292) @ https://wiki.one.int.sap/wiki/s/92d2c4742cba354172eb1affa02efacd-CDN/-23x24x/9116/n2r6gc/1bfa1eaa8b04ae6d4124fc3e33a6146f/_/download/contextbatch/js/_super/batch.js?locale=en-US:2576
[    1377ms] [WARNING] DEPRECATED JS - Inline dialog constructor has been deprecated and will be removed in a future release. Use inline dialog 2 instead.   
     at B (https://wiki.one.int.sap/wiki/s/d768014809aa9e9356abc4f32fa3cf06-CDN/-23x24x/9116/n2r6gc/fa8ab6e9231284a06bf1fb80b856a1e4/_/download/contextbatch/js/atl.confluence.plugins.pagetree-desktop,main,page,viewcontent,atl.general,atl.comments,-_super/batch.js?analytics-enabled=false&cefp_collab_enabled=true&cefp_ed_perm=false&cefp_is_admin=false&gatekeeper-ui-v2=true&highlightactions=true&hostenabled=true&locale=en-US&table-resizable.breaking-text=false&theme.switcher=true&user-logged-in=true:4907:362) @ https://wiki.one.int.sap/wiki/s/92d2c4742cba354172eb1affa02efacd-CDN/-23x24x/9116/n2r6gc/1bfa1eaa8b04ae6d4124fc3e33a6146f/_/download/contextbatch/js/_super/batch.js?locale=en-US:2576
[    1382ms] [WARNING] DEPRECATED undefined - AJS.params has been deprecated since 9.0.0 and will be removed in 10.0.0.  
     at Object.getParam (https://wiki.one.int.sap/wiki/s/d768014809aa9e9356abc4f32fa3cf06-CDN/-23x24x/9116/n2r6gc/fa8ab6e9231284a06bf1fb80b856a1e4/_/download/contextbatch/js/atl.confluence.plugins.pagetree-desktop,main,page,viewcontent,atl.general,atl.comments,-_super/batch.js?analytics-enabled=false&cefp_collab_enabled=true&cefp_ed_perm=false&cefp_is_admin=false&gatekeeper-ui-v2=true&highlightactions=true&hostenabled=true&locale=en-US&table-resizable.breaking-text=false&theme.switcher=true&user-logged-in=true:227:281) @ https://wiki.one.int.sap/wiki/s/92d2c4742cba354172eb1affa02efacd-CDN/-23x24x/9116/n2r6gc/1bfa1eaa8b04ae6d4124fc3e33a6146f/_/download/contextbatch/js/_super/batch.js?locale=en-US:2576
[    1382ms] [WARNING] DEPRECATED undefined - AJS.params has been deprecated since 9.0.0 and will be removed in 10.0.0.  
     at Object.getParam (https://wiki.one.int.sap/wiki/s/d768014809aa9e9356abc4f32fa3cf06-CDN/-23x24x/9116/n2r6gc/fa8ab6e9231284a06bf1fb80b856a1e4/_/download/contextbatch/js/atl.confluence.plugins.pagetree-desktop,main,page,viewcontent,atl.general,atl.comments,-_super/batch.js?analytics-enabled=false&cefp_collab_enabled=true&cefp_ed_perm=false&cefp_is_admin=false&gatekeeper-ui-v2=true&highlightactions=true&hostenabled=true&locale=en-US&table-resizable.breaking-text=false&theme.switcher=true&user-logged-in=true:227:281) @ https://wiki.one.int.sap/wiki/s/92d2c4742cba354172eb1affa02efacd-CDN/-23x24x/9116/n2r6gc/1bfa1eaa8b04ae6d4124fc3e33a6146f/_/download/contextbatch/js/_super/batch.js?locale=en-US:2576
[    1382ms] [WARNING] DEPRECATED undefined - AJS.params has been deprecated since 9.0.0 and will be removed in 10.0.0.  
     at Object.getParam (https://wiki.one.int.sap/wiki/s/d768014809aa9e9356abc4f32fa3cf06-CDN/-23x24x/9116/n2r6gc/fa8ab6e9231284a06bf1fb80b856a1e4/_/download/contextbatch/js/atl.confluence.plugins.pagetree-desktop,main,page,viewcontent,atl.general,atl.comments,-_super/batch.js?analytics-enabled=false&cefp_collab_enabled=true&cefp_ed_perm=false&cefp_is_admin=false&gatekeeper-ui-v2=true&highlightactions=true&hostenabled=true&locale=en-US&table-resizable.breaking-text=false&theme.switcher=true&user-logged-in=true:227:281) @ https://wiki.one.int.sap/wiki/s/92d2c4742cba354172eb1affa02efacd-CDN/-23x24x/9116/n2r6gc/1bfa1eaa8b04ae6d4124fc3e33a6146f/_/download/contextbatch/js/_super/batch.js?locale=en-US:2576
[    1382ms] [WARNING] DEPRECATED undefined - AJS.params has been deprecated since 9.0.0 and will be removed in 10.0.0.  
     at Object.getParam (https://wiki.one.int.sap/wiki/s/d768014809aa9e9356abc4f32fa3cf06-CDN/-23x24x/9116/n2r6gc/fa8ab6e9231284a06bf1fb80b856a1e4/_/download/contextbatch/js/atl.confluence.plugins.pagetree-desktop,main,page,viewcontent,atl.general,atl.comments,-_super/batch.js?analytics-enabled=false&cefp_collab_enabled=true&cefp_ed_perm=false&cefp_is_admin=false&gatekeeper-ui-v2=true&highlightactions=true&hostenabled=true&locale=en-US&table-resizable.breaking-text=false&theme.switcher=true&user-logged-in=true:227:281) @ https://wiki.one.int.sap/wiki/s/92d2c4742cba354172eb1affa02efacd-CDN/-23x24x/9116/n2r6gc/1bfa1eaa8b04ae6d4124fc3e33a6146f/_/download/contextbatch/js/_super/batch.js?locale=en-US:2576
[    1382ms] [WARNING] DEPRECATED undefined - AJS.params has been deprecated since 9.0.0 and will be removed in 10.0.0.  
     at Object.getParam (https://wiki.one.int.sap/wiki/s/d768014809aa9e9356abc4f32fa3cf06-CDN/-23x24x/9116/n2r6gc/fa8ab6e9231284a06bf1fb80b856a1e4/_/download/contextbatch/js/atl.confluence.plugins.pagetree-desktop,main,page,viewcontent,atl.general,atl.comments,-_super/batch.js?analytics-enabled=false&cefp_collab_enabled=true&cefp_ed_perm=false&cefp_is_admin=false&gatekeeper-ui-v2=true&highlightactions=true&hostenabled=true&locale=en-US&table-resizable.breaking-text=false&theme.switcher=true&user-logged-in=true:227:281) @ https://wiki.one.int.sap/wiki/s/92d2c4742cba354172eb1affa02efacd-CDN/-23x24x/9116/n2r6gc/1bfa1eaa8b04ae6d4124fc3e33a6146f/_/download/contextbatch/js/_super/batch.js?locale=en-US:2576
[    1383ms] [WARNING] DEPRECATED undefined - AJS.params has been deprecated since 9.0.0 and will be removed in 10.0.0.  
     at Object.getParam (https://wiki.one.int.sap/wiki/s/d768014809aa9e9356abc4f32fa3cf06-CDN/-23x24x/9116/n2r6gc/fa8ab6e9231284a06bf1fb80b856a1e4/_/download/contextbatch/js/atl.confluence.plugins.pagetree-desktop,main,page,viewcontent,atl.general,atl.comments,-_super/batch.js?analytics-enabled=false&cefp_collab_enabled=true&cefp_ed_perm=false&cefp_is_admin=false&gatekeeper-ui-v2=true&highlightactions=true&hostenabled=true&locale=en-US&table-resizable.breaking-text=false&theme.switcher=true&user-logged-in=true:227:281) @ https://wiki.one.int.sap/wiki/s/92d2c4742cba354172eb1affa02efacd-CDN/-23x24x/9116/n2r6gc/1bfa1eaa8b04ae6d4124fc3e33a6146f/_/download/contextbatch/js/_super/batch.js?locale=en-US:2576
[    1383ms] [WARNING] DEPRECATED undefined - AJS.params has been deprecated since 9.0.0 and will be removed in 10.0.0.  
     at Object.getParam (https://wiki.one.int.sap/wiki/s/d768014809aa9e9356abc4f32fa3cf06-CDN/-23x24x/9116/n2r6gc/fa8ab6e9231284a06bf1fb80b856a1e4/_/download/contextbatch/js/atl.confluence.plugins.pagetree-desktop,main,page,viewcontent,atl.general,atl.comments,-_super/batch.js?analytics-enabled=false&cefp_collab_enabled=true&cefp_ed_perm=false&cefp_is_admin=false&gatekeeper-ui-v2=true&highlightactions=true&hostenabled=true&locale=en-US&table-resizable.breaking-text=false&theme.switcher=true&user-logged-in=true:227:281) @ https://wiki.one.int.sap/wiki/s/92d2c4742cba354172eb1affa02efacd-CDN/-23x24x/9116/n2r6gc/1bfa1eaa8b04ae6d4124fc3e33a6146f/_/download/contextbatch/js/_super/batch.js?locale=en-US:2576
[    1383ms] [WARNING] DEPRECATED undefined - AJS.params has been deprecated since 9.0.0 and will be removed in 10.0.0.  
     at Object.getParam (https://wiki.one.int.sap/wiki/s/d768014809aa9e9356abc4f32fa3cf06-CDN/-23x24x/9116/n2r6gc/fa8ab6e9231284a06bf1fb80b856a1e4/_/download/contextbatch/js/atl.confluence.plugins.pagetree-desktop,main,page,viewcontent,atl.general,atl.comments,-_super/batch.js?analytics-enabled=false&cefp_collab_enabled=true&cefp_ed_perm=false&cefp_is_admin=false&gatekeeper-ui-v2=true&highlightactions=true&hostenabled=true&locale=en-US&table-resizable.breaking-text=false&theme.switcher=true&user-logged-in=true:227:281) @ https://wiki.one.int.sap/wiki/s/92d2c4742cba354172eb1affa02efacd-CDN/-23x24x/9116/n2r6gc/1bfa1eaa8b04ae6d4124fc3e33a6146f/_/download/contextbatch/js/_super/batch.js?locale=en-US:2576
[    1383ms] [WARNING] DEPRECATED undefined - AJS.params has been deprecated since 9.0.0 and will be removed in 10.0.0.  
     at Object.getParam (https://wiki.one.int.sap/wiki/s/d768014809aa9e9356abc4f32fa3cf06-CDN/-23x24x/9116/n2r6gc/fa8ab6e9231284a06bf1fb80b856a1e4/_/download/contextbatch/js/atl.confluence.plugins.pagetree-desktop,main,page,viewcontent,atl.general,atl.comments,-_super/batch.js?analytics-enabled=false&cefp_collab_enabled=true&cefp_ed_perm=false&cefp_is_admin=false&gatekeeper-ui-v2=true&highlightactions=true&hostenabled=true&locale=en-US&table-resizable.breaking-text=false&theme.switcher=true&user-logged-in=true:227:281) @ https://wiki.one.int.sap/wiki/s/92d2c4742cba354172eb1affa02efacd-CDN/-23x24x/9116/n2r6gc/1bfa1eaa8b04ae6d4124fc3e33a6146f/_/download/contextbatch/js/_super/batch.js?locale=en-US:2576
[    1383ms] [WARNING] DEPRECATED undefined - AJS.params has been deprecated since 9.0.0 and will be removed in 10.0.0.  
     at Object.getParam (https://wiki.one.int.sap/wiki/s/d768014809aa9e9356abc4f32fa3cf06-CDN/-23x24x/9116/n2r6gc/fa8ab6e9231284a06bf1fb80b856a1e4/_/download/contextbatch/js/atl.confluence.plugins.pagetree-desktop,main,page,viewcontent,atl.general,atl.comments,-_super/batch.js?analytics-enabled=false&cefp_collab_enabled=true&cefp_ed_perm=false&cefp_is_admin=false&gatekeeper-ui-v2=true&highlightactions=true&hostenabled=true&locale=en-US&table-resizable.breaking-text=false&theme.switcher=true&user-logged-in=true:227:281) @ https://wiki.one.int.sap/wiki/s/92d2c4742cba354172eb1affa02efacd-CDN/-23x24x/9116/n2r6gc/1bfa1eaa8b04ae6d4124fc3e33a6146f/_/download/contextbatch/js/_super/batch.js?locale=en-US:2576
[    1383ms] [WARNING] DEPRECATED undefined - AJS.params has been deprecated since 9.0.0 and will be removed in 10.0.0.  
     at Object.getParam (https://wiki.one.int.sap/wiki/s/d768014809aa9e9356abc4f32fa3cf06-CDN/-23x24x/9116/n2r6gc/fa8ab6e9231284a06bf1fb80b856a1e4/_/download/contextbatch/js/atl.confluence.plugins.pagetree-desktop,main,page,viewcontent,atl.general,atl.comments,-_super/batch.js?analytics-enabled=false&cefp_collab_enabled=true&cefp_ed_perm=false&cefp_is_admin=false&gatekeeper-ui-v2=true&highlightactions=true&hostenabled=true&locale=en-US&table-resizable.breaking-text=false&theme.switcher=true&user-logged-in=true:227:281) @ https://wiki.one.int.sap/wiki/s/92d2c4742cba354172eb1affa02efacd-CDN/-23x24x/9116/n2r6gc/1bfa1eaa8b04ae6d4124fc3e33a6146f/_/download/contextbatch/js/_super/batch.js?locale=en-US:2576
[    1383ms] [WARNING] DEPRECATED undefined - AJS.params has been deprecated since 9.0.0 and will be removed in 10.0.0.  
     at Object.getParam (https://wiki.one.int.sap/wiki/s/d768014809aa9e9356abc4f32fa3cf06-CDN/-23x24x/9116/n2r6gc/fa8ab6e9231284a06bf1fb80b856a1e4/_/download/contextbatch/js/atl.confluence.plugins.pagetree-desktop,main,page,viewcontent,atl.general,atl.comments,-_super/batch.js?analytics-enabled=false&cefp_collab_enabled=true&cefp_ed_perm=false&cefp_is_admin=false&gatekeeper-ui-v2=true&highlightactions=true&hostenabled=true&locale=en-US&table-resizable.breaking-text=false&theme.switcher=true&user-logged-in=true:227:281) @ https://wiki.one.int.sap/wiki/s/92d2c4742cba354172eb1affa02efacd-CDN/-23x24x/9116/n2r6gc/1bfa1eaa8b04ae6d4124fc3e33a6146f/_/download/contextbatch/js/_super/batch.js?locale=en-US:2576
[    1383ms] [WARNING] DEPRECATED undefined - AJS.params has been deprecated since 9.0.0 and will be removed in 10.0.0.  
     at Object.getParam (https://wiki.one.int.sap/wiki/s/d768014809aa9e9356abc4f32fa3cf06-CDN/-23x24x/9116/n2r6gc/fa8ab6e9231284a06bf1fb80b856a1e4/_/download/contextbatch/js/atl.confluence.plugins.pagetree-desktop,main,page,viewcontent,atl.general,atl.comments,-_super/batch.js?analytics-enabled=false&cefp_collab_enabled=true&cefp_ed_perm=false&cefp_is_admin=false&gatekeeper-ui-v2=true&highlightactions=true&hostenabled=true&locale=en-US&table-resizable.breaking-text=false&theme.switcher=true&user-logged-in=true:227:281) @ https://wiki.one.int.sap/wiki/s/92d2c4742cba354172eb1affa02efacd-CDN/-23x24x/9116/n2r6gc/1bfa1eaa8b04ae6d4124fc3e33a6146f/_/download/contextbatch/js/_super/batch.js?locale=en-US:2576
[    1383ms] [WARNING] DEPRECATED undefined - AJS.params has been deprecated since 9.0.0 and will be removed in 10.0.0.  
     at Object.getParam (https://wiki.one.int.sap/wiki/s/d768014809aa9e9356abc4f32fa3cf06-CDN/-23x24x/9116/n2r6gc/fa8ab6e9231284a06bf1fb80b856a1e4/_/download/contextbatch/js/atl.confluence.plugins.pagetree-desktop,main,page,viewcontent,atl.general,atl.comments,-_super/batch.js?analytics-enabled=false&cefp_collab_enabled=true&cefp_ed_perm=false&cefp_is_admin=false&gatekeeper-ui-v2=true&highlightactions=true&hostenabled=true&locale=en-US&table-resizable.breaking-text=false&theme.switcher=true&user-logged-in=true:227:281) @ https://wiki.one.int.sap/wiki/s/92d2c4742cba354172eb1affa02efacd-CDN/-23x24x/9116/n2r6gc/1bfa1eaa8b04ae6d4124fc3e33a6146f/_/download/contextbatch/js/_super/batch.js?locale=en-US:2576
[    1383ms] [WARNING] DEPRECATED undefined - AJS.params has been deprecated since 9.0.0 and will be removed in 10.0.0.  
     at Object.getParam (https://wiki.one.int.sap/wiki/s/d768014809aa9e9356abc4f32fa3cf06-CDN/-23x24x/9116/n2r6gc/fa8ab6e9231284a06bf1fb80b856a1e4/_/download/contextbatch/js/atl.confluence.plugins.pagetree-desktop,main,page,viewcontent,atl.general,atl.comments,-_super/batch.js?analytics-enabled=false&cefp_collab_enabled=true&cefp_ed_perm=false&cefp_is_admin=false&gatekeeper-ui-v2=true&highlightactions=true&hostenabled=true&locale=en-US&table-resizable.breaking-text=false&theme.switcher=true&user-logged-in=true:227:281) @ https://wiki.one.int.sap/wiki/s/92d2c4742cba354172eb1affa02efacd-CDN/-23x24x/9116/n2r6gc/1bfa1eaa8b04ae6d4124fc3e33a6146f/_/download/contextbatch/js/_super/batch.js?locale=en-US:2576
[    1383ms] [WARNING] DEPRECATED undefined - AJS.params has been deprecated since 9.0.0 and will be removed in 10.0.0.  
     at Object.getParam (https://wiki.one.int.sap/wiki/s/d768014809aa9e9356abc4f32fa3cf06-CDN/-23x24x/9116/n2r6gc/fa8ab6e9231284a06bf1fb80b856a1e4/_/download/contextbatch/js/atl.confluence.plugins.pagetree-desktop,main,page,viewcontent,atl.general,atl.comments,-_super/batch.js?analytics-enabled=false&cefp_collab_enabled=true&cefp_ed_perm=false&cefp_is_admin=false&gatekeeper-ui-v2=true&highlightactions=true&hostenabled=true&locale=en-US&table-resizable.breaking-text=false&theme.switcher=true&user-logged-in=true:227:281) @ https://wiki.one.int.sap/wiki/s/92d2c4742cba354172eb1affa02efacd-CDN/-23x24x/9116/n2r6gc/1bfa1eaa8b04ae6d4124fc3e33a6146f/_/download/contextbatch/js/_super/batch.js?locale=en-US:2576
[    1383ms] [WARNING] DEPRECATED undefined - AJS.params has been deprecated since 9.0.0 and will be removed in 10.0.0.  
     at Object.getParam (https://wiki.one.int.sap/wiki/s/d768014809aa9e9356abc4f32fa3cf06-CDN/-23x24x/9116/n2r6gc/fa8ab6e9231284a06bf1fb80b856a1e4/_/download/contextbatch/js/atl.confluence.plugins.pagetree-desktop,main,page,viewcontent,atl.general,atl.comments,-_super/batch.js?analytics-enabled=false&cefp_collab_enabled=true&cefp_ed_perm=false&cefp_is_admin=false&gatekeeper-ui-v2=true&highlightactions=true&hostenabled=true&locale=en-US&table-resizable.breaking-text=false&theme.switcher=true&user-logged-in=true:227:281) @ https://wiki.one.int.sap/wiki/s/92d2c4742cba354172eb1affa02efacd-CDN/-23x24x/9116/n2r6gc/1bfa1eaa8b04ae6d4124fc3e33a6146f/_/download/contextbatch/js/_super/batch.js?locale=en-US:2576
[    1383ms] [WARNING] DEPRECATED undefined - AJS.params has been deprecated since 9.0.0 and will be removed in 10.0.0.  
     at Object.getParam (https://wiki.one.int.sap/wiki/s/d768014809aa9e9356abc4f32fa3cf06-CDN/-23x24x/9116/n2r6gc/fa8ab6e9231284a06bf1fb80b856a1e4/_/download/contextbatch/js/atl.confluence.plugins.pagetree-desktop,main,page,viewcontent,atl.general,atl.comments,-_super/batch.js?analytics-enabled=false&cefp_collab_enabled=true&cefp_ed_perm=false&cefp_is_admin=false&gatekeeper-ui-v2=true&highlightactions=true&hostenabled=true&locale=en-US&table-resizable.breaking-text=false&theme.switcher=true&user-logged-in=true:227:281) @ https://wiki.one.int.sap/wiki/s/92d2c4742cba354172eb1affa02efacd-CDN/-23x24x/9116/n2r6gc/1bfa1eaa8b04ae6d4124fc3e33a6146f/_/download/contextbatch/js/_super/batch.js?locale=en-US:2576
[    1384ms] [WARNING] DEPRECATED undefined - AJS.params has been deprecated since 9.0.0 and will be removed in 10.0.0.  
     at Object.getParam (https://wiki.one.int.sap/wiki/s/d768014809aa9e9356abc4f32fa3cf06-CDN/-23x24x/9116/n2r6gc/fa8ab6e9231284a06bf1fb80b856a1e4/_/download/contextbatch/js/atl.confluence.plugins.pagetree-desktop,main,page,viewcontent,atl.general,atl.comments,-_super/batch.js?analytics-enabled=false&cefp_collab_enabled=true&cefp_ed_perm=false&cefp_is_admin=false&gatekeeper-ui-v2=true&highlightactions=true&hostenabled=true&locale=en-US&table-resizable.breaking-text=false&theme.switcher=true&user-logged-in=true:227:281) @ https://wiki.one.int.sap/wiki/s/92d2c4742cba354172eb1affa02efacd-CDN/-23x24x/9116/n2r6gc/1bfa1eaa8b04ae6d4124fc3e33a6146f/_/download/contextbatch/js/_super/batch.js?locale=en-US:2576
[    1385ms] [WARNING] DEPRECATED undefined - AJS.params has been deprecated since 9.0.0 and will be removed in 10.0.0.  
     at Object.getParam (https://wiki.one.int.sap/wiki/s/d768014809aa9e9356abc4f32fa3cf06-CDN/-23x24x/9116/n2r6gc/fa8ab6e9231284a06bf1fb80b856a1e4/_/download/contextbatch/js/atl.confluence.plugins.pagetree-desktop,main,page,viewcontent,atl.general,atl.comments,-_super/batch.js?analytics-enabled=false&cefp_collab_enabled=true&cefp_ed_perm=false&cefp_is_admin=false&gatekeeper-ui-v2=true&highlightactions=true&hostenabled=true&locale=en-US&table-resizable.breaking-text=false&theme.switcher=true&user-logged-in=true:227:281) @ https://wiki.one.int.sap/wiki/s/92d2c4742cba354172eb1affa02efacd-CDN/-23x24x/9116/n2r6gc/1bfa1eaa8b04ae6d4124fc3e33a6146f/_/download/contextbatch/js/_super/batch.js?locale=en-US:2576
[    1385ms] [WARNING] DEPRECATED undefined - AJS.params has been deprecated since 9.0.0 and will be removed in 10.0.0.  
     at Object.getParam (https://wiki.one.int.sap/wiki/s/d768014809aa9e9356abc4f32fa3cf06-CDN/-23x24x/9116/n2r6gc/fa8ab6e9231284a06bf1fb80b856a1e4/_/download/contextbatch/js/atl.confluence.plugins.pagetree-desktop,main,page,viewcontent,atl.general,atl.comments,-_super/batch.js?analytics-enabled=false&cefp_collab_enabled=true&cefp_ed_perm=false&cefp_is_admin=false&gatekeeper-ui-v2=true&highlightactions=true&hostenabled=true&locale=en-US&table-resizable.breaking-text=false&theme.switcher=true&user-logged-in=true:227:281) @ https://wiki.one.int.sap/wiki/s/92d2c4742cba354172eb1affa02efacd-CDN/-23x24x/9116/n2r6gc/1bfa1eaa8b04ae6d4124fc3e33a6146f/_/download/contextbatch/js/_super/batch.js?locale=en-US:2576
[    1385ms] [WARNING] DEPRECATED undefined - AJS.params has been deprecated since 9.0.0 and will be removed in 10.0.0.  
     at Object.getParam (https://wiki.one.int.sap/wiki/s/d768014809aa9e9356abc4f32fa3cf06-CDN/-23x24x/9116/n2r6gc/fa8ab6e9231284a06bf1fb80b856a1e4/_/download/contextbatch/js/atl.confluence.plugins.pagetree-desktop,main,page,viewcontent,atl.general,atl.comments,-_super/batch.js?analytics-enabled=false&cefp_collab_enabled=true&cefp_ed_perm=false&cefp_is_admin=false&gatekeeper-ui-v2=true&highlightactions=true&hostenabled=true&locale=en-US&table-resizable.breaking-text=false&theme.switcher=true&user-logged-in=true:227:281) @ https://wiki.one.int.sap/wiki/s/92d2c4742cba354172eb1affa02efacd-CDN/-23x24x/9116/n2r6gc/1bfa1eaa8b04ae6d4124fc3e33a6146f/_/download/contextbatch/js/_super/batch.js?locale=en-US:2576
[    1385ms] [WARNING] DEPRECATED undefined - AJS.params has been deprecated since 9.0.0 and will be removed in 10.0.0.  
     at Object.getParam (https://wiki.one.int.sap/wiki/s/d768014809aa9e9356abc4f32fa3cf06-CDN/-23x24x/9116/n2r6gc/fa8ab6e9231284a06bf1fb80b856a1e4/_/download/contextbatch/js/atl.confluence.plugins.pagetree-desktop,main,page,viewcontent,atl.general,atl.comments,-_super/batch.js?analytics-enabled=false&cefp_collab_enabled=true&cefp_ed_perm=false&cefp_is_admin=false&gatekeeper-ui-v2=true&highlightactions=true&hostenabled=true&locale=en-US&table-resizable.breaking-text=false&theme.switcher=true&user-logged-in=true:227:281) @ https://wiki.one.int.sap/wiki/s/92d2c4742cba354172eb1affa02efacd-CDN/-23x24x/9116/n2r6gc/1bfa1eaa8b04ae6d4124fc3e33a6146f/_/download/contextbatch/js/_super/batch.js?locale=en-US:2576
[    1385ms] [WARNING] DEPRECATED undefined - AJS.params has been deprecated since 9.0.0 and will be removed in 10.0.0.  
     at Object.getParam (https://wiki.one.int.sap/wiki/s/d768014809aa9e9356abc4f32fa3cf06-CDN/-23x24x/9116/n2r6gc/fa8ab6e9231284a06bf1fb80b856a1e4/_/download/contextbatch/js/atl.confluence.plugins.pagetree-desktop,main,page,viewcontent,atl.general,atl.comments,-_super/batch.js?analytics-enabled=false&cefp_collab_enabled=true&cefp_ed_perm=false&cefp_is_admin=false&gatekeeper-ui-v2=true&highlightactions=true&hostenabled=true&locale=en-US&table-resizable.breaking-text=false&theme.switcher=true&user-logged-in=true:227:281) @ https://wiki.one.int.sap/wiki/s/92d2c4742cba354172eb1affa02efacd-CDN/-23x24x/9116/n2r6gc/1bfa1eaa8b04ae6d4124fc3e33a6146f/_/download/contextbatch/js/_super/batch.js?locale=en-US:2576
[    1385ms] [WARNING] DEPRECATED undefined - AJS.params has been deprecated since 9.0.0 and will be removed in 10.0.0.  
     at Object.getParam (https://wiki.one.int.sap/wiki/s/d768014809aa9e9356abc4f32fa3cf06-CDN/-23x24x/9116/n2r6gc/fa8ab6e9231284a06bf1fb80b856a1e4/_/download/contextbatch/js/atl.confluence.plugins.pagetree-desktop,main,page,viewcontent,atl.general,atl.comments,-_super/batch.js?analytics-enabled=false&cefp_collab_enabled=true&cefp_ed_perm=false&cefp_is_admin=false&gatekeeper-ui-v2=true&highlightactions=true&hostenabled=true&locale=en-US&table-resizable.breaking-text=false&theme.switcher=true&user-logged-in=true:227:281) @ https://wiki.one.int.sap/wiki/s/92d2c4742cba354172eb1affa02efacd-CDN/-23x24x/9116/n2r6gc/1bfa1eaa8b04ae6d4124fc3e33a6146f/_/download/contextbatch/js/_super/batch.js?locale=en-US:2576
[    1385ms] [WARNING] DEPRECATED undefined - AJS.params has been deprecated since 9.0.0 and will be removed in 10.0.0.  
     at Object.getParam (https://wiki.one.int.sap/wiki/s/d768014809aa9e9356abc4f32fa3cf06-CDN/-23x24x/9116/n2r6gc/fa8ab6e9231284a06bf1fb80b856a1e4/_/download/contextbatch/js/atl.confluence.plugins.pagetree-desktop,main,page,viewcontent,atl.general,atl.comments,-_super/batch.js?analytics-enabled=false&cefp_collab_enabled=true&cefp_ed_perm=false&cefp_is_admin=false&gatekeeper-ui-v2=true&highlightactions=true&hostenabled=true&locale=en-US&table-resizable.breaking-text=false&theme.switcher=true&user-logged-in=true:227:281) @ https://wiki.one.int.sap/wiki/s/92d2c4742cba354172eb1affa02efacd-CDN/-23x24x/9116/n2r6gc/1bfa1eaa8b04ae6d4124fc3e33a6146f/_/download/contextbatch/js/_super/batch.js?locale=en-US:2576
[    1385ms] [WARNING] DEPRECATED undefined - AJS.params has been deprecated since 9.0.0 and will be removed in 10.0.0.  
     at Object.getParam (https://wiki.one.int.sap/wiki/s/d768014809aa9e9356abc4f32fa3cf06-CDN/-23x24x/9116/n2r6gc/fa8ab6e9231284a06bf1fb80b856a1e4/_/download/contextbatch/js/atl.confluence.plugins.pagetree-desktop,main,page,viewcontent,atl.general,atl.comments,-_super/batch.js?analytics-enabled=false&cefp_collab_enabled=true&cefp_ed_perm=false&cefp_is_admin=false&gatekeeper-ui-v2=true&highlightactions=true&hostenabled=true&locale=en-US&table-resizable.breaking-text=false&theme.switcher=true&user-logged-in=true:227:281) @ https://wiki.one.int.sap/wiki/s/92d2c4742cba354172eb1affa02efacd-CDN/-23x24x/9116/n2r6gc/1bfa1eaa8b04ae6d4124fc3e33a6146f/_/download/contextbatch/js/_super/batch.js?locale=en-US:2576
[    1385ms] [WARNING] DEPRECATED undefined - AJS.params has been deprecated since 9.0.0 and will be removed in 10.0.0.  
     at Object.getParam (https://wiki.one.int.sap/wiki/s/d768014809aa9e9356abc4f32fa3cf06-CDN/-23x24x/9116/n2r6gc/fa8ab6e9231284a06bf1fb80b856a1e4/_/download/contextbatch/js/atl.confluence.plugins.pagetree-desktop,main,page,viewcontent,atl.general,atl.comments,-_super/batch.js?analytics-enabled=false&cefp_collab_enabled=true&cefp_ed_perm=false&cefp_is_admin=false&gatekeeper-ui-v2=true&highlightactions=true&hostenabled=true&locale=en-US&table-resizable.breaking-text=false&theme.switcher=true&user-logged-in=true:227:281) @ https://wiki.one.int.sap/wiki/s/92d2c4742cba354172eb1affa02efacd-CDN/-23x24x/9116/n2r6gc/1bfa1eaa8b04ae6d4124fc3e33a6146f/_/download/contextbatch/js/_super/batch.js?locale=en-US:2576
[    1385ms] [WARNING] DEPRECATED undefined - AJS.params has been deprecated since 9.0.0 and will be removed in 10.0.0.  
     at Object.getParam (https://wiki.one.int.sap/wiki/s/d768014809aa9e9356abc4f32fa3cf06-CDN/-23x24x/9116/n2r6gc/fa8ab6e9231284a06bf1fb80b856a1e4/_/download/contextbatch/js/atl.confluence.plugins.pagetree-desktop,main,page,viewcontent,atl.general,atl.comments,-_super/batch.js?analytics-enabled=false&cefp_collab_enabled=true&cefp_ed_perm=false&cefp_is_admin=false&gatekeeper-ui-v2=true&highlightactions=true&hostenabled=true&locale=en-US&table-resizable.breaking-text=false&theme.switcher=true&user-logged-in=true:227:281) @ https://wiki.one.int.sap/wiki/s/92d2c4742cba354172eb1affa02efacd-CDN/-23x24x/9116/n2r6gc/1bfa1eaa8b04ae6d4124fc3e33a6146f/_/download/contextbatch/js/_super/batch.js?locale=en-US:2576
[    1385ms] [WARNING] DEPRECATED undefined - AJS.params has been deprecated since 9.0.0 and will be removed in 10.0.0.  
     at Object.getParam (https://wiki.one.int.sap/wiki/s/d768014809aa9e9356abc4f32fa3cf06-CDN/-23x24x/9116/n2r6gc/fa8ab6e9231284a06bf1fb80b856a1e4/_/download/contextbatch/js/atl.confluence.plugins.pagetree-desktop,main,page,viewcontent,atl.general,atl.comments,-_super/batch.js?analytics-enabled=false&cefp_collab_enabled=true&cefp_ed_perm=false&cefp_is_admin=false&gatekeeper-ui-v2=true&highlightactions=true&hostenabled=true&locale=en-US&table-resizable.breaking-text=false&theme.switcher=true&user-logged-in=true:227:281) @ https://wiki.one.int.sap/wiki/s/92d2c4742cba354172eb1affa02efacd-CDN/-23x24x/9116/n2r6gc/1bfa1eaa8b04ae6d4124fc3e33a6146f/_/download/contextbatch/js/_super/batch.js?locale=en-US:2576
[    1385ms] [WARNING] DEPRECATED undefined - AJS.params has been deprecated since 9.0.0 and will be removed in 10.0.0.  
     at Object.getParam (https://wiki.one.int.sap/wiki/s/d768014809aa9e9356abc4f32fa3cf06-CDN/-23x24x/9116/n2r6gc/fa8ab6e9231284a06bf1fb80b856a1e4/_/download/contextbatch/js/atl.confluence.plugins.pagetree-desktop,main,page,viewcontent,atl.general,atl.comments,-_super/batch.js?analytics-enabled=false&cefp_collab_enabled=true&cefp_ed_perm=false&cefp_is_admin=false&gatekeeper-ui-v2=true&highlightactions=true&hostenabled=true&locale=en-US&table-resizable.breaking-text=false&theme.switcher=true&user-logged-in=true:227:281) @ https://wiki.one.int.sap/wiki/s/92d2c4742cba354172eb1affa02efacd-CDN/-23x24x/9116/n2r6gc/1bfa1eaa8b04ae6d4124fc3e33a6146f/_/download/contextbatch/js/_super/batch.js?locale=en-US:2576
[    1386ms] [WARNING] DEPRECATED undefined - AJS.params has been deprecated since 9.0.0 and will be removed in 10.0.0.  
     at Object.getParam (https://wiki.one.int.sap/wiki/s/d768014809aa9e9356abc4f32fa3cf06-CDN/-23x24x/9116/n2r6gc/fa8ab6e9231284a06bf1fb80b856a1e4/_/download/contextbatch/js/atl.confluence.plugins.pagetree-desktop,main,page,viewcontent,atl.general,atl.comments,-_super/batch.js?analytics-enabled=false&cefp_collab_enabled=true&cefp_ed_perm=false&cefp_is_admin=false&gatekeeper-ui-v2=true&highlightactions=true&hostenabled=true&locale=en-US&table-resizable.breaking-text=false&theme.switcher=true&user-logged-in=true:227:281) @ https://wiki.one.int.sap/wiki/s/92d2c4742cba354172eb1affa02efacd-CDN/-23x24x/9116/n2r6gc/1bfa1eaa8b04ae6d4124fc3e33a6146f/_/download/contextbatch/js/_super/batch.js?locale=en-US:2576
[    1386ms] [WARNING] DEPRECATED undefined - AJS.params has been deprecated since 9.0.0 and will be removed in 10.0.0.  
     at Object.getParam (https://wiki.one.int.sap/wiki/s/d768014809aa9e9356abc4f32fa3cf06-CDN/-23x24x/9116/n2r6gc/fa8ab6e9231284a06bf1fb80b856a1e4/_/download/contextbatch/js/atl.confluence.plugins.pagetree-desktop,main,page,viewcontent,atl.general,atl.comments,-_super/batch.js?analytics-enabled=false&cefp_collab_enabled=true&cefp_ed_perm=false&cefp_is_admin=false&gatekeeper-ui-v2=true&highlightactions=true&hostenabled=true&locale=en-US&table-resizable.breaking-text=false&theme.switcher=true&user-logged-in=true:227:281) @ https://wiki.one.int.sap/wiki/s/92d2c4742cba354172eb1affa02efacd-CDN/-23x24x/9116/n2r6gc/1bfa1eaa8b04ae6d4124fc3e33a6146f/_/download/contextbatch/js/_super/batch.js?locale=en-US:2576
[    1386ms] [WARNING] DEPRECATED undefined - AJS.params has been deprecated since 9.0.0 and will be removed in 10.0.0.  
     at Object.getParam (https://wiki.one.int.sap/wiki/s/d768014809aa9e9356abc4f32fa3cf06-CDN/-23x24x/9116/n2r6gc/fa8ab6e9231284a06bf1fb80b856a1e4/_/download/contextbatch/js/atl.confluence.plugins.pagetree-desktop,main,page,viewcontent,atl.general,atl.comments,-_super/batch.js?analytics-enabled=false&cefp_collab_enabled=true&cefp_ed_perm=false&cefp_is_admin=false&gatekeeper-ui-v2=true&highlightactions=true&hostenabled=true&locale=en-US&table-resizable.breaking-text=false&theme.switcher=true&user-logged-in=true:227:281) @ https://wiki.one.int.sap/wiki/s/92d2c4742cba354172eb1affa02efacd-CDN/-23x24x/9116/n2r6gc/1bfa1eaa8b04ae6d4124fc3e33a6146f/_/download/contextbatch/js/_super/batch.js?locale=en-US:2576
[    1386ms] [WARNING] DEPRECATED undefined - AJS.params has been deprecated since 9.0.0 and will be removed in 10.0.0.  
     at Object.getParam (https://wiki.one.int.sap/wiki/s/d768014809aa9e9356abc4f32fa3cf06-CDN/-23x24x/9116/n2r6gc/fa8ab6e9231284a06bf1fb80b856a1e4/_/download/contextbatch/js/atl.confluence.plugins.pagetree-desktop,main,page,viewcontent,atl.general,atl.comments,-_super/batch.js?analytics-enabled=false&cefp_collab_enabled=true&cefp_ed_perm=false&cefp_is_admin=false&gatekeeper-ui-v2=true&highlightactions=true&hostenabled=true&locale=en-US&table-resizable.breaking-text=false&theme.switcher=true&user-logged-in=true:227:281) @ https://wiki.one.int.sap/wiki/s/92d2c4742cba354172eb1affa02efacd-CDN/-23x24x/9116/n2r6gc/1bfa1eaa8b04ae6d4124fc3e33a6146f/_/download/contextbatch/js/_super/batch.js?locale=en-US:2576
[    1386ms] [WARNING] DEPRECATED undefined - AJS.params has been deprecated since 9.0.0 and will be removed in 10.0.0.  
     at Object.getParam (https://wiki.one.int.sap/wiki/s/d768014809aa9e9356abc4f32fa3cf06-CDN/-23x24x/9116/n2r6gc/fa8ab6e9231284a06bf1fb80b856a1e4/_/download/contextbatch/js/atl.confluence.plugins.pagetree-desktop,main,page,viewcontent,atl.general,atl.comments,-_super/batch.js?analytics-enabled=false&cefp_collab_enabled=true&cefp_ed_perm=false&cefp_is_admin=false&gatekeeper-ui-v2=true&highlightactions=true&hostenabled=true&locale=en-US&table-resizable.breaking-text=false&theme.switcher=true&user-logged-in=true:227:281) @ https://wiki.one.int.sap/wiki/s/92d2c4742cba354172eb1affa02efacd-CDN/-23x24x/9116/n2r6gc/1bfa1eaa8b04ae6d4124fc3e33a6146f/_/download/contextbatch/js/_super/batch.js?locale=en-US:2576
[    1386ms] [WARNING] DEPRECATED undefined - AJS.params has been deprecated since 9.0.0 and will be removed in 10.0.0.  
     at Object.getParam (https://wiki.one.int.sap/wiki/s/d768014809aa9e9356abc4f32fa3cf06-CDN/-23x24x/9116/n2r6gc/fa8ab6e9231284a06bf1fb80b856a1e4/_/download/contextbatch/js/atl.confluence.plugins.pagetree-desktop,main,page,viewcontent,atl.general,atl.comments,-_super/batch.js?analytics-enabled=false&cefp_collab_enabled=true&cefp_ed_perm=false&cefp_is_admin=false&gatekeeper-ui-v2=true&highlightactions=true&hostenabled=true&locale=en-US&table-resizable.breaking-text=false&theme.switcher=true&user-logged-in=true:227:281) @ https://wiki.one.int.sap/wiki/s/92d2c4742cba354172eb1affa02efacd-CDN/-23x24x/9116/n2r6gc/1bfa1eaa8b04ae6d4124fc3e33a6146f/_/download/contextbatch/js/_super/batch.js?locale=en-US:2576
[    1386ms] [WARNING] DEPRECATED undefined - AJS.params has been deprecated since 9.0.0 and will be removed in 10.0.0.  
     at Object.getParam (https://wiki.one.int.sap/wiki/s/d768014809aa9e9356abc4f32fa3cf06-CDN/-23x24x/9116/n2r6gc/fa8ab6e9231284a06bf1fb80b856a1e4/_/download/contextbatch/js/atl.confluence.plugins.pagetree-desktop,main,page,viewcontent,atl.general,atl.comments,-_super/batch.js?analytics-enabled=false&cefp_collab_enabled=true&cefp_ed_perm=false&cefp_is_admin=false&gatekeeper-ui-v2=true&highlightactions=true&hostenabled=true&locale=en-US&table-resizable.breaking-text=false&theme.switcher=true&user-logged-in=true:227:281) @ https://wiki.one.int.sap/wiki/s/92d2c4742cba354172eb1affa02efacd-CDN/-23x24x/9116/n2r6gc/1bfa1eaa8b04ae6d4124fc3e33a6146f/_/download/contextbatch/js/_super/batch.js?locale=en-US:2576
[    1386ms] [WARNING] DEPRECATED undefined - AJS.params has been deprecated since 9.0.0 and will be removed in 10.0.0.  
     at Object.getParam (https://wiki.one.int.sap/wiki/s/d768014809aa9e9356abc4f32fa3cf06-CDN/-23x24x/9116/n2r6gc/fa8ab6e9231284a06bf1fb80b856a1e4/_/download/contextbatch/js/atl.confluence.plugins.pagetree-desktop,main,page,viewcontent,atl.general,atl.comments,-_super/batch.js?analytics-enabled=false&cefp_collab_enabled=true&cefp_ed_perm=false&cefp_is_admin=false&gatekeeper-ui-v2=true&highlightactions=true&hostenabled=true&locale=en-US&table-resizable.breaking-text=false&theme.switcher=true&user-logged-in=true:227:281) @ https://wiki.one.int.sap/wiki/s/92d2c4742cba354172eb1affa02efacd-CDN/-23x24x/9116/n2r6gc/1bfa1eaa8b04ae6d4124fc3e33a6146f/_/download/contextbatch/js/_super/batch.js?locale=en-US:2576
[    1386ms] [WARNING] DEPRECATED undefined - AJS.params has been deprecated since 9.0.0 and will be removed in 10.0.0.  
     at Object.getParam (https://wiki.one.int.sap/wiki/s/d768014809aa9e9356abc4f32fa3cf06-CDN/-23x24x/9116/n2r6gc/fa8ab6e9231284a06bf1fb80b856a1e4/_/download/contextbatch/js/atl.confluence.plugins.pagetree-desktop,main,page,viewcontent,atl.general,atl.comments,-_super/batch.js?analytics-enabled=false&cefp_collab_enabled=true&cefp_ed_perm=false&cefp_is_admin=false&gatekeeper-ui-v2=true&highlightactions=true&hostenabled=true&locale=en-US&table-resizable.breaking-text=false&theme.switcher=true&user-logged-in=true:227:281) @ https://wiki.one.int.sap/wiki/s/92d2c4742cba354172eb1affa02efacd-CDN/-23x24x/9116/n2r6gc/1bfa1eaa8b04ae6d4124fc3e33a6146f/_/download/contextbatch/js/_super/batch.js?locale=en-US:2576
[    1386ms] [WARNING] DEPRECATED undefined - AJS.params has been deprecated since 9.0.0 and will be removed in 10.0.0.  
     at Object.getParam (https://wiki.one.int.sap/wiki/s/d768014809aa9e9356abc4f32fa3cf06-CDN/-23x24x/9116/n2r6gc/fa8ab6e9231284a06bf1fb80b856a1e4/_/download/contextbatch/js/atl.confluence.plugins.pagetree-desktop,main,page,viewcontent,atl.general,atl.comments,-_super/batch.js?analytics-enabled=false&cefp_collab_enabled=true&cefp_ed_perm=false&cefp_is_admin=false&gatekeeper-ui-v2=true&highlightactions=true&hostenabled=true&locale=en-US&table-resizable.breaking-text=false&theme.switcher=true&user-logged-in=true:227:281) @ https://wiki.one.int.sap/wiki/s/92d2c4742cba354172eb1affa02efacd-CDN/-23x24x/9116/n2r6gc/1bfa1eaa8b04ae6d4124fc3e33a6146f/_/download/contextbatch/js/_super/batch.js?locale=en-US:2576
[    1386ms] [WARNING] DEPRECATED undefined - AJS.params has been deprecated since 9.0.0 and will be removed in 10.0.0.  
     at Object.getParam (https://wiki.one.int.sap/wiki/s/d768014809aa9e9356abc4f32fa3cf06-CDN/-23x24x/9116/n2r6gc/fa8ab6e9231284a06bf1fb80b856a1e4/_/download/contextbatch/js/atl.confluence.plugins.pagetree-desktop,main,page,viewcontent,atl.general,atl.comments,-_super/batch.js?analytics-enabled=false&cefp_collab_enabled=true&cefp_ed_perm=false&cefp_is_admin=false&gatekeeper-ui-v2=true&highlightactions=true&hostenabled=true&locale=en-US&table-resizable.breaking-text=false&theme.switcher=true&user-logged-in=true:227:281) @ https://wiki.one.int.sap/wiki/s/92d2c4742cba354172eb1affa02efacd-CDN/-23x24x/9116/n2r6gc/1bfa1eaa8b04ae6d4124fc3e33a6146f/_/download/contextbatch/js/_super/batch.js?locale=en-US:2576
[    1387ms] [WARNING] DEPRECATED JS - AJS.debounce has been deprecated since 8.0.0 and will be removed in 10.0.0. Use equivalent functions from libraries like lodash / underscore instead  
     at https://wiki.one.int.sap/wiki/s/d768014809aa9e9356abc4f32fa3cf06-CDN/-23x24x/9116/n2r6gc/fa8ab6e9231284a06bf1fb80b856a1e4/_/download/contextbatch/js/atl.confluence.plugins.pagetree-desktop,main,page,viewcontent,atl.general,atl.comments,-_super/batch.js?analytics-enabled=false&cefp_collab_enabled=true&cefp_ed_perm=false&cefp_is_admin=false&gatekeeper-ui-v2=true&highlightactions=true&hostenabled=true&locale=en-US&table-resizable.breaking-text=false&theme.switcher=true&user-logged-in=true:1439:377 @ https://wiki.one.int.sap/wiki/s/92d2c4742cba354172eb1affa02efacd-CDN/-23x24x/9116/n2r6gc/1bfa1eaa8b04ae6d4124fc3e33a6146f/_/download/contextbatch/js/_super/batch.js?locale=en-US:2576
[    1387ms] [WARNING] DEPRECATED JS - AJS.debounceImmediate has been deprecated since 8.0.0 and will be removed in 10.0.0. Use equivalent functions from libraries like lodash / underscore instead  
     at https://wiki.one.int.sap/wiki/s/d768014809aa9e9356abc4f32fa3cf06-CDN/-23x24x/9116/n2r6gc/fa8ab6e9231284a06bf1fb80b856a1e4/_/download/contextbatch/js/atl.confluence.plugins.pagetree-desktop,main,page,viewcontent,atl.general,atl.comments,-_super/batch.js?analytics-enabled=false&cefp_collab_enabled=true&cefp_ed_perm=false&cefp_is_admin=false&gatekeeper-ui-v2=true&highlightactions=true&hostenabled=true&locale=en-US&table-resizable.breaking-text=false&theme.switcher=true&user-logged-in=true:1439:455 @ https://wiki.one.int.sap/wiki/s/92d2c4742cba354172eb1affa02efacd-CDN/-23x24x/9116/n2r6gc/1bfa1eaa8b04ae6d4124fc3e33a6146f/_/download/contextbatch/js/_super/batch.js?locale=en-US:2576
[    1387ms] [WARNING] Remove legacy sidebar code when upgrade to AUI 5.8+ @ https://wiki.one.int.sap/wiki/s/92d2c4742cba354172eb1affa02efacd-CDN/-23x24x/9116/n2r6gc/1bfa1eaa8b04ae6d4124fc3e33a6146f/_/download/contextbatch/js/_super/batch.js?locale=en-US:2581
[    1418ms] [LOG] [WRM] [handler] Downloading resources [js!/wiki/s/d41d8cd98f00b204e9800998ecf8427e-CDN/-2…ext=false&theme.switcher=true&user-logged-in=true, js!/wiki/s/61f4ec5c93800775c916150d1014c62f-CDN/-2…sian.auiplugin:7498,-_super/batch.js?locale=en-US] @ https://wiki.one.int.sap/wiki/s/92d2c4742cba354172eb1affa02efacd-CDN/-23x24x/9116/n2r6gc/1bfa1eaa8b04ae6d4124fc3e33a6146f/_/download/contextbatch/js/_super/batch.js?locale=en-US:21
[    1432ms] [LOG] [BM] Collector installed @ https://wiki.one.int.sap/wiki/s/d41d8cd98f00b204e9800998ecf8427e-CDN/-23x24x/9116/n2r6gc/e4410f6bf3bb4c5006bf70387e5ddf3f/_/download/contextbatch/js/browser-metrics-plugin.contrib,-_super,-atl.general,-viewcontent,-page/batch.js?analytics-enabled=false&cefp_collab_enabled=true&cefp_ed_perm=false&cefp_is_admin=false&gatekeeper-ui-v2=true&highlightactions=true&hostenabled=true&table-resizable.breaking-text=false&theme.switcher=true&user-logged-in=true:87
[    1819ms] [WARNING] DEPRECATED JS - Inline dialog constructor has been deprecated and will be removed in a future release. Use inline dialog 2 instead.   
     at r (https://wiki.one.int.sap/wiki/s/d768014809aa9e9356abc4f32fa3cf06-CDN/-23x24x/9116/n2r6gc/fa8ab6e9231284a06bf1fb80b856a1e4/_/download/contextbatch/js/atl.confluence.plugins.pagetree-desktop,main,page,viewcontent,atl.general,atl.comments,-_super/batch.js?analytics-enabled=false&cefp_collab_enabled=true&cefp_ed_perm=false&cefp_is_admin=false&gatekeeper-ui-v2=true&highlightactions=true&hostenabled=true&locale=en-US&table-resizable.breaking-text=false&theme.switcher=true&user-logged-in=true:169:239) @ https://wiki.one.int.sap/wiki/s/92d2c4742cba354172eb1affa02efacd-CDN/-23x24x/9116/n2r6gc/1bfa1eaa8b04ae6d4124fc3e33a6146f/_/download/contextbatch/js/_super/batch.js?locale=en-US:2576
[    1836ms] [WARNING] DEPRECATED undefined - AJS.params has been deprecated since 9.0.0 and will be removed in 10.0.0.  
     at HTMLMetaElement.<anonymous> (https://wiki.one.int.sap/wiki/s/92d2c4742cba354172eb1affa02efacd-CDN/-23x24x/9116/n2r6gc/1bfa1eaa8b04ae6d4124fc3e33a6146f/_/download/contextbatch/js/_super/batch.js?locale=en-US:2852:304) @ https://wiki.one.int.sap/wiki/s/92d2c4742cba354172eb1affa02efacd-CDN/-23x24x/9116/n2r6gc/1bfa1eaa8b04ae6d4124fc3e33a6146f/_/download/contextbatch/js/_super/batch.js?locale=en-US:2576
[    1836ms] [WARNING] DEPRECATED undefined - AJS.params has been deprecated since 9.0.0 and will be removed in 10.0.0.  
     at HTMLMetaElement.<anonymous> (https://wiki.one.int.sap/wiki/s/92d2c4742cba354172eb1affa02efacd-CDN/-23x24x/9116/n2r6gc/1bfa1eaa8b04ae6d4124fc3e33a6146f/_/download/contextbatch/js/_super/batch.js?locale=en-US:2852:304) @ https://wiki.one.int.sap/wiki/s/92d2c4742cba354172eb1affa02efacd-CDN/-23x24x/9116/n2r6gc/1bfa1eaa8b04ae6d4124fc3e33a6146f/_/download/contextbatch/js/_super/batch.js?locale=en-US:2576
[    1836ms] [WARNING] DEPRECATED undefined - AJS.params has been deprecated since 9.0.0 and will be removed in 10.0.0.  
     at HTMLMetaElement.<anonymous> (https://wiki.one.int.sap/wiki/s/92d2c4742cba354172eb1affa02efacd-CDN/-23x24x/9116/n2r6gc/1bfa1eaa8b04ae6d4124fc3e33a6146f/_/download/contextbatch/js/_super/batch.js?locale=en-US:2852:304) @ https://wiki.one.int.sap/wiki/s/92d2c4742cba354172eb1affa02efacd-CDN/-23x24x/9116/n2r6gc/1bfa1eaa8b04ae6d4124fc3e33a6146f/_/download/contextbatch/js/_super/batch.js?locale=en-US:2576
[    1836ms] [WARNING] DEPRECATED undefined - AJS.params has been deprecated since 9.0.0 and will be removed in 10.0.0.  
     at HTMLMetaElement.<anonymous> (https://wiki.one.int.sap/wiki/s/92d2c4742cba354172eb1affa02efacd-CDN/-23x24x/9116/n2r6gc/1bfa1eaa8b04ae6d4124fc3e33a6146f/_/download/contextbatch/js/_super/batch.js?locale=en-US:2852:304) @ https://wiki.one.int.sap/wiki/s/92d2c4742cba354172eb1affa02efacd-CDN/-23x24x/9116/n2r6gc/1bfa1eaa8b04ae6d4124fc3e33a6146f/_/download/contextbatch/js/_super/batch.js?locale=en-US:2576
[    1836ms] [WARNING] DEPRECATED undefined - AJS.params has been deprecated since 9.0.0 and will be removed in 10.0.0.  
     at HTMLMetaElement.<anonymous> (https://wiki.one.int.sap/wiki/s/92d2c4742cba354172eb1affa02efacd-CDN/-23x24x/9116/n2r6gc/1bfa1eaa8b04ae6d4124fc3e33a6146f/_/download/contextbatch/js/_super/batch.js?locale=en-US:2852:304) @ https://wiki.one.int.sap/wiki/s/92d2c4742cba354172eb1affa02efacd-CDN/-23x24x/9116/n2r6gc/1bfa1eaa8b04ae6d4124fc3e33a6146f/_/download/contextbatch/js/_super/batch.js?locale=en-US:2576
[    1836ms] [WARNING] DEPRECATED undefined - AJS.params has been deprecated since 9.0.0 and will be removed in 10.0.0.  
     at HTMLMetaElement.<anonymous> (https://wiki.one.int.sap/wiki/s/92d2c4742cba354172eb1affa02efacd-CDN/-23x24x/9116/n2r6gc/1bfa1eaa8b04ae6d4124fc3e33a6146f/_/download/contextbatch/js/_super/batch.js?locale=en-US:2852:304) @ https://wiki.one.int.sap/wiki/s/92d2c4742cba354172eb1affa02efacd-CDN/-23x24x/9116/n2r6gc/1bfa1eaa8b04ae6d4124fc3e33a6146f/_/download/contextbatch/js/_super/batch.js?locale=en-US:2576
[    1836ms] [WARNING] DEPRECATED undefined - AJS.params has been deprecated since 9.0.0 and will be removed in 10.0.0.  
     at HTMLMetaElement.<anonymous> (https://wiki.one.int.sap/wiki/s/92d2c4742cba354172eb1affa02efacd-CDN/-23x24x/9116/n2r6gc/1bfa1eaa8b04ae6d4124fc3e33a6146f/_/download/contextbatch/js/_super/batch.js?locale=en-US:2852:304) @ https://wiki.one.int.sap/wiki/s/92d2c4742cba354172eb1affa02efacd-CDN/-23x24x/9116/n2r6gc/1bfa1eaa8b04ae6d4124fc3e33a6146f/_/download/contextbatch/js/_super/batch.js?locale=en-US:2576
[    1836ms] [WARNING] DEPRECATED undefined - AJS.params has been deprecated since 9.0.0 and will be removed in 10.0.0.  
     at HTMLMetaElement.<anonymous> (https://wiki.one.int.sap/wiki/s/92d2c4742cba354172eb1affa02efacd-CDN/-23x24x/9116/n2r6gc/1bfa1eaa8b04ae6d4124fc3e33a6146f/_/download/contextbatch/js/_super/batch.js?locale=en-US:2852:304) @ https://wiki.one.int.sap/wiki/s/92d2c4742cba354172eb1affa02efacd-CDN/-23x24x/9116/n2r6gc/1bfa1eaa8b04ae6d4124fc3e33a6146f/_/download/contextbatch/js/_super/batch.js?locale=en-US:2576
[    1836ms] [WARNING] DEPRECATED undefined - AJS.params has been deprecated since 9.0.0 and will be removed in 10.0.0.  
     at HTMLMetaElement.<anonymous> (https://wiki.one.int.sap/wiki/s/92d2c4742cba354172eb1affa02efacd-CDN/-23x24x/9116/n2r6gc/1bfa1eaa8b04ae6d4124fc3e33a6146f/_/download/contextbatch/js/_super/batch.js?locale=en-US:2852:304) @ https://wiki.one.int.sap/wiki/s/92d2c4742cba354172eb1affa02efacd-CDN/-23x24x/9116/n2r6gc/1bfa1eaa8b04ae6d4124fc3e33a6146f/_/download/contextbatch/js/_super/batch.js?locale=en-US:2576
[    1836ms] [WARNING] DEPRECATED undefined - AJS.params has been deprecated since 9.0.0 and will be removed in 10.0.0.  
     at HTMLMetaElement.<anonymous> (https://wiki.one.int.sap/wiki/s/92d2c4742cba354172eb1affa02efacd-CDN/-23x24x/9116/n2r6gc/1bfa1eaa8b04ae6d4124fc3e33a6146f/_/download/contextbatch/js/_super/batch.js?locale=en-US:2852:304) @ https://wiki.one.int.sap/wiki/s/92d2c4742cba354172eb1affa02efacd-CDN/-23x24x/9116/n2r6gc/1bfa1eaa8b04ae6d4124fc3e33a6146f/_/download/contextbatch/js/_super/batch.js?locale=en-US:2576
[    1836ms] [WARNING] DEPRECATED undefined - AJS.params has been deprecated since 9.0.0 and will be removed in 10.0.0.  
     at HTMLMetaElement.<anonymous> (https://wiki.one.int.sap/wiki/s/92d2c4742cba354172eb1affa02efacd-CDN/-23x24x/9116/n2r6gc/1bfa1eaa8b04ae6d4124fc3e33a6146f/_/download/contextbatch/js/_super/batch.js?locale=en-US:2852:304) @ https://wiki.one.int.sap/wiki/s/92d2c4742cba354172eb1affa02efacd-CDN/-23x24x/9116/n2r6gc/1bfa1eaa8b04ae6d4124fc3e33a6146f/_/download/contextbatch/js/_super/batch.js?locale=en-US:2576
[    1836ms] [WARNING] DEPRECATED undefined - AJS.params has been deprecated since 9.0.0 and will be removed in 10.0.0.  
     at HTMLMetaElement.<anonymous> (https://wiki.one.int.sap/wiki/s/92d2c4742cba354172eb1affa02efacd-CDN/-23x24x/9116/n2r6gc/1bfa1eaa8b04ae6d4124fc3e33a6146f/_/download/contextbatch/js/_super/batch.js?locale=en-US:2852:304) @ https://wiki.one.int.sap/wiki/s/92d2c4742cba354172eb1affa02efacd-CDN/-23x24x/9116/n2r6gc/1bfa1eaa8b04ae6d4124fc3e33a6146f/_/download/contextbatch/js/_super/batch.js?locale=en-US:2576
[    1836ms] [WARNING] DEPRECATED undefined - AJS.params has been deprecated since 9.0.0 and will be removed in 10.0.0.  
     at HTMLMetaElement.<anonymous> (https://wiki.one.int.sap/wiki/s/92d2c4742cba354172eb1affa02efacd-CDN/-23x24x/9116/n2r6gc/1bfa1eaa8b04ae6d4124fc3e33a6146f/_/download/contextbatch/js/_super/batch.js?locale=en-US:2852:304) @ https://wiki.one.int.sap/wiki/s/92d2c4742cba354172eb1affa02efacd-CDN/-23x24x/9116/n2r6gc/1bfa1eaa8b04ae6d4124fc3e33a6146f/_/download/contextbatch/js/_super/batch.js?locale=en-US:2576
[    1836ms] [WARNING] DEPRECATED undefined - AJS.params has been deprecated since 9.0.0 and will be removed in 10.0.0.  
     at HTMLMetaElement.<anonymous> (https://wiki.one.int.sap/wiki/s/92d2c4742cba354172eb1affa02efacd-CDN/-23x24x/9116/n2r6gc/1bfa1eaa8b04ae6d4124fc3e33a6146f/_/download/contextbatch/js/_super/batch.js?locale=en-US:2852:304) @ https://wiki.one.int.sap/wiki/s/92d2c4742cba354172eb1affa02efacd-CDN/-23x24x/9116/n2r6gc/1bfa1eaa8b04ae6d4124fc3e33a6146f/_/download/contextbatch/js/_super/batch.js?locale=en-US:2576
[    1836ms] [WARNING] DEPRECATED undefined - AJS.params has been deprecated since 9.0.0 and will be removed in 10.0.0.  
     at HTMLMetaElement.<anonymous> (https://wiki.one.int.sap/wiki/s/92d2c4742cba354172eb1affa02efacd-CDN/-23x24x/9116/n2r6gc/1bfa1eaa8b04ae6d4124fc3e33a6146f/_/download/contextbatch/js/_super/batch.js?locale=en-US:2852:304) @ https://wiki.one.int.sap/wiki/s/92d2c4742cba354172eb1affa02efacd-CDN/-23x24x/9116/n2r6gc/1bfa1eaa8b04ae6d4124fc3e33a6146f/_/download/contextbatch/js/_super/batch.js?locale=en-US:2576
[    1836ms] [WARNING] DEPRECATED undefined - AJS.params has been deprecated since 9.0.0 and will be removed in 10.0.0.  
     at HTMLMetaElement.<anonymous> (https://wiki.one.int.sap/wiki/s/92d2c4742cba354172eb1affa02efacd-CDN/-23x24x/9116/n2r6gc/1bfa1eaa8b04ae6d4124fc3e33a6146f/_/download/contextbatch/js/_super/batch.js?locale=en-US:2852:304) @ https://wiki.one.int.sap/wiki/s/92d2c4742cba354172eb1affa02efacd-CDN/-23x24x/9116/n2r6gc/1bfa1eaa8b04ae6d4124fc3e33a6146f/_/download/contextbatch/js/_super/batch.js?locale=en-US:2576
[    1837ms] [WARNING] DEPRECATED undefined - AJS.params has been deprecated since 9.0.0 and will be removed in 10.0.0.  
     at HTMLMetaElement.<anonymous> (https://wiki.one.int.sap/wiki/s/92d2c4742cba354172eb1affa02efacd-CDN/-23x24x/9116/n2r6gc/1bfa1eaa8b04ae6d4124fc3e33a6146f/_/download/contextbatch/js/_super/batch.js?locale=en-US:2852:304) @ https://wiki.one.int.sap/wiki/s/92d2c4742cba354172eb1affa02efacd-CDN/-23x24x/9116/n2r6gc/1bfa1eaa8b04ae6d4124fc3e33a6146f/_/download/contextbatch/js/_super/batch.js?locale=en-US:2576
[    1837ms] [WARNING] DEPRECATED undefined - AJS.params has been deprecated since 9.0.0 and will be removed in 10.0.0.  
     at HTMLMetaElement.<anonymous> (https://wiki.one.int.sap/wiki/s/92d2c4742cba354172eb1affa02efacd-CDN/-23x24x/9116/n2r6gc/1bfa1eaa8b04ae6d4124fc3e33a6146f/_/download/contextbatch/js/_super/batch.js?locale=en-US:2852:304) @ https://wiki.one.int.sap/wiki/s/92d2c4742cba354172eb1affa02efacd-CDN/-23x24x/9116/n2r6gc/1bfa1eaa8b04ae6d4124fc3e33a6146f/_/download/contextbatch/js/_super/batch.js?locale=en-US:2576
[    1837ms] [WARNING] DEPRECATED undefined - AJS.params has been deprecated since 9.0.0 and will be removed in 10.0.0.  
     at HTMLMetaElement.<anonymous> (https://wiki.one.int.sap/wiki/s/92d2c4742cba354172eb1affa02efacd-CDN/-23x24x/9116/n2r6gc/1bfa1eaa8b04ae6d4124fc3e33a6146f/_/download/contextbatch/js/_super/batch.js?locale=en-US:2852:304) @ https://wiki.one.int.sap/wiki/s/92d2c4742cba354172eb1affa02efacd-CDN/-23x24x/9116/n2r6gc/1bfa1eaa8b04ae6d4124fc3e33a6146f/_/download/contextbatch/js/_super/batch.js?locale=en-US:2576
[    1837ms] [WARNING] DEPRECATED undefined - AJS.params has been deprecated since 9.0.0 and will be removed in 10.0.0.  
     at HTMLMetaElement.<anonymous> (https://wiki.one.int.sap/wiki/s/92d2c4742cba354172eb1affa02efacd-CDN/-23x24x/9116/n2r6gc/1bfa1eaa8b04ae6d4124fc3e33a6146f/_/download/contextbatch/js/_super/batch.js?locale=en-US:2852:304) @ https://wiki.one.int.sap/wiki/s/92d2c4742cba354172eb1affa02efacd-CDN/-23x24x/9116/n2r6gc/1bfa1eaa8b04ae6d4124fc3e33a6146f/_/download/contextbatch/js/_super/batch.js?locale=en-US:2576
[    1837ms] [WARNING] DEPRECATED undefined - AJS.params has been deprecated since 9.0.0 and will be removed in 10.0.0.  
     at HTMLMetaElement.<anonymous> (https://wiki.one.int.sap/wiki/s/92d2c4742cba354172eb1affa02efacd-CDN/-23x24x/9116/n2r6gc/1bfa1eaa8b04ae6d4124fc3e33a6146f/_/download/contextbatch/js/_super/batch.js?locale=en-US:2852:304) @ https://wiki.one.int.sap/wiki/s/92d2c4742cba354172eb1affa02efacd-CDN/-23x24x/9116/n2r6gc/1bfa1eaa8b04ae6d4124fc3e33a6146f/_/download/contextbatch/js/_super/batch.js?locale=en-US:2576
[    1837ms] [WARNING] DEPRECATED undefined - AJS.params has been deprecated since 9.0.0 and will be removed in 10.0.0.  
     at HTMLMetaElement.<anonymous> (https://wiki.one.int.sap/wiki/s/92d2c4742cba354172eb1affa02efacd-CDN/-23x24x/9116/n2r6gc/1bfa1eaa8b04ae6d4124fc3e33a6146f/_/download/contextbatch/js/_super/batch.js?locale=en-US:2852:304) @ https://wiki.one.int.sap/wiki/s/92d2c4742cba354172eb1affa02efacd-CDN/-23x24x/9116/n2r6gc/1bfa1eaa8b04ae6d4124fc3e33a6146f/_/download/contextbatch/js/_super/batch.js?locale=en-US:2576
[    1837ms] [WARNING] DEPRECATED undefined - AJS.params has been deprecated since 9.0.0 and will be removed in 10.0.0.  
     at HTMLMetaElement.<anonymous> (https://wiki.one.int.sap/wiki/s/92d2c4742cba354172eb1affa02efacd-CDN/-23x24x/9116/n2r6gc/1bfa1eaa8b04ae6d4124fc3e33a6146f/_/download/contextbatch/js/_super/batch.js?locale=en-US:2852:304) @ https://wiki.one.int.sap/wiki/s/92d2c4742cba354172eb1affa02efacd-CDN/-23x24x/9116/n2r6gc/1bfa1eaa8b04ae6d4124fc3e33a6146f/_/download/contextbatch/js/_super/batch.js?locale=en-US:2576
[    1837ms] [WARNING] DEPRECATED undefined - AJS.params has been deprecated since 9.0.0 and will be removed in 10.0.0.  
     at HTMLMetaElement.<anonymous> (https://wiki.one.int.sap/wiki/s/92d2c4742cba354172eb1affa02efacd-CDN/-23x24x/9116/n2r6gc/1bfa1eaa8b04ae6d4124fc3e33a6146f/_/download/contextbatch/js/_super/batch.js?locale=en-US:2852:304) @ https://wiki.one.int.sap/wiki/s/92d2c4742cba354172eb1affa02efacd-CDN/-23x24x/9116/n2r6gc/1bfa1eaa8b04ae6d4124fc3e33a6146f/_/download/contextbatch/js/_super/batch.js?locale=en-US:2576
[    1837ms] [WARNING] DEPRECATED undefined - AJS.params has been deprecated since 9.0.0 and will be removed in 10.0.0.  
     at HTMLMetaElement.<anonymous> (https://wiki.one.int.sap/wiki/s/92d2c4742cba354172eb1affa02efacd-CDN/-23x24x/9116/n2r6gc/1bfa1eaa8b04ae6d4124fc3e33a6146f/_/download/contextbatch/js/_super/batch.js?locale=en-US:2852:304) @ https://wiki.one.int.sap/wiki/s/92d2c4742cba354172eb1affa02efacd-CDN/-23x24x/9116/n2r6gc/1bfa1eaa8b04ae6d4124fc3e33a6146f/_/download/contextbatch/js/_super/batch.js?locale=en-US:2576
[    1837ms] [WARNING] DEPRECATED undefined - AJS.params has been deprecated since 9.0.0 and will be removed in 10.0.0.  
     at HTMLMetaElement.<anonymous> (https://wiki.one.int.sap/wiki/s/92d2c4742cba354172eb1affa02efacd-CDN/-23x24x/9116/n2r6gc/1bfa1eaa8b04ae6d4124fc3e33a6146f/_/download/contextbatch/js/_super/batch.js?locale=en-US:2852:304) @ https://wiki.one.int.sap/wiki/s/92d2c4742cba354172eb1affa02efacd-CDN/-23x24x/9116/n2r6gc/1bfa1eaa8b04ae6d4124fc3e33a6146f/_/download/contextbatch/js/_super/batch.js?locale=en-US:2576
[    1837ms] [WARNING] DEPRECATED undefined - AJS.params has been deprecated since 9.0.0 and will be removed in 10.0.0.  
     at HTMLMetaElement.<anonymous> (https://wiki.one.int.sap/wiki/s/92d2c4742cba354172eb1affa02efacd-CDN/-23x24x/9116/n2r6gc/1bfa1eaa8b04ae6d4124fc3e33a6146f/_/download/contextbatch/js/_super/batch.js?locale=en-US:2852:304) @ https://wiki.one.int.sap/wiki/s/92d2c4742cba354172eb1affa02efacd-CDN/-23x24x/9116/n2r6gc/1bfa1eaa8b04ae6d4124fc3e33a6146f/_/download/contextbatch/js/_super/batch.js?locale=en-US:2576
[    1837ms] [WARNING] DEPRECATED undefined - AJS.params has been deprecated since 9.0.0 and will be removed in 10.0.0.  
     at HTMLMetaElement.<anonymous> (https://wiki.one.int.sap/wiki/s/92d2c4742cba354172eb1affa02efacd-CDN/-23x24x/9116/n2r6gc/1bfa1eaa8b04ae6d4124fc3e33a6146f/_/download/contextbatch/js/_super/batch.js?locale=en-US:2852:304) @ https://wiki.one.int.sap/wiki/s/92d2c4742cba354172eb1affa02efacd-CDN/-23x24x/9116/n2r6gc/1bfa1eaa8b04ae6d4124fc3e33a6146f/_/download/contextbatch/js/_super/batch.js?locale=en-US:2576
[    1837ms] [WARNING] DEPRECATED undefined - AJS.params has been deprecated since 9.0.0 and will be removed in 10.0.0.  
     at HTMLMetaElement.<anonymous> (https://wiki.one.int.sap/wiki/s/92d2c4742cba354172eb1affa02efacd-CDN/-23x24x/9116/n2r6gc/1bfa1eaa8b04ae6d4124fc3e33a6146f/_/download/contextbatch/js/_super/batch.js?locale=en-US:2852:304) @ https://wiki.one.int.sap/wiki/s/92d2c4742cba354172eb1affa02efacd-CDN/-23x24x/9116/n2r6gc/1bfa1eaa8b04ae6d4124fc3e33a6146f/_/download/contextbatch/js/_super/batch.js?locale=en-US:2576
[    1837ms] [WARNING] DEPRECATED undefined - AJS.params has been deprecated since 9.0.0 and will be removed in 10.0.0.  
     at HTMLMetaElement.<anonymous> (https://wiki.one.int.sap/wiki/s/92d2c4742cba354172eb1affa02efacd-CDN/-23x24x/9116/n2r6gc/1bfa1eaa8b04ae6d4124fc3e33a6146f/_/download/contextbatch/js/_super/batch.js?locale=en-US:2852:304) @ https://wiki.one.int.sap/wiki/s/92d2c4742cba354172eb1affa02efacd-CDN/-23x24x/9116/n2r6gc/1bfa1eaa8b04ae6d4124fc3e33a6146f/_/download/contextbatch/js/_super/batch.js?locale=en-US:2576
[    1837ms] [WARNING] DEPRECATED undefined - AJS.params has been deprecated since 9.0.0 and will be removed in 10.0.0.  
     at HTMLMetaElement.<anonymous> (https://wiki.one.int.sap/wiki/s/92d2c4742cba354172eb1affa02efacd-CDN/-23x24x/9116/n2r6gc/1bfa1eaa8b04ae6d4124fc3e33a6146f/_/download/contextbatch/js/_super/batch.js?locale=en-US:2852:304) @ https://wiki.one.int.sap/wiki/s/92d2c4742cba354172eb1affa02efacd-CDN/-23x24x/9116/n2r6gc/1bfa1eaa8b04ae6d4124fc3e33a6146f/_/download/contextbatch/js/_super/batch.js?locale=en-US:2576
[    1837ms] [WARNING] DEPRECATED undefined - AJS.params has been deprecated since 9.0.0 and will be removed in 10.0.0.  
     at HTMLMetaElement.<anonymous> (https://wiki.one.int.sap/wiki/s/92d2c4742cba354172eb1affa02efacd-CDN/-23x24x/9116/n2r6gc/1bfa1eaa8b04ae6d4124fc3e33a6146f/_/download/contextbatch/js/_super/batch.js?locale=en-US:2852:304) @ https://wiki.one.int.sap/wiki/s/92d2c4742cba354172eb1affa02efacd-CDN/-23x24x/9116/n2r6gc/1bfa1eaa8b04ae6d4124fc3e33a6146f/_/download/contextbatch/js/_super/batch.js?locale=en-US:2576
[    1837ms] [WARNING] DEPRECATED undefined - AJS.params has been deprecated since 9.0.0 and will be removed in 10.0.0.  
     at HTMLMetaElement.<anonymous> (https://wiki.one.int.sap/wiki/s/92d2c4742cba354172eb1affa02efacd-CDN/-23x24x/9116/n2r6gc/1bfa1eaa8b04ae6d4124fc3e33a6146f/_/download/contextbatch/js/_super/batch.js?locale=en-US:2852:304) @ https://wiki.one.int.sap/wiki/s/92d2c4742cba354172eb1affa02efacd-CDN/-23x24x/9116/n2r6gc/1bfa1eaa8b04ae6d4124fc3e33a6146f/_/download/contextbatch/js/_super/batch.js?locale=en-US:2576
[    1837ms] [WARNING] DEPRECATED undefined - AJS.params has been deprecated since 9.0.0 and will be removed in 10.0.0.  
     at HTMLMetaElement.<anonymous> (https://wiki.one.int.sap/wiki/s/92d2c4742cba354172eb1affa02efacd-CDN/-23x24x/9116/n2r6gc/1bfa1eaa8b04ae6d4124fc3e33a6146f/_/download/contextbatch/js/_super/batch.js?locale=en-US:2852:304) @ https://wiki.one.int.sap/wiki/s/92d2c4742cba354172eb1affa02efacd-CDN/-23x24x/9116/n2r6gc/1bfa1eaa8b04ae6d4124fc3e33a6146f/_/download/contextbatch/js/_super/batch.js?locale=en-US:2576
[    1838ms] [WARNING] DEPRECATED undefined - AJS.params has been deprecated since 9.0.0 and will be removed in 10.0.0.  
     at HTMLMetaElement.<anonymous> (https://wiki.one.int.sap/wiki/s/92d2c4742cba354172eb1affa02efacd-CDN/-23x24x/9116/n2r6gc/1bfa1eaa8b04ae6d4124fc3e33a6146f/_/download/contextbatch/js/_super/batch.js?locale=en-US:2852:304) @ https://wiki.one.int.sap/wiki/s/92d2c4742cba354172eb1affa02efacd-CDN/-23x24x/9116/n2r6gc/1bfa1eaa8b04ae6d4124fc3e33a6146f/_/download/contextbatch/js/_super/batch.js?locale=en-US:2576
[    1838ms] [WARNING] DEPRECATED undefined - AJS.params has been deprecated since 9.0.0 and will be removed in 10.0.0.  
     at HTMLMetaElement.<anonymous> (https://wiki.one.int.sap/wiki/s/92d2c4742cba354172eb1affa02efacd-CDN/-23x24x/9116/n2r6gc/1bfa1eaa8b04ae6d4124fc3e33a6146f/_/download/contextbatch/js/_super/batch.js?locale=en-US:2852:304) @ https://wiki.one.int.sap/wiki/s/92d2c4742cba354172eb1affa02efacd-CDN/-23x24x/9116/n2r6gc/1bfa1eaa8b04ae6d4124fc3e33a6146f/_/download/contextbatch/js/_super/batch.js?locale=en-US:2576
[    1838ms] [WARNING] DEPRECATED undefined - AJS.params has been deprecated since 9.0.0 and will be removed in 10.0.0.  
     at HTMLMetaElement.<anonymous> (https://wiki.one.int.sap/wiki/s/92d2c4742cba354172eb1affa02efacd-CDN/-23x24x/9116/n2r6gc/1bfa1eaa8b04ae6d4124fc3e33a6146f/_/download/contextbatch/js/_super/batch.js?locale=en-US:2852:304) @ https://wiki.one.int.sap/wiki/s/92d2c4742cba354172eb1affa02efacd-CDN/-23x24x/9116/n2r6gc/1bfa1eaa8b04ae6d4124fc3e33a6146f/_/download/contextbatch/js/_super/batch.js?locale=en-US:2576
[    1838ms] [WARNING] DEPRECATED undefined - AJS.params has been deprecated since 9.0.0 and will be removed in 10.0.0.  
     at HTMLMetaElement.<anonymous> (https://wiki.one.int.sap/wiki/s/92d2c4742cba354172eb1affa02efacd-CDN/-23x24x/9116/n2r6gc/1bfa1eaa8b04ae6d4124fc3e33a6146f/_/download/contextbatch/js/_super/batch.js?locale=en-US:2852:304) @ https://wiki.one.int.sap/wiki/s/92d2c4742cba354172eb1affa02efacd-CDN/-23x24x/9116/n2r6gc/1bfa1eaa8b04ae6d4124fc3e33a6146f/_/download/contextbatch/js/_super/batch.js?locale=en-US:2576
[    1838ms] [WARNING] DEPRECATED undefined - AJS.params has been deprecated since 9.0.0 and will be removed in 10.0.0.  
     at HTMLMetaElement.<anonymous> (https://wiki.one.int.sap/wiki/s/92d2c4742cba354172eb1affa02efacd-CDN/-23x24x/9116/n2r6gc/1bfa1eaa8b04ae6d4124fc3e33a6146f/_/download/contextbatch/js/_super/batch.js?locale=en-US:2852:304) @ https://wiki.one.int.sap/wiki/s/92d2c4742cba354172eb1affa02efacd-CDN/-23x24x/9116/n2r6gc/1bfa1eaa8b04ae6d4124fc3e33a6146f/_/download/contextbatch/js/_super/batch.js?locale=en-US:2576
[    1838ms] [WARNING] DEPRECATED undefined - AJS.params has been deprecated since 9.0.0 and will be removed in 10.0.0.  
     at HTMLMetaElement.<anonymous> (https://wiki.one.int.sap/wiki/s/92d2c4742cba354172eb1affa02efacd-CDN/-23x24x/9116/n2r6gc/1bfa1eaa8b04ae6d4124fc3e33a6146f/_/download/contextbatch/js/_super/batch.js?locale=en-US:2852:304) @ https://wiki.one.int.sap/wiki/s/92d2c4742cba354172eb1affa02efacd-CDN/-23x24x/9116/n2r6gc/1bfa1eaa8b04ae6d4124fc3e33a6146f/_/download/contextbatch/js/_super/batch.js?locale=en-US:2576
[    1838ms] [WARNING] DEPRECATED undefined - AJS.params has been deprecated since 9.0.0 and will be removed in 10.0.0.  
     at HTMLMetaElement.<anonymous> (https://wiki.one.int.sap/wiki/s/92d2c4742cba354172eb1affa02efacd-CDN/-23x24x/9116/n2r6gc/1bfa1eaa8b04ae6d4124fc3e33a6146f/_/download/contextbatch/js/_super/batch.js?locale=en-US:2852:304) @ https://wiki.one.int.sap/wiki/s/92d2c4742cba354172eb1affa02efacd-CDN/-23x24x/9116/n2r6gc/1bfa1eaa8b04ae6d4124fc3e33a6146f/_/download/contextbatch/js/_super/batch.js?locale=en-US:2576
[    1838ms] [WARNING] DEPRECATED undefined - AJS.params has been deprecated since 9.0.0 and will be removed in 10.0.0.  
     at HTMLMetaElement.<anonymous> (https://wiki.one.int.sap/wiki/s/92d2c4742cba354172eb1affa02efacd-CDN/-23x24x/9116/n2r6gc/1bfa1eaa8b04ae6d4124fc3e33a6146f/_/download/contextbatch/js/_super/batch.js?locale=en-US:2852:304) @ https://wiki.one.int.sap/wiki/s/92d2c4742cba354172eb1affa02efacd-CDN/-23x24x/9116/n2r6gc/1bfa1eaa8b04ae6d4124fc3e33a6146f/_/download/contextbatch/js/_super/batch.js?locale=en-US:2576
[    1838ms] [WARNING] DEPRECATED undefined - AJS.params has been deprecated since 9.0.0 and will be removed in 10.0.0.  
     at HTMLMetaElement.<anonymous> (https://wiki.one.int.sap/wiki/s/92d2c4742cba354172eb1affa02efacd-CDN/-23x24x/9116/n2r6gc/1bfa1eaa8b04ae6d4124fc3e33a6146f/_/download/contextbatch/js/_super/batch.js?locale=en-US:2852:304) @ https://wiki.one.int.sap/wiki/s/92d2c4742cba354172eb1affa02efacd-CDN/-23x24x/9116/n2r6gc/1bfa1eaa8b04ae6d4124fc3e33a6146f/_/download/contextbatch/js/_super/batch.js?locale=en-US:2576
[    1838ms] [WARNING] DEPRECATED undefined - AJS.params has been deprecated since 9.0.0 and will be removed in 10.0.0.  
     at HTMLMetaElement.<anonymous> (https://wiki.one.int.sap/wiki/s/92d2c4742cba354172eb1affa02efacd-CDN/-23x24x/9116/n2r6gc/1bfa1eaa8b04ae6d4124fc3e33a6146f/_/download/contextbatch/js/_super/batch.js?locale=en-US:2852:304) @ https://wiki.one.int.sap/wiki/s/92d2c4742cba354172eb1affa02efacd-CDN/-23x24x/9116/n2r6gc/1bfa1eaa8b04ae6d4124fc3e33a6146f/_/download/contextbatch/js/_super/batch.js?locale=en-US:2576
[    1838ms] [WARNING] DEPRECATED undefined - AJS.params has been deprecated since 9.0.0 and will be removed in 10.0.0.  
     at HTMLMetaElement.<anonymous> (https://wiki.one.int.sap/wiki/s/92d2c4742cba354172eb1affa02efacd-CDN/-23x24x/9116/n2r6gc/1bfa1eaa8b04ae6d4124fc3e33a6146f/_/download/contextbatch/js/_super/batch.js?locale=en-US:2852:304) @ https://wiki.one.int.sap/wiki/s/92d2c4742cba354172eb1affa02efacd-CDN/-23x24x/9116/n2r6gc/1bfa1eaa8b04ae6d4124fc3e33a6146f/_/download/contextbatch/js/_super/batch.js?locale=en-US:2576
[    1838ms] [WARNING] DEPRECATED undefined - AJS.params has been deprecated since 9.0.0 and will be removed in 10.0.0.  
     at HTMLMetaElement.<anonymous> (https://wiki.one.int.sap/wiki/s/92d2c4742cba354172eb1affa02efacd-CDN/-23x24x/9116/n2r6gc/1bfa1eaa8b04ae6d4124fc3e33a6146f/_/download/contextbatch/js/_super/batch.js?locale=en-US:2852:304) @ https://wiki.one.int.sap/wiki/s/92d2c4742cba354172eb1affa02efacd-CDN/-23x24x/9116/n2r6gc/1bfa1eaa8b04ae6d4124fc3e33a6146f/_/download/contextbatch/js/_super/batch.js?locale=en-US:2576
[    1838ms] [WARNING] DEPRECATED undefined - AJS.params has been deprecated since 9.0.0 and will be removed in 10.0.0.  
     at HTMLMetaElement.<anonymous> (https://wiki.one.int.sap/wiki/s/92d2c4742cba354172eb1affa02efacd-CDN/-23x24x/9116/n2r6gc/1bfa1eaa8b04ae6d4124fc3e33a6146f/_/download/contextbatch/js/_super/batch.js?locale=en-US:2852:304) @ https://wiki.one.int.sap/wiki/s/92d2c4742cba354172eb1affa02efacd-CDN/-23x24x/9116/n2r6gc/1bfa1eaa8b04ae6d4124fc3e33a6146f/_/download/contextbatch/js/_super/batch.js?locale=en-US:2576
[    1838ms] [WARNING] DEPRECATED undefined - AJS.params has been deprecated since 9.0.0 and will be removed in 10.0.0.  
     at HTMLMetaElement.<anonymous> (https://wiki.one.int.sap/wiki/s/92d2c4742cba354172eb1affa02efacd-CDN/-23x24x/9116/n2r6gc/1bfa1eaa8b04ae6d4124fc3e33a6146f/_/download/contextbatch/js/_super/batch.js?locale=en-US:2852:304) @ https://wiki.one.int.sap/wiki/s/92d2c4742cba354172eb1affa02efacd-CDN/-23x24x/9116/n2r6gc/1bfa1eaa8b04ae6d4124fc3e33a6146f/_/download/contextbatch/js/_super/batch.js?locale=en-US:2576
[    1838ms] [WARNING] DEPRECATED undefined - AJS.params has been deprecated since 9.0.0 and will be removed in 10.0.0.  
     at HTMLMetaElement.<anonymous> (https://wiki.one.int.sap/wiki/s/92d2c4742cba354172eb1affa02efacd-CDN/-23x24x/9116/n2r6gc/1bfa1eaa8b04ae6d4124fc3e33a6146f/_/download/contextbatch/js/_super/batch.js?locale=en-US:2852:304) @ https://wiki.one.int.sap/wiki/s/92d2c4742cba354172eb1affa02efacd-CDN/-23x24x/9116/n2r6gc/1bfa1eaa8b04ae6d4124fc3e33a6146f/_/download/contextbatch/js/_super/batch.js?locale=en-US:2576
[    1838ms] [WARNING] DEPRECATED undefined - AJS.params has been deprecated since 9.0.0 and will be removed in 10.0.0.  
     at HTMLMetaElement.<anonymous> (https://wiki.one.int.sap/wiki/s/92d2c4742cba354172eb1affa02efacd-CDN/-23x24x/9116/n2r6gc/1bfa1eaa8b04ae6d4124fc3e33a6146f/_/download/contextbatch/js/_super/batch.js?locale=en-US:2852:304) @ https://wiki.one.int.sap/wiki/s/92d2c4742cba354172eb1affa02efacd-CDN/-23x24x/9116/n2r6gc/1bfa1eaa8b04ae6d4124fc3e33a6146f/_/download/contextbatch/js/_super/batch.js?locale=en-US:2576
[    1838ms] [WARNING] DEPRECATED undefined - AJS.params has been deprecated since 9.0.0 and will be removed in 10.0.0.  
     at HTMLMetaElement.<anonymous> (https://wiki.one.int.sap/wiki/s/92d2c4742cba354172eb1affa02efacd-CDN/-23x24x/9116/n2r6gc/1bfa1eaa8b04ae6d4124fc3e33a6146f/_/download/contextbatch/js/_super/batch.js?locale=en-US:2852:304) @ https://wiki.one.int.sap/wiki/s/92d2c4742cba354172eb1affa02efacd-CDN/-23x24x/9116/n2r6gc/1bfa1eaa8b04ae6d4124fc3e33a6146f/_/download/contextbatch/js/_super/batch.js?locale=en-US:2576
[    1838ms] [WARNING] DEPRECATED undefined - AJS.params has been deprecated since 9.0.0 and will be removed in 10.0.0.  
     at HTMLMetaElement.<anonymous> (https://wiki.one.int.sap/wiki/s/92d2c4742cba354172eb1affa02efacd-CDN/-23x24x/9116/n2r6gc/1bfa1eaa8b04ae6d4124fc3e33a6146f/_/download/contextbatch/js/_super/batch.js?locale=en-US:2852:304) @ https://wiki.one.int.sap/wiki/s/92d2c4742cba354172eb1affa02efacd-CDN/-23x24x/9116/n2r6gc/1bfa1eaa8b04ae6d4124fc3e33a6146f/_/download/contextbatch/js/_super/batch.js?locale=en-US:2576
[    1838ms] [WARNING] DEPRECATED undefined - AJS.params has been deprecated since 9.0.0 and will be removed in 10.0.0.  
     at HTMLMetaElement.<anonymous> (https://wiki.one.int.sap/wiki/s/92d2c4742cba354172eb1affa02efacd-CDN/-23x24x/9116/n2r6gc/1bfa1eaa8b04ae6d4124fc3e33a6146f/_/download/contextbatch/js/_super/batch.js?locale=en-US:2852:304) @ https://wiki.one.int.sap/wiki/s/92d2c4742cba354172eb1affa02efacd-CDN/-23x24x/9116/n2r6gc/1bfa1eaa8b04ae6d4124fc3e33a6146f/_/download/contextbatch/js/_super/batch.js?locale=en-US:2576
[    1838ms] [WARNING] DEPRECATED undefined - AJS.params has been deprecated since 9.0.0 and will be removed in 10.0.0.  
     at HTMLMetaElement.<anonymous> (https://wiki.one.int.sap/wiki/s/92d2c4742cba354172eb1affa02efacd-CDN/-23x24x/9116/n2r6gc/1bfa1eaa8b04ae6d4124fc3e33a6146f/_/download/contextbatch/js/_super/batch.js?locale=en-US:2852:304) @ https://wiki.one.int.sap/wiki/s/92d2c4742cba354172eb1affa02efacd-CDN/-23x24x/9116/n2r6gc/1bfa1eaa8b04ae6d4124fc3e33a6146f/_/download/contextbatch/js/_super/batch.js?locale=en-US:2576
[    1839ms] [WARNING] DEPRECATED undefined - AJS.params has been deprecated since 9.0.0 and will be removed in 10.0.0.  
     at HTMLMetaElement.<anonymous> (https://wiki.one.int.sap/wiki/s/92d2c4742cba354172eb1affa02efacd-CDN/-23x24x/9116/n2r6gc/1bfa1eaa8b04ae6d4124fc3e33a6146f/_/download/contextbatch/js/_super/batch.js?locale=en-US:2852:304) @ https://wiki.one.int.sap/wiki/s/92d2c4742cba354172eb1affa02efacd-CDN/-23x24x/9116/n2r6gc/1bfa1eaa8b04ae6d4124fc3e33a6146f/_/download/contextbatch/js/_super/batch.js?locale=en-US:2576
[    1839ms] [WARNING] DEPRECATED undefined - AJS.params has been deprecated since 9.0.0 and will be removed in 10.0.0.  
     at HTMLMetaElement.<anonymous> (https://wiki.one.int.sap/wiki/s/92d2c4742cba354172eb1affa02efacd-CDN/-23x24x/9116/n2r6gc/1bfa1eaa8b04ae6d4124fc3e33a6146f/_/download/contextbatch/js/_super/batch.js?locale=en-US:2852:304) @ https://wiki.one.int.sap/wiki/s/92d2c4742cba354172eb1affa02efacd-CDN/-23x24x/9116/n2r6gc/1bfa1eaa8b04ae6d4124fc3e33a6146f/_/download/contextbatch/js/_super/batch.js?locale=en-US:2576
[    1839ms] [WARNING] DEPRECATED undefined - AJS.params has been deprecated since 9.0.0 and will be removed in 10.0.0.  
     at HTMLMetaElement.<anonymous> (https://wiki.one.int.sap/wiki/s/92d2c4742cba354172eb1affa02efacd-CDN/-23x24x/9116/n2r6gc/1bfa1eaa8b04ae6d4124fc3e33a6146f/_/download/contextbatch/js/_super/batch.js?locale=en-US:2852:304) @ https://wiki.one.int.sap/wiki/s/92d2c4742cba354172eb1affa02efacd-CDN/-23x24x/9116/n2r6gc/1bfa1eaa8b04ae6d4124fc3e33a6146f/_/download/contextbatch/js/_super/batch.js?locale=en-US:2576
[    1839ms] [WARNING] DEPRECATED undefined - AJS.params has been deprecated since 9.0.0 and will be removed in 10.0.0.  
     at HTMLMetaElement.<anonymous> (https://wiki.one.int.sap/wiki/s/92d2c4742cba354172eb1affa02efacd-CDN/-23x24x/9116/n2r6gc/1bfa1eaa8b04ae6d4124fc3e33a6146f/_/download/contextbatch/js/_super/batch.js?locale=en-US:2852:304) @ https://wiki.one.int.sap/wiki/s/92d2c4742cba354172eb1affa02efacd-CDN/-23x24x/9116/n2r6gc/1bfa1eaa8b04ae6d4124fc3e33a6146f/_/download/contextbatch/js/_super/batch.js?locale=en-US:2576
[    1839ms] [WARNING] DEPRECATED undefined - AJS.params has been deprecated since 9.0.0 and will be removed in 10.0.0.  
     at HTMLMetaElement.<anonymous> (https://wiki.one.int.sap/wiki/s/92d2c4742cba354172eb1affa02efacd-CDN/-23x24x/9116/n2r6gc/1bfa1eaa8b04ae6d4124fc3e33a6146f/_/download/contextbatch/js/_super/batch.js?locale=en-US:2852:304) @ https://wiki.one.int.sap/wiki/s/92d2c4742cba354172eb1affa02efacd-CDN/-23x24x/9116/n2r6gc/1bfa1eaa8b04ae6d4124fc3e33a6146f/_/download/contextbatch/js/_super/batch.js?locale=en-US:2576
[    1839ms] [WARNING] DEPRECATED undefined - AJS.params has been deprecated since 9.0.0 and will be removed in 10.0.0.  
     at HTMLMetaElement.<anonymous> (https://wiki.one.int.sap/wiki/s/92d2c4742cba354172eb1affa02efacd-CDN/-23x24x/9116/n2r6gc/1bfa1eaa8b04ae6d4124fc3e33a6146f/_/download/contextbatch/js/_super/batch.js?locale=en-US:2852:304) @ https://wiki.one.int.sap/wiki/s/92d2c4742cba354172eb1affa02efacd-CDN/-23x24x/9116/n2r6gc/1bfa1eaa8b04ae6d4124fc3e33a6146f/_/download/contextbatch/js/_super/batch.js?locale=en-US:2576
[    1839ms] [WARNING] DEPRECATED undefined - AJS.params has been deprecated since 9.0.0 and will be removed in 10.0.0.  
     at HTMLMetaElement.<anonymous> (https://wiki.one.int.sap/wiki/s/92d2c4742cba354172eb1affa02efacd-CDN/-23x24x/9116/n2r6gc/1bfa1eaa8b04ae6d4124fc3e33a6146f/_/download/contextbatch/js/_super/batch.js?locale=en-US:2852:304) @ https://wiki.one.int.sap/wiki/s/92d2c4742cba354172eb1affa02efacd-CDN/-23x24x/9116/n2r6gc/1bfa1eaa8b04ae6d4124fc3e33a6146f/_/download/contextbatch/js/_super/batch.js?locale=en-US:2576
[    1839ms] [WARNING] DEPRECATED undefined - AJS.params has been deprecated since 9.0.0 and will be removed in 10.0.0.  
     at HTMLMetaElement.<anonymous> (https://wiki.one.int.sap/wiki/s/92d2c4742cba354172eb1affa02efacd-CDN/-23x24x/9116/n2r6gc/1bfa1eaa8b04ae6d4124fc3e33a6146f/_/download/contextbatch/js/_super/batch.js?locale=en-US:2852:304) @ https://wiki.one.int.sap/wiki/s/92d2c4742cba354172eb1affa02efacd-CDN/-23x24x/9116/n2r6gc/1bfa1eaa8b04ae6d4124fc3e33a6146f/_/download/contextbatch/js/_super/batch.js?locale=en-US:2576
[    1839ms] [WARNING] DEPRECATED undefined - AJS.params has been deprecated since 9.0.0 and will be removed in 10.0.0.  
     at HTMLMetaElement.<anonymous> (https://wiki.one.int.sap/wiki/s/92d2c4742cba354172eb1affa02efacd-CDN/-23x24x/9116/n2r6gc/1bfa1eaa8b04ae6d4124fc3e33a6146f/_/download/contextbatch/js/_super/batch.js?locale=en-US:2852:304) @ https://wiki.one.int.sap/wiki/s/92d2c4742cba354172eb1affa02efacd-CDN/-23x24x/9116/n2r6gc/1bfa1eaa8b04ae6d4124fc3e33a6146f/_/download/contextbatch/js/_super/batch.js?locale=en-US:2576
[    1839ms] [WARNING] DEPRECATED undefined - AJS.params has been deprecated since 9.0.0 and will be removed in 10.0.0.  
     at HTMLMetaElement.<anonymous> (https://wiki.one.int.sap/wiki/s/92d2c4742cba354172eb1affa02efacd-CDN/-23x24x/9116/n2r6gc/1bfa1eaa8b04ae6d4124fc3e33a6146f/_/download/contextbatch/js/_super/batch.js?locale=en-US:2852:304) @ https://wiki.one.int.sap/wiki/s/92d2c4742cba354172eb1affa02efacd-CDN/-23x24x/9116/n2r6gc/1bfa1eaa8b04ae6d4124fc3e33a6146f/_/download/contextbatch/js/_super/batch.js?locale=en-US:2576
[    1839ms] [WARNING] DEPRECATED undefined - AJS.params has been deprecated since 9.0.0 and will be removed in 10.0.0.  
     at HTMLMetaElement.<anonymous> (https://wiki.one.int.sap/wiki/s/92d2c4742cba354172eb1affa02efacd-CDN/-23x24x/9116/n2r6gc/1bfa1eaa8b04ae6d4124fc3e33a6146f/_/download/contextbatch/js/_super/batch.js?locale=en-US:2852:304) @ https://wiki.one.int.sap/wiki/s/92d2c4742cba354172eb1affa02efacd-CDN/-23x24x/9116/n2r6gc/1bfa1eaa8b04ae6d4124fc3e33a6146f/_/download/contextbatch/js/_super/batch.js?locale=en-US:2576
[    1839ms] [WARNING] DEPRECATED undefined - AJS.params has been deprecated since 9.0.0 and will be removed in 10.0.0.  
     at HTMLMetaElement.<anonymous> (https://wiki.one.int.sap/wiki/s/92d2c4742cba354172eb1affa02efacd-CDN/-23x24x/9116/n2r6gc/1bfa1eaa8b04ae6d4124fc3e33a6146f/_/download/contextbatch/js/_super/batch.js?locale=en-US:2852:304) @ https://wiki.one.int.sap/wiki/s/92d2c4742cba354172eb1affa02efacd-CDN/-23x24x/9116/n2r6gc/1bfa1eaa8b04ae6d4124fc3e33a6146f/_/download/contextbatch/js/_super/batch.js?locale=en-US:2576
[    1839ms] [WARNING] DEPRECATED undefined - AJS.params has been deprecated since 9.0.0 and will be removed in 10.0.0.  
     at HTMLMetaElement.<anonymous> (https://wiki.one.int.sap/wiki/s/92d2c4742cba354172eb1affa02efacd-CDN/-23x24x/9116/n2r6gc/1bfa1eaa8b04ae6d4124fc3e33a6146f/_/download/contextbatch/js/_super/batch.js?locale=en-US:2852:304) @ https://wiki.one.int.sap/wiki/s/92d2c4742cba354172eb1affa02efacd-CDN/-23x24x/9116/n2r6gc/1bfa1eaa8b04ae6d4124fc3e33a6146f/_/download/contextbatch/js/_super/batch.js?locale=en-US:2576
[    1839ms] [WARNING] DEPRECATED undefined - AJS.params has been deprecated since 9.0.0 and will be removed in 10.0.0.  
     at HTMLMetaElement.<anonymous> (https://wiki.one.int.sap/wiki/s/92d2c4742cba354172eb1affa02efacd-CDN/-23x24x/9116/n2r6gc/1bfa1eaa8b04ae6d4124fc3e33a6146f/_/download/contextbatch/js/_super/batch.js?locale=en-US:2852:304) @ https://wiki.one.int.sap/wiki/s/92d2c4742cba354172eb1affa02efacd-CDN/-23x24x/9116/n2r6gc/1bfa1eaa8b04ae6d4124fc3e33a6146f/_/download/contextbatch/js/_super/batch.js?locale=en-US:2576
[    1839ms] [WARNING] DEPRECATED undefined - AJS.params has been deprecated since 9.0.0 and will be removed in 10.0.0.  
     at HTMLMetaElement.<anonymous> (https://wiki.one.int.sap/wiki/s/92d2c4742cba354172eb1affa02efacd-CDN/-23x24x/9116/n2r6gc/1bfa1eaa8b04ae6d4124fc3e33a6146f/_/download/contextbatch/js/_super/batch.js?locale=en-US:2852:304) @ https://wiki.one.int.sap/wiki/s/92d2c4742cba354172eb1affa02efacd-CDN/-23x24x/9116/n2r6gc/1bfa1eaa8b04ae6d4124fc3e33a6146f/_/download/contextbatch/js/_super/batch.js?locale=en-US:2576
[    1839ms] [WARNING] DEPRECATED undefined - AJS.params has been deprecated since 9.0.0 and will be removed in 10.0.0.  
     at HTMLMetaElement.<anonymous> (https://wiki.one.int.sap/wiki/s/92d2c4742cba354172eb1affa02efacd-CDN/-23x24x/9116/n2r6gc/1bfa1eaa8b04ae6d4124fc3e33a6146f/_/download/contextbatch/js/_super/batch.js?locale=en-US:2852:304) @ https://wiki.one.int.sap/wiki/s/92d2c4742cba354172eb1affa02efacd-CDN/-23x24x/9116/n2r6gc/1bfa1eaa8b04ae6d4124fc3e33a6146f/_/download/contextbatch/js/_super/batch.js?locale=en-US:2576
[    1839ms] [WARNING] DEPRECATED undefined - AJS.params has been deprecated since 9.0.0 and will be removed in 10.0.0.  
     at HTMLMetaElement.<anonymous> (https://wiki.one.int.sap/wiki/s/92d2c4742cba354172eb1affa02efacd-CDN/-23x24x/9116/n2r6gc/1bfa1eaa8b04ae6d4124fc3e33a6146f/_/download/contextbatch/js/_super/batch.js?locale=en-US:2852:304) @ https://wiki.one.int.sap/wiki/s/92d2c4742cba354172eb1affa02efacd-CDN/-23x24x/9116/n2r6gc/1bfa1eaa8b04ae6d4124fc3e33a6146f/_/download/contextbatch/js/_super/batch.js?locale=en-US:2576
[    1839ms] [WARNING] DEPRECATED undefined - AJS.params has been deprecated since 9.0.0 and will be removed in 10.0.0.  
     at HTMLMetaElement.<anonymous> (https://wiki.one.int.sap/wiki/s/92d2c4742cba354172eb1affa02efacd-CDN/-23x24x/9116/n2r6gc/1bfa1eaa8b04ae6d4124fc3e33a6146f/_/download/contextbatch/js/_super/batch.js?locale=en-US:2852:304) @ https://wiki.one.int.sap/wiki/s/92d2c4742cba354172eb1affa02efacd-CDN/-23x24x/9116/n2r6gc/1bfa1eaa8b04ae6d4124fc3e33a6146f/_/download/contextbatch/js/_super/batch.js?locale=en-US:2576
[    1839ms] [WARNING] DEPRECATED undefined - AJS.params has been deprecated since 9.0.0 and will be removed in 10.0.0.  
     at HTMLMetaElement.<anonymous> (https://wiki.one.int.sap/wiki/s/92d2c4742cba354172eb1affa02efacd-CDN/-23x24x/9116/n2r6gc/1bfa1eaa8b04ae6d4124fc3e33a6146f/_/download/contextbatch/js/_super/batch.js?locale=en-US:2852:304) @ https://wiki.one.int.sap/wiki/s/92d2c4742cba354172eb1affa02efacd-CDN/-23x24x/9116/n2r6gc/1bfa1eaa8b04ae6d4124fc3e33a6146f/_/download/contextbatch/js/_super/batch.js?locale=en-US:2576
[    1840ms] [WARNING] DEPRECATED undefined - AJS.params has been deprecated since 9.0.0 and will be removed in 10.0.0.  
     at HTMLMetaElement.<anonymous> (https://wiki.one.int.sap/wiki/s/92d2c4742cba354172eb1affa02efacd-CDN/-23x24x/9116/n2r6gc/1bfa1eaa8b04ae6d4124fc3e33a6146f/_/download/contextbatch/js/_super/batch.js?locale=en-US:2852:304) @ https://wiki.one.int.sap/wiki/s/92d2c4742cba354172eb1affa02efacd-CDN/-23x24x/9116/n2r6gc/1bfa1eaa8b04ae6d4124fc3e33a6146f/_/download/contextbatch/js/_super/batch.js?locale=en-US:2576
[    1840ms] [WARNING] DEPRECATED undefined - AJS.params has been deprecated since 9.0.0 and will be removed in 10.0.0.  
     at HTMLMetaElement.<anonymous> (https://wiki.one.int.sap/wiki/s/92d2c4742cba354172eb1affa02efacd-CDN/-23x24x/9116/n2r6gc/1bfa1eaa8b04ae6d4124fc3e33a6146f/_/download/contextbatch/js/_super/batch.js?locale=en-US:2852:304) @ https://wiki.one.int.sap/wiki/s/92d2c4742cba354172eb1affa02efacd-CDN/-23x24x/9116/n2r6gc/1bfa1eaa8b04ae6d4124fc3e33a6146f/_/download/contextbatch/js/_super/batch.js?locale=en-US:2576
[    1840ms] [WARNING] DEPRECATED undefined - AJS.params has been deprecated since 9.0.0 and will be removed in 10.0.0.  
     at HTMLMetaElement.<anonymous> (https://wiki.one.int.sap/wiki/s/92d2c4742cba354172eb1affa02efacd-CDN/-23x24x/9116/n2r6gc/1bfa1eaa8b04ae6d4124fc3e33a6146f/_/download/contextbatch/js/_super/batch.js?locale=en-US:2852:304) @ https://wiki.one.int.sap/wiki/s/92d2c4742cba354172eb1affa02efacd-CDN/-23x24x/9116/n2r6gc/1bfa1eaa8b04ae6d4124fc3e33a6146f/_/download/contextbatch/js/_super/batch.js?locale=en-US:2576
[    1840ms] [WARNING] DEPRECATED undefined - AJS.params has been deprecated since 9.0.0 and will be removed in 10.0.0.  
     at HTMLMetaElement.<anonymous> (https://wiki.one.int.sap/wiki/s/92d2c4742cba354172eb1affa02efacd-CDN/-23x24x/9116/n2r6gc/1bfa1eaa8b04ae6d4124fc3e33a6146f/_/download/contextbatch/js/_super/batch.js?locale=en-US:2852:304) @ https://wiki.one.int.sap/wiki/s/92d2c4742cba354172eb1affa02efacd-CDN/-23x24x/9116/n2r6gc/1bfa1eaa8b04ae6d4124fc3e33a6146f/_/download/contextbatch/js/_super/batch.js?locale=en-US:2576
[    1840ms] [WARNING] DEPRECATED undefined - AJS.params has been deprecated since 9.0.0 and will be removed in 10.0.0.  
     at HTMLMetaElement.<anonymous> (https://wiki.one.int.sap/wiki/s/92d2c4742cba354172eb1affa02efacd-CDN/-23x24x/9116/n2r6gc/1bfa1eaa8b04ae6d4124fc3e33a6146f/_/download/contextbatch/js/_super/batch.js?locale=en-US:2852:304) @ https://wiki.one.int.sap/wiki/s/92d2c4742cba354172eb1affa02efacd-CDN/-23x24x/9116/n2r6gc/1bfa1eaa8b04ae6d4124fc3e33a6146f/_/download/contextbatch/js/_super/batch.js?locale=en-US:2576
[    1840ms] [WARNING] DEPRECATED undefined - AJS.params has been deprecated since 9.0.0 and will be removed in 10.0.0.  
     at HTMLMetaElement.<anonymous> (https://wiki.one.int.sap/wiki/s/92d2c4742cba354172eb1affa02efacd-CDN/-23x24x/9116/n2r6gc/1bfa1eaa8b04ae6d4124fc3e33a6146f/_/download/contextbatch/js/_super/batch.js?locale=en-US:2852:304) @ https://wiki.one.int.sap/wiki/s/92d2c4742cba354172eb1affa02efacd-CDN/-23x24x/9116/n2r6gc/1bfa1eaa8b04ae6d4124fc3e33a6146f/_/download/contextbatch/js/_super/batch.js?locale=en-US:2576
[    1840ms] [WARNING] DEPRECATED undefined - AJS.params has been deprecated since 9.0.0 and will be removed in 10.0.0.  
     at HTMLMetaElement.<anonymous> (https://wiki.one.int.sap/wiki/s/92d2c4742cba354172eb1affa02efacd-CDN/-23x24x/9116/n2r6gc/1bfa1eaa8b04ae6d4124fc3e33a6146f/_/download/contextbatch/js/_super/batch.js?locale=en-US:2852:304) @ https://wiki.one.int.sap/wiki/s/92d2c4742cba354172eb1affa02efacd-CDN/-23x24x/9116/n2r6gc/1bfa1eaa8b04ae6d4124fc3e33a6146f/_/download/contextbatch/js/_super/batch.js?locale=en-US:2576
[    1840ms] [WARNING] DEPRECATED undefined - AJS.params has been deprecated since 9.0.0 and will be removed in 10.0.0.  
     at HTMLMetaElement.<anonymous> (https://wiki.one.int.sap/wiki/s/92d2c4742cba354172eb1affa02efacd-CDN/-23x24x/9116/n2r6gc/1bfa1eaa8b04ae6d4124fc3e33a6146f/_/download/contextbatch/js/_super/batch.js?locale=en-US:2852:304) @ https://wiki.one.int.sap/wiki/s/92d2c4742cba354172eb1affa02efacd-CDN/-23x24x/9116/n2r6gc/1bfa1eaa8b04ae6d4124fc3e33a6146f/_/download/contextbatch/js/_super/batch.js?locale=en-US:2576
[    1840ms] [WARNING] DEPRECATED undefined - AJS.params has been deprecated since 9.0.0 and will be removed in 10.0.0.  
     at HTMLMetaElement.<anonymous> (https://wiki.one.int.sap/wiki/s/92d2c4742cba354172eb1affa02efacd-CDN/-23x24x/9116/n2r6gc/1bfa1eaa8b04ae6d4124fc3e33a6146f/_/download/contextbatch/js/_super/batch.js?locale=en-US:2852:304) @ https://wiki.one.int.sap/wiki/s/92d2c4742cba354172eb1affa02efacd-CDN/-23x24x/9116/n2r6gc/1bfa1eaa8b04ae6d4124fc3e33a6146f/_/download/contextbatch/js/_super/batch.js?locale=en-US:2576
[    1840ms] [WARNING] DEPRECATED undefined - AJS.params has been deprecated since 9.0.0 and will be removed in 10.0.0.  
     at HTMLMetaElement.<anonymous> (https://wiki.one.int.sap/wiki/s/92d2c4742cba354172eb1affa02efacd-CDN/-23x24x/9116/n2r6gc/1bfa1eaa8b04ae6d4124fc3e33a6146f/_/download/contextbatch/js/_super/batch.js?locale=en-US:2852:304) @ https://wiki.one.int.sap/wiki/s/92d2c4742cba354172eb1affa02efacd-CDN/-23x24x/9116/n2r6gc/1bfa1eaa8b04ae6d4124fc3e33a6146f/_/download/contextbatch/js/_super/batch.js?locale=en-US:2576
[    1840ms] [WARNING] DEPRECATED undefined - AJS.params has been deprecated since 9.0.0 and will be removed in 10.0.0.  
     at HTMLMetaElement.<anonymous> (https://wiki.one.int.sap/wiki/s/92d2c4742cba354172eb1affa02efacd-CDN/-23x24x/9116/n2r6gc/1bfa1eaa8b04ae6d4124fc3e33a6146f/_/download/contextbatch/js/_super/batch.js?locale=en-US:2852:304) @ https://wiki.one.int.sap/wiki/s/92d2c4742cba354172eb1affa02efacd-CDN/-23x24x/9116/n2r6gc/1bfa1eaa8b04ae6d4124fc3e33a6146f/_/download/contextbatch/js/_super/batch.js?locale=en-US:2576
[    1840ms] [WARNING] DEPRECATED undefined - AJS.params has been deprecated since 9.0.0 and will be removed in 10.0.0.  
     at HTMLMetaElement.<anonymous> (https://wiki.one.int.sap/wiki/s/92d2c4742cba354172eb1affa02efacd-CDN/-23x24x/9116/n2r6gc/1bfa1eaa8b04ae6d4124fc3e33a6146f/_/download/contextbatch/js/_super/batch.js?locale=en-US:2852:304) @ https://wiki.one.int.sap/wiki/s/92d2c4742cba354172eb1affa02efacd-CDN/-23x24x/9116/n2r6gc/1bfa1eaa8b04ae6d4124fc3e33a6146f/_/download/contextbatch/js/_super/batch.js?locale=en-US:2576
[    1840ms] [WARNING] DEPRECATED undefined - AJS.params has been deprecated since 9.0.0 and will be removed in 10.0.0.  
     at HTMLMetaElement.<anonymous> (https://wiki.one.int.sap/wiki/s/92d2c4742cba354172eb1affa02efacd-CDN/-23x24x/9116/n2r6gc/1bfa1eaa8b04ae6d4124fc3e33a6146f/_/download/contextbatch/js/_super/batch.js?locale=en-US:2852:304) @ https://wiki.one.int.sap/wiki/s/92d2c4742cba354172eb1affa02efacd-CDN/-23x24x/9116/n2r6gc/1bfa1eaa8b04ae6d4124fc3e33a6146f/_/download/contextbatch/js/_super/batch.js?locale=en-US:2576
[    1840ms] [WARNING] DEPRECATED undefined - AJS.params has been deprecated since 9.0.0 and will be removed in 10.0.0.  
     at HTMLMetaElement.<anonymous> (https://wiki.one.int.sap/wiki/s/92d2c4742cba354172eb1affa02efacd-CDN/-23x24x/9116/n2r6gc/1bfa1eaa8b04ae6d4124fc3e33a6146f/_/download/contextbatch/js/_super/batch.js?locale=en-US:2852:304) @ https://wiki.one.int.sap/wiki/s/92d2c4742cba354172eb1affa02efacd-CDN/-23x24x/9116/n2r6gc/1bfa1eaa8b04ae6d4124fc3e33a6146f/_/download/contextbatch/js/_super/batch.js?locale=en-US:2576
[    1840ms] [WARNING] DEPRECATED undefined - AJS.params has been deprecated since 9.0.0 and will be removed in 10.0.0.  
     at HTMLMetaElement.<anonymous> (https://wiki.one.int.sap/wiki/s/92d2c4742cba354172eb1affa02efacd-CDN/-23x24x/9116/n2r6gc/1bfa1eaa8b04ae6d4124fc3e33a6146f/_/download/contextbatch/js/_super/batch.js?locale=en-US:2852:304) @ https://wiki.one.int.sap/wiki/s/92d2c4742cba354172eb1affa02efacd-CDN/-23x24x/9116/n2r6gc/1bfa1eaa8b04ae6d4124fc3e33a6146f/_/download/contextbatch/js/_super/batch.js?locale=en-US:2576
[    1841ms] [WARNING] DEPRECATED undefined - AJS.params has been deprecated since 9.0.0 and will be removed in 10.0.0.  
     at HTMLMetaElement.<anonymous> (https://wiki.one.int.sap/wiki/s/92d2c4742cba354172eb1affa02efacd-CDN/-23x24x/9116/n2r6gc/1bfa1eaa8b04ae6d4124fc3e33a6146f/_/download/contextbatch/js/_super/batch.js?locale=en-US:2852:304) @ https://wiki.one.int.sap/wiki/s/92d2c4742cba354172eb1affa02efacd-CDN/-23x24x/9116/n2r6gc/1bfa1eaa8b04ae6d4124fc3e33a6146f/_/download/contextbatch/js/_super/batch.js?locale=en-US:2576
[    1841ms] [WARNING] DEPRECATED undefined - AJS.params has been deprecated since 9.0.0 and will be removed in 10.0.0.  
     at HTMLMetaElement.<anonymous> (https://wiki.one.int.sap/wiki/s/92d2c4742cba354172eb1affa02efacd-CDN/-23x24x/9116/n2r6gc/1bfa1eaa8b04ae6d4124fc3e33a6146f/_/download/contextbatch/js/_super/batch.js?locale=en-US:2852:304) @ https://wiki.one.int.sap/wiki/s/92d2c4742cba354172eb1affa02efacd-CDN/-23x24x/9116/n2r6gc/1bfa1eaa8b04ae6d4124fc3e33a6146f/_/download/contextbatch/js/_super/batch.js?locale=en-US:2576
[    1841ms] [WARNING] DEPRECATED undefined - AJS.params has been deprecated since 9.0.0 and will be removed in 10.0.0.  
     at HTMLMetaElement.<anonymous> (https://wiki.one.int.sap/wiki/s/92d2c4742cba354172eb1affa02efacd-CDN/-23x24x/9116/n2r6gc/1bfa1eaa8b04ae6d4124fc3e33a6146f/_/download/contextbatch/js/_super/batch.js?locale=en-US:2852:304) @ https://wiki.one.int.sap/wiki/s/92d2c4742cba354172eb1affa02efacd-CDN/-23x24x/9116/n2r6gc/1bfa1eaa8b04ae6d4124fc3e33a6146f/_/download/contextbatch/js/_super/batch.js?locale=en-US:2576
[    1841ms] [WARNING] DEPRECATED undefined - AJS.params has been deprecated since 9.0.0 and will be removed in 10.0.0.  
     at HTMLMetaElement.<anonymous> (https://wiki.one.int.sap/wiki/s/92d2c4742cba354172eb1affa02efacd-CDN/-23x24x/9116/n2r6gc/1bfa1eaa8b04ae6d4124fc3e33a6146f/_/download/contextbatch/js/_super/batch.js?locale=en-US:2852:304) @ https://wiki.one.int.sap/wiki/s/92d2c4742cba354172eb1affa02efacd-CDN/-23x24x/9116/n2r6gc/1bfa1eaa8b04ae6d4124fc3e33a6146f/_/download/contextbatch/js/_super/batch.js?locale=en-US:2576
[    1841ms] [WARNING] DEPRECATED undefined - AJS.params has been deprecated since 9.0.0 and will be removed in 10.0.0.  
     at HTMLMetaElement.<anonymous> (https://wiki.one.int.sap/wiki/s/92d2c4742cba354172eb1affa02efacd-CDN/-23x24x/9116/n2r6gc/1bfa1eaa8b04ae6d4124fc3e33a6146f/_/download/contextbatch/js/_super/batch.js?locale=en-US:2852:304) @ https://wiki.one.int.sap/wiki/s/92d2c4742cba354172eb1affa02efacd-CDN/-23x24x/9116/n2r6gc/1bfa1eaa8b04ae6d4124fc3e33a6146f/_/download/contextbatch/js/_super/batch.js?locale=en-US:2576
[    1841ms] [WARNING] DEPRECATED undefined - AJS.params has been deprecated since 9.0.0 and will be removed in 10.0.0.  
     at HTMLMetaElement.<anonymous> (https://wiki.one.int.sap/wiki/s/92d2c4742cba354172eb1affa02efacd-CDN/-23x24x/9116/n2r6gc/1bfa1eaa8b04ae6d4124fc3e33a6146f/_/download/contextbatch/js/_super/batch.js?locale=en-US:2852:304) @ https://wiki.one.int.sap/wiki/s/92d2c4742cba354172eb1affa02efacd-CDN/-23x24x/9116/n2r6gc/1bfa1eaa8b04ae6d4124fc3e33a6146f/_/download/contextbatch/js/_super/batch.js?locale=en-US:2576
[    1841ms] [WARNING] DEPRECATED undefined - AJS.params has been deprecated since 9.0.0 and will be removed in 10.0.0.  
     at HTMLMetaElement.<anonymous> (https://wiki.one.int.sap/wiki/s/92d2c4742cba354172eb1affa02efacd-CDN/-23x24x/9116/n2r6gc/1bfa1eaa8b04ae6d4124fc3e33a6146f/_/download/contextbatch/js/_super/batch.js?locale=en-US:2852:304) @ https://wiki.one.int.sap/wiki/s/92d2c4742cba354172eb1affa02efacd-CDN/-23x24x/9116/n2r6gc/1bfa1eaa8b04ae6d4124fc3e33a6146f/_/download/contextbatch/js/_super/batch.js?locale=en-US:2576
[    1841ms] [WARNING] DEPRECATED undefined - AJS.params has been deprecated since 9.0.0 and will be removed in 10.0.0.  
     at HTMLMetaElement.<anonymous> (https://wiki.one.int.sap/wiki/s/92d2c4742cba354172eb1affa02efacd-CDN/-23x24x/9116/n2r6gc/1bfa1eaa8b04ae6d4124fc3e33a6146f/_/download/contextbatch/js/_super/batch.js?locale=en-US:2852:304) @ https://wiki.one.int.sap/wiki/s/92d2c4742cba354172eb1affa02efacd-CDN/-23x24x/9116/n2r6gc/1bfa1eaa8b04ae6d4124fc3e33a6146f/_/download/contextbatch/js/_super/batch.js?locale=en-US:2576
[    1841ms] [WARNING] DEPRECATED undefined - AJS.params has been deprecated since 9.0.0 and will be removed in 10.0.0.  
     at HTMLMetaElement.<anonymous> (https://wiki.one.int.sap/wiki/s/92d2c4742cba354172eb1affa02efacd-CDN/-23x24x/9116/n2r6gc/1bfa1eaa8b04ae6d4124fc3e33a6146f/_/download/contextbatch/js/_super/batch.js?locale=en-US:2852:304) @ https://wiki.one.int.sap/wiki/s/92d2c4742cba354172eb1affa02efacd-CDN/-23x24x/9116/n2r6gc/1bfa1eaa8b04ae6d4124fc3e33a6146f/_/download/contextbatch/js/_super/batch.js?locale=en-US:2576
[    1841ms] [WARNING] DEPRECATED undefined - AJS.params has been deprecated since 9.0.0 and will be removed in 10.0.0.  
     at HTMLMetaElement.<anonymous> (https://wiki.one.int.sap/wiki/s/92d2c4742cba354172eb1affa02efacd-CDN/-23x24x/9116/n2r6gc/1bfa1eaa8b04ae6d4124fc3e33a6146f/_/download/contextbatch/js/_super/batch.js?locale=en-US:2852:304) @ https://wiki.one.int.sap/wiki/s/92d2c4742cba354172eb1affa02efacd-CDN/-23x24x/9116/n2r6gc/1bfa1eaa8b04ae6d4124fc3e33a6146f/_/download/contextbatch/js/_super/batch.js?locale=en-US:2576
[    1841ms] [WARNING] DEPRECATED undefined - AJS.params has been deprecated since 9.0.0 and will be removed in 10.0.0.  
     at HTMLMetaElement.<anonymous> (https://wiki.one.int.sap/wiki/s/92d2c4742cba354172eb1affa02efacd-CDN/-23x24x/9116/n2r6gc/1bfa1eaa8b04ae6d4124fc3e33a6146f/_/download/contextbatch/js/_super/batch.js?locale=en-US:2852:304) @ https://wiki.one.int.sap/wiki/s/92d2c4742cba354172eb1affa02efacd-CDN/-23x24x/9116/n2r6gc/1bfa1eaa8b04ae6d4124fc3e33a6146f/_/download/contextbatch/js/_super/batch.js?locale=en-US:2576
[    1847ms] [LOG] [WRM] [handler] Downloading resources [css!/wiki/s/1654e542cb06b620d652636b99b87dd4-CDN/-…ext=false&theme.switcher=true&user-logged-in=true, css!/wiki/s/d41d8cd98f00b204e9800998ecf8427e-CDN/-…batch/css/request-access-plugin,-_super/batch.css, css!/wiki/s/d41d8cd98f00b204e9800998ecf8427e-CDN/-…tactions=true&table-resizable.breaking-text=false, css!/wiki/s/d41d8cd98f00b204e9800998ecf8427e-CDN/-…blefilter:live-filter-resources,-_super/batch.css, js!/wiki/s/61f4ec5c93800775c916150d1014c62f-CDN/-2…itorContextInit~app,-_super/batch.js?locale=en-US, js!/wiki/s/04bdf796a00bfe0cf56f0135c4e3ad4b-CDN/-2…ext=false&theme.switcher=true&user-logged-in=true, js!/wiki/s/61f4ec5c93800775c916150d1014c62f-CDN/-2…rContextInit~loader,-_super/batch.js?locale=en-US, js!/wiki/s/e1988dd6ecfa72bb95ed749b71703e1a-CDN/-2…quest-access-plugin,-_super/batch.js?locale=en-US, js!/wiki/s/61f4ec5c93800775c916150d1014c62f-CDN/-2…&locale=en-US&table-resizable.breaking-text=false, js!/wiki/s/4348b731c6071af5f391fcf09189eb90-CDN/-2…ve-filter-resources,-_super/batch.js?locale=en-US] @ https://wiki.one.int.sap/wiki/s/92d2c4742cba354172eb1affa02efacd-CDN/-23x24x/9116/n2r6gc/1bfa1eaa8b04ae6d4124fc3e33a6146f/_/download/contextbatch/js/_super/batch.js?locale=en-US:21
[    1940ms] [LOG] JQMIGRATE: Migrate is installed with logging active, version 3.4.0 @ https://wiki.one.int.sap/wiki/s/92d2c4742cba354172eb1affa02efacd-CDN/-23x24x/9116/n2r6gc/1bfa1eaa8b04ae6d4124fc3e33a6146f/_/download/contextbatch/js/_super/batch.js?locale=en-US:99
[    1940ms] [WARNING] Use of `window._` through AUI is deprecated and will be removed in AUI 10.0.0 @ https://wiki.one.int.sap/wiki/s/92d2c4742cba354172eb1affa02efacd-CDN/-23x24x/9116/n2r6gc/1bfa1eaa8b04ae6d4124fc3e33a6146f/_/download/contextbatch/js/_super/batch.js?locale=en-US:173
[    1942ms] [WARNING] DEPRECATED undefined - AJS.params has been deprecated since 9.0.0 and will be removed in 10.0.0.  
     at HTMLMetaElement.<anonymous> (https://wiki.one.int.sap/wiki/s/92d2c4742cba354172eb1affa02efacd-CDN/-23x24x/9116/n2r6gc/1bfa1eaa8b04ae6d4124fc3e33a6146f/_/download/contextbatch/js/_super/batch.js?locale=en-US:2852:304) @ https://wiki.one.int.sap/wiki/s/92d2c4742cba354172eb1affa02efacd-CDN/-23x24x/9116/n2r6gc/1bfa1eaa8b04ae6d4124fc3e33a6146f/_/download/contextbatch/js/_super/batch.js?locale=en-US:2576
[    1942ms] [WARNING] DEPRECATED undefined - AJS.params has been deprecated since 9.0.0 and will be removed in 10.0.0.  
     at HTMLMetaElement.<anonymous> (https://wiki.one.int.sap/wiki/s/92d2c4742cba354172eb1affa02efacd-CDN/-23x24x/9116/n2r6gc/1bfa1eaa8b04ae6d4124fc3e33a6146f/_/download/contextbatch/js/_super/batch.js?locale=en-US:2852:304) @ https://wiki.one.int.sap/wiki/s/92d2c4742cba354172eb1affa02efacd-CDN/-23x24x/9116/n2r6gc/1bfa1eaa8b04ae6d4124fc3e33a6146f/_/download/contextbatch/js/_super/batch.js?locale=en-US:2576
[    1942ms] [WARNING] DEPRECATED undefined - AJS.params has been deprecated since 9.0.0 and will be removed in 10.0.0.  
     at HTMLMetaElement.<anonymous> (https://wiki.one.int.sap/wiki/s/92d2c4742cba354172eb1affa02efacd-CDN/-23x24x/9116/n2r6gc/1bfa1eaa8b04ae6d4124fc3e33a6146f/_/download/contextbatch/js/_super/batch.js?locale=en-US:2852:304) @ https://wiki.one.int.sap/wiki/s/92d2c4742cba354172eb1affa02efacd-CDN/-23x24x/9116/n2r6gc/1bfa1eaa8b04ae6d4124fc3e33a6146f/_/download/contextbatch/js/_super/batch.js?locale=en-US:2576
[    1942ms] [WARNING] DEPRECATED undefined - AJS.params has been deprecated since 9.0.0 and will be removed in 10.0.0.  
     at HTMLMetaElement.<anonymous> (https://wiki.one.int.sap/wiki/s/92d2c4742cba354172eb1affa02efacd-CDN/-23x24x/9116/n2r6gc/1bfa1eaa8b04ae6d4124fc3e33a6146f/_/download/contextbatch/js/_super/batch.js?locale=en-US:2852:304) @ https://wiki.one.int.sap/wiki/s/92d2c4742cba354172eb1affa02efacd-CDN/-23x24x/9116/n2r6gc/1bfa1eaa8b04ae6d4124fc3e33a6146f/_/download/contextbatch/js/_super/batch.js?locale=en-US:2576
[    1942ms] [WARNING] DEPRECATED undefined - AJS.params has been deprecated since 9.0.0 and will be removed in 10.0.0.  
     at HTMLMetaElement.<anonymous> (https://wiki.one.int.sap/wiki/s/92d2c4742cba354172eb1affa02efacd-CDN/-23x24x/9116/n2r6gc/1bfa1eaa8b04ae6d4124fc3e33a6146f/_/download/contextbatch/js/_super/batch.js?locale=en-US:2852:304) @ https://wiki.one.int.sap/wiki/s/92d2c4742cba354172eb1affa02efacd-CDN/-23x24x/9116/n2r6gc/1bfa1eaa8b04ae6d4124fc3e33a6146f/_/download/contextbatch/js/_super/batch.js?locale=en-US:2576
[    1942ms] [WARNING] DEPRECATED undefined - AJS.params has been deprecated since 9.0.0 and will be removed in 10.0.0.  
     at HTMLMetaElement.<anonymous> (https://wiki.one.int.sap/wiki/s/92d2c4742cba354172eb1affa02efacd-CDN/-23x24x/9116/n2r6gc/1bfa1eaa8b04ae6d4124fc3e33a6146f/_/download/contextbatch/js/_super/batch.js?locale=en-US:2852:304) @ https://wiki.one.int.sap/wiki/s/92d2c4742cba354172eb1affa02efacd-CDN/-23x24x/9116/n2r6gc/1bfa1eaa8b04ae6d4124fc3e33a6146f/_/download/contextbatch/js/_super/batch.js?locale=en-US:2576
[    1942ms] [WARNING] DEPRECATED undefined - AJS.params has been deprecated since 9.0.0 and will be removed in 10.0.0.  
     at HTMLMetaElement.<anonymous> (https://wiki.one.int.sap/wiki/s/92d2c4742cba354172eb1affa02efacd-CDN/-23x24x/9116/n2r6gc/1bfa1eaa8b04ae6d4124fc3e33a6146f/_/download/contextbatch/js/_super/batch.js?locale=en-US:2852:304) @ https://wiki.one.int.sap/wiki/s/92d2c4742cba354172eb1affa02efacd-CDN/-23x24x/9116/n2r6gc/1bfa1eaa8b04ae6d4124fc3e33a6146f/_/download/contextbatch/js/_super/batch.js?locale=en-US:2576
[    1942ms] [WARNING] DEPRECATED undefined - AJS.params has been deprecated since 9.0.0 and will be removed in 10.0.0.  
     at HTMLMetaElement.<anonymous> (https://wiki.one.int.sap/wiki/s/92d2c4742cba354172eb1affa02efacd-CDN/-23x24x/9116/n2r6gc/1bfa1eaa8b04ae6d4124fc3e33a6146f/_/download/contextbatch/js/_super/batch.js?locale=en-US:2852:304) @ https://wiki.one.int.sap/wiki/s/92d2c4742cba354172eb1affa02efacd-CDN/-23x24x/9116/n2r6gc/1bfa1eaa8b04ae6d4124fc3e33a6146f/_/download/contextbatch/js/_super/batch.js?locale=en-US:2576
[    1942ms] [WARNING] DEPRECATED undefined - AJS.params has been deprecated since 9.0.0 and will be removed in 10.0.0.  
     at HTMLMetaElement.<anonymous> (https://wiki.one.int.sap/wiki/s/92d2c4742cba354172eb1affa02efacd-CDN/-23x24x/9116/n2r6gc/1bfa1eaa8b04ae6d4124fc3e33a6146f/_/download/contextbatch/js/_super/batch.js?locale=en-US:2852:304) @ https://wiki.one.int.sap/wiki/s/92d2c4742cba354172eb1affa02efacd-CDN/-23x24x/9116/n2r6gc/1bfa1eaa8b04ae6d4124fc3e33a6146f/_/download/contextbatch/js/_super/batch.js?locale=en-US:2576
[    1942ms] [WARNING] DEPRECATED undefined - AJS.params has been deprecated since 9.0.0 and will be removed in 10.0.0.  
     at HTMLMetaElement.<anonymous> (https://wiki.one.int.sap/wiki/s/92d2c4742cba354172eb1affa02efacd-CDN/-23x24x/9116/n2r6gc/1bfa1eaa8b04ae6d4124fc3e33a6146f/_/download/contextbatch/js/_super/batch.js?locale=en-US:2852:304) @ https://wiki.one.int.sap/wiki/s/92d2c4742cba354172eb1affa02efacd-CDN/-23x24x/9116/n2r6gc/1bfa1eaa8b04ae6d4124fc3e33a6146f/_/download/contextbatch/js/_super/batch.js?locale=en-US:2576
[    1942ms] [WARNING] DEPRECATED undefined - AJS.params has been deprecated since 9.0.0 and will be removed in 10.0.0.  
     at HTMLMetaElement.<anonymous> (https://wiki.one.int.sap/wiki/s/92d2c4742cba354172eb1affa02efacd-CDN/-23x24x/9116/n2r6gc/1bfa1eaa8b04ae6d4124fc3e33a6146f/_/download/contextbatch/js/_super/batch.js?locale=en-US:2852:304) @ https://wiki.one.int.sap/wiki/s/92d2c4742cba354172eb1affa02efacd-CDN/-23x24x/9116/n2r6gc/1bfa1eaa8b04ae6d4124fc3e33a6146f/_/download/contextbatch/js/_super/batch.js?locale=en-US:2576
[    1942ms] [WARNING] DEPRECATED undefined - AJS.params has been deprecated since 9.0.0 and will be removed in 10.0.0.  
     at HTMLMetaElement.<anonymous> (https://wiki.one.int.sap/wiki/s/92d2c4742cba354172eb1affa02efacd-CDN/-23x24x/9116/n2r6gc/1bfa1eaa8b04ae6d4124fc3e33a6146f/_/download/contextbatch/js/_super/batch.js?locale=en-US:2852:304) @ https://wiki.one.int.sap/wiki/s/92d2c4742cba354172eb1affa02efacd-CDN/-23x24x/9116/n2r6gc/1bfa1eaa8b04ae6d4124fc3e33a6146f/_/download/contextbatch/js/_super/batch.js?locale=en-US:2576
[    1942ms] [WARNING] DEPRECATED undefined - AJS.params has been deprecated since 9.0.0 and will be removed in 10.0.0.  
     at HTMLMetaElement.<anonymous> (https://wiki.one.int.sap/wiki/s/92d2c4742cba354172eb1affa02efacd-CDN/-23x24x/9116/n2r6gc/1bfa1eaa8b04ae6d4124fc3e33a6146f/_/download/contextbatch/js/_super/batch.js?locale=en-US:2852:304) @ https://wiki.one.int.sap/wiki/s/92d2c4742cba354172eb1affa02efacd-CDN/-23x24x/9116/n2r6gc/1bfa1eaa8b04ae6d4124fc3e33a6146f/_/download/contextbatch/js/_super/batch.js?locale=en-US:2576
[    1942ms] [WARNING] DEPRECATED undefined - AJS.params has been deprecated since 9.0.0 and will be removed in 10.0.0.  
     at HTMLMetaElement.<anonymous> (https://wiki.one.int.sap/wiki/s/92d2c4742cba354172eb1affa02efacd-CDN/-23x24x/9116/n2r6gc/1bfa1eaa8b04ae6d4124fc3e33a6146f/_/download/contextbatch/js/_super/batch.js?locale=en-US:2852:304) @ https://wiki.one.int.sap/wiki/s/92d2c4742cba354172eb1affa02efacd-CDN/-23x24x/9116/n2r6gc/1bfa1eaa8b04ae6d4124fc3e33a6146f/_/download/contextbatch/js/_super/batch.js?locale=en-US:2576
[    1942ms] [WARNING] DEPRECATED undefined - AJS.params has been deprecated since 9.0.0 and will be removed in 10.0.0.  
     at HTMLMetaElement.<anonymous> (https://wiki.one.int.sap/wiki/s/92d2c4742cba354172eb1affa02efacd-CDN/-23x24x/9116/n2r6gc/1bfa1eaa8b04ae6d4124fc3e33a6146f/_/download/contextbatch/js/_super/batch.js?locale=en-US:2852:304) @ https://wiki.one.int.sap/wiki/s/92d2c4742cba354172eb1affa02efacd-CDN/-23x24x/9116/n2r6gc/1bfa1eaa8b04ae6d4124fc3e33a6146f/_/download/contextbatch/js/_super/batch.js?locale=en-US:2576
[    1942ms] [WARNING] DEPRECATED undefined - AJS.params has been deprecated since 9.0.0 and will be removed in 10.0.0.  
     at HTMLMetaElement.<anonymous> (https://wiki.one.int.sap/wiki/s/92d2c4742cba354172eb1affa02efacd-CDN/-23x24x/9116/n2r6gc/1bfa1eaa8b04ae6d4124fc3e33a6146f/_/download/contextbatch/js/_super/batch.js?locale=en-US:2852:304) @ https://wiki.one.int.sap/wiki/s/92d2c4742cba354172eb1affa02efacd-CDN/-23x24x/9116/n2r6gc/1bfa1eaa8b04ae6d4124fc3e33a6146f/_/download/contextbatch/js/_super/batch.js?locale=en-US:2576
[    1942ms] [WARNING] DEPRECATED undefined - AJS.params has been deprecated since 9.0.0 and will be removed in 10.0.0.  
     at HTMLMetaElement.<anonymous> (https://wiki.one.int.sap/wiki/s/92d2c4742cba354172eb1affa02efacd-CDN/-23x24x/9116/n2r6gc/1bfa1eaa8b04ae6d4124fc3e33a6146f/_/download/contextbatch/js/_super/batch.js?locale=en-US:2852:304) @ https://wiki.one.int.sap/wiki/s/92d2c4742cba354172eb1affa02efacd-CDN/-23x24x/9116/n2r6gc/1bfa1eaa8b04ae6d4124fc3e33a6146f/_/download/contextbatch/js/_super/batch.js?locale=en-US:2576
[    1942ms] [WARNING] DEPRECATED undefined - AJS.params has been deprecated since 9.0.0 and will be removed in 10.0.0.  
     at HTMLMetaElement.<anonymous> (https://wiki.one.int.sap/wiki/s/92d2c4742cba354172eb1affa02efacd-CDN/-23x24x/9116/n2r6gc/1bfa1eaa8b04ae6d4124fc3e33a6146f/_/download/contextbatch/js/_super/batch.js?locale=en-US:2852:304) @ https://wiki.one.int.sap/wiki/s/92d2c4742cba354172eb1affa02efacd-CDN/-23x24x/9116/n2r6gc/1bfa1eaa8b04ae6d4124fc3e33a6146f/_/download/contextbatch/js/_super/batch.js?locale=en-US:2576
[    1942ms] [WARNING] DEPRECATED undefined - AJS.params has been deprecated since 9.0.0 and will be removed in 10.0.0.  
     at HTMLMetaElement.<anonymous> (https://wiki.one.int.sap/wiki/s/92d2c4742cba354172eb1affa02efacd-CDN/-23x24x/9116/n2r6gc/1bfa1eaa8b04ae6d4124fc3e33a6146f/_/download/contextbatch/js/_super/batch.js?locale=en-US:2852:304) @ https://wiki.one.int.sap/wiki/s/92d2c4742cba354172eb1affa02efacd-CDN/-23x24x/9116/n2r6gc/1bfa1eaa8b04ae6d4124fc3e33a6146f/_/download/contextbatch/js/_super/batch.js?locale=en-US:2576
[    1942ms] [WARNING] DEPRECATED undefined - AJS.params has been deprecated since 9.0.0 and will be removed in 10.0.0.  
     at HTMLMetaElement.<anonymous> (https://wiki.one.int.sap/wiki/s/92d2c4742cba354172eb1affa02efacd-CDN/-23x24x/9116/n2r6gc/1bfa1eaa8b04ae6d4124fc3e33a6146f/_/download/contextbatch/js/_super/batch.js?locale=en-US:2852:304) @ https://wiki.one.int.sap/wiki/s/92d2c4742cba354172eb1affa02efacd-CDN/-23x24x/9116/n2r6gc/1bfa1eaa8b04ae6d4124fc3e33a6146f/_/download/contextbatch/js/_super/batch.js?locale=en-US:2576
[    1943ms] [WARNING] DEPRECATED undefined - AJS.params has been deprecated since 9.0.0 and will be removed in 10.0.0.  
     at HTMLMetaElement.<anonymous> (https://wiki.one.int.sap/wiki/s/92d2c4742cba354172eb1affa02efacd-CDN/-23x24x/9116/n2r6gc/1bfa1eaa8b04ae6d4124fc3e33a6146f/_/download/contextbatch/js/_super/batch.js?locale=en-US:2852:304) @ https://wiki.one.int.sap/wiki/s/92d2c4742cba354172eb1affa02efacd-CDN/-23x24x/9116/n2r6gc/1bfa1eaa8b04ae6d4124fc3e33a6146f/_/download/contextbatch/js/_super/batch.js?locale=en-US:2576
[    1943ms] [WARNING] DEPRECATED undefined - AJS.params has been deprecated since 9.0.0 and will be removed in 10.0.0.  
     at HTMLMetaElement.<anonymous> (https://wiki.one.int.sap/wiki/s/92d2c4742cba354172eb1affa02efacd-CDN/-23x24x/9116/n2r6gc/1bfa1eaa8b04ae6d4124fc3e33a6146f/_/download/contextbatch/js/_super/batch.js?locale=en-US:2852:304) @ https://wiki.one.int.sap/wiki/s/92d2c4742cba354172eb1affa02efacd-CDN/-23x24x/9116/n2r6gc/1bfa1eaa8b04ae6d4124fc3e33a6146f/_/download/contextbatch/js/_super/batch.js?locale=en-US:2576
[    1943ms] [WARNING] DEPRECATED undefined - AJS.params has been deprecated since 9.0.0 and will be removed in 10.0.0.  
     at HTMLMetaElement.<anonymous> (https://wiki.one.int.sap/wiki/s/92d2c4742cba354172eb1affa02efacd-CDN/-23x24x/9116/n2r6gc/1bfa1eaa8b04ae6d4124fc3e33a6146f/_/download/contextbatch/js/_super/batch.js?locale=en-US:2852:304) @ https://wiki.one.int.sap/wiki/s/92d2c4742cba354172eb1affa02efacd-CDN/-23x24x/9116/n2r6gc/1bfa1eaa8b04ae6d4124fc3e33a6146f/_/download/contextbatch/js/_super/batch.js?locale=en-US:2576
[    1943ms] [WARNING] DEPRECATED undefined - AJS.params has been deprecated since 9.0.0 and will be removed in 10.0.0.  
     at HTMLMetaElement.<anonymous> (https://wiki.one.int.sap/wiki/s/92d2c4742cba354172eb1affa02efacd-CDN/-23x24x/9116/n2r6gc/1bfa1eaa8b04ae6d4124fc3e33a6146f/_/download/contextbatch/js/_super/batch.js?locale=en-US:2852:304) @ https://wiki.one.int.sap/wiki/s/92d2c4742cba354172eb1affa02efacd-CDN/-23x24x/9116/n2r6gc/1bfa1eaa8b04ae6d4124fc3e33a6146f/_/download/contextbatch/js/_super/batch.js?locale=en-US:2576
[    1943ms] [WARNING] DEPRECATED undefined - AJS.params has been deprecated since 9.0.0 and will be removed in 10.0.0.  
     at HTMLMetaElement.<anonymous> (https://wiki.one.int.sap/wiki/s/92d2c4742cba354172eb1affa02efacd-CDN/-23x24x/9116/n2r6gc/1bfa1eaa8b04ae6d4124fc3e33a6146f/_/download/contextbatch/js/_super/batch.js?locale=en-US:2852:304) @ https://wiki.one.int.sap/wiki/s/92d2c4742cba354172eb1affa02efacd-CDN/-23x24x/9116/n2r6gc/1bfa1eaa8b04ae6d4124fc3e33a6146f/_/download/contextbatch/js/_super/batch.js?locale=en-US:2576
[    1943ms] [WARNING] DEPRECATED undefined - AJS.params has been deprecated since 9.0.0 and will be removed in 10.0.0.  
     at HTMLMetaElement.<anonymous> (https://wiki.one.int.sap/wiki/s/92d2c4742cba354172eb1affa02efacd-CDN/-23x24x/9116/n2r6gc/1bfa1eaa8b04ae6d4124fc3e33a6146f/_/download/contextbatch/js/_super/batch.js?locale=en-US:2852:304) @ https://wiki.one.int.sap/wiki/s/92d2c4742cba354172eb1affa02efacd-CDN/-23x24x/9116/n2r6gc/1bfa1eaa8b04ae6d4124fc3e33a6146f/_/download/contextbatch/js/_super/batch.js?locale=en-US:2576
[    1943ms] [WARNING] DEPRECATED undefined - AJS.params has been deprecated since 9.0.0 and will be removed in 10.0.0.  
     at HTMLMetaElement.<anonymous> (https://wiki.one.int.sap/wiki/s/92d2c4742cba354172eb1affa02efacd-CDN/-23x24x/9116/n2r6gc/1bfa1eaa8b04ae6d4124fc3e33a6146f/_/download/contextbatch/js/_super/batch.js?locale=en-US:2852:304) @ https://wiki.one.int.sap/wiki/s/92d2c4742cba354172eb1affa02efacd-CDN/-23x24x/9116/n2r6gc/1bfa1eaa8b04ae6d4124fc3e33a6146f/_/download/contextbatch/js/_super/batch.js?locale=en-US:2576
[    1943ms] [WARNING] DEPRECATED undefined - AJS.params has been deprecated since 9.0.0 and will be removed in 10.0.0.  
     at HTMLMetaElement.<anonymous> (https://wiki.one.int.sap/wiki/s/92d2c4742cba354172eb1affa02efacd-CDN/-23x24x/9116/n2r6gc/1bfa1eaa8b04ae6d4124fc3e33a6146f/_/download/contextbatch/js/_super/batch.js?locale=en-US:2852:304) @ https://wiki.one.int.sap/wiki/s/92d2c4742cba354172eb1affa02efacd-CDN/-23x24x/9116/n2r6gc/1bfa1eaa8b04ae6d4124fc3e33a6146f/_/download/contextbatch/js/_super/batch.js?locale=en-US:2576
[    1943ms] [WARNING] DEPRECATED undefined - AJS.params has been deprecated since 9.0.0 and will be removed in 10.0.0.  
     at HTMLMetaElement.<anonymous> (https://wiki.one.int.sap/wiki/s/92d2c4742cba354172eb1affa02efacd-CDN/-23x24x/9116/n2r6gc/1bfa1eaa8b04ae6d4124fc3e33a6146f/_/download/contextbatch/js/_super/batch.js?locale=en-US:2852:304) @ https://wiki.one.int.sap/wiki/s/92d2c4742cba354172eb1affa02efacd-CDN/-23x24x/9116/n2r6gc/1bfa1eaa8b04ae6d4124fc3e33a6146f/_/download/contextbatch/js/_super/batch.js?locale=en-US:2576
[    1943ms] [WARNING] DEPRECATED undefined - AJS.params has been deprecated since 9.0.0 and will be removed in 10.0.0.  
     at HTMLMetaElement.<anonymous> (https://wiki.one.int.sap/wiki/s/92d2c4742cba354172eb1affa02efacd-CDN/-23x24x/9116/n2r6gc/1bfa1eaa8b04ae6d4124fc3e33a6146f/_/download/contextbatch/js/_super/batch.js?locale=en-US:2852:304) @ https://wiki.one.int.sap/wiki/s/92d2c4742cba354172eb1affa02efacd-CDN/-23x24x/9116/n2r6gc/1bfa1eaa8b04ae6d4124fc3e33a6146f/_/download/contextbatch/js/_super/batch.js?locale=en-US:2576
[    1943ms] [WARNING] DEPRECATED undefined - AJS.params has been deprecated since 9.0.0 and will be removed in 10.0.0.  
     at HTMLMetaElement.<anonymous> (https://wiki.one.int.sap/wiki/s/92d2c4742cba354172eb1affa02efacd-CDN/-23x24x/9116/n2r6gc/1bfa1eaa8b04ae6d4124fc3e33a6146f/_/download/contextbatch/js/_super/batch.js?locale=en-US:2852:304) @ https://wiki.one.int.sap/wiki/s/92d2c4742cba354172eb1affa02efacd-CDN/-23x24x/9116/n2r6gc/1bfa1eaa8b04ae6d4124fc3e33a6146f/_/download/contextbatch/js/_super/batch.js?locale=en-US:2576
[    1943ms] [WARNING] DEPRECATED undefined - AJS.params has been deprecated since 9.0.0 and will be removed in 10.0.0.  
     at HTMLMetaElement.<anonymous> (https://wiki.one.int.sap/wiki/s/92d2c4742cba354172eb1affa02efacd-CDN/-23x24x/9116/n2r6gc/1bfa1eaa8b04ae6d4124fc3e33a6146f/_/download/contextbatch/js/_super/batch.js?locale=en-US:2852:304) @ https://wiki.one.int.sap/wiki/s/92d2c4742cba354172eb1affa02efacd-CDN/-23x24x/9116/n2r6gc/1bfa1eaa8b04ae6d4124fc3e33a6146f/_/download/contextbatch/js/_super/batch.js?locale=en-US:2576
[    1957ms] [WARNING] DEPRECATED JS - PopulateParameters has been deprecated since 9.0.0 and will be removed in 10.0.0.  
     at HTMLDocument.<anonymous> (https://wiki.one.int.sap/wiki/s/92d2c4742cba354172eb1affa02efacd-CDN/-23x24x/9116/n2r6gc/1bfa1eaa8b04ae6d4124fc3e33a6146f/_/download/contextbatch/js/_super/batch.js?locale=en-US:2682:988) @ https://wiki.one.int.sap/wiki/s/92d2c4742cba354172eb1affa02efacd-CDN/-23x24x/9116/n2r6gc/1bfa1eaa8b04ae6d4124fc3e33a6146f/_/download/contextbatch/js/_super/batch.js?locale=en-US:2576
[    1962ms] [WARNING] DEPRECATED JS - Dialog has been deprecated since 6.0.6 and will be removed in a future release. Use require('confluence-create-content/space-blueprint')  
     at https://wiki.one.int.sap/wiki/s/92d2c4742cba354172eb1affa02efacd-CDN/-23x24x/9116/n2r6gc/1bfa1eaa8b04ae6d4124fc3e33a6146f/_/download/contextbatch/js/_super/batch.js?locale=en-US:3634:56 @ https://wiki.one.int.sap/wiki/s/92d2c4742cba354172eb1affa02efacd-CDN/-23x24x/9116/n2r6gc/1bfa1eaa8b04ae6d4124fc3e33a6146f/_/download/contextbatch/js/_super/batch.js?locale=en-US:2576
[    2553ms] [LOG] [WRM] [handler] Downloading resources [js!/wiki/s/61f4ec5c93800775c916150d1014c62f-CDN/-2…sian.auiplugin:7498,-_super/batch.js?locale=en-US] @ https://wiki.one.int.sap/wiki/s/92d2c4742cba354172eb1affa02efacd-CDN/-23x24x/9116/n2r6gc/1bfa1eaa8b04ae6d4124fc3e33a6146f/_/download/contextbatch/js/_super/batch.js?locale=en-US:21
[    3281ms] [WARNING] DEPRECATED undefined - AJS.params has been deprecated since 9.0.0 and will be removed in 10.0.0.  
     at Object.getPageId (https://wiki.one.int.sap/wiki/s/4348b731c6071af5f391fcf09189eb90-CDN/-23x24x/9116/n2r6gc/9766c935e8b672a767177a40888c75d1/_/download/contextbatch/js/com.stiltsoft.confluence.plugin.tablefilter.tablefilter:live-filter-resources,-_super/batch.js?locale=en-US:5:28492) @ https://wiki.one.int.sap/wiki/s/92d2c4742cba354172eb1affa02efacd-CDN/-23x24x/9116/n2r6gc/1bfa1eaa8b04ae6d4124fc3e33a6146f/_/download/contextbatch/js/_super/batch.js?locale=en-US:2576
[    3546ms] [LOG] [WRM] [handler] Downloading resources [css!/wiki/s/9e0c3ab9cc4abe10173c508187b5202e-CDN/-…etup=true&theme.switcher=true&user-logged-in=true, js!/wiki/s/96a6042f2fa548fad8bc1cf4717da273-CDN/-2…etup=true&theme.switcher=true&user-logged-in=true, js!/wiki/s/61f4ec5c93800775c916150d1014c62f-CDN/-2…urces/jqltable-editor.js?batch=false&locale=en-US, js!/wiki/s/99914b932bd37a50b983c5e7c90ae93b-CDN/-2…le-settings-panel.soy.js?batch=false&locale=en-US] @ https://wiki.one.int.sap/wiki/s/92d2c4742cba354172eb1affa02efacd-CDN/-23x24x/9116/n2r6gc/1bfa1eaa8b04ae6d4124fc3e33a6146f/_/download/contextbatch/js/_super/batch.js?locale=en-US:21
[    5907ms] [WARNING] DEPRECATED JS - AJS.debounce has been deprecated since 8.0.0 and will be removed in 10.0.0. Use equivalent functions from libraries like lodash / underscore instead  
     at https://wiki.one.int.sap/wiki/s/96a6042f2fa548fad8bc1cf4717da273-CDN/-23x24x/9116/n2r6gc/bd244c994bb049f778fc8222aa2fb6e2/_/download/contextbatch/js/editor,macro-browser,-_super,-atl.general,-com.atlassian.confluence.plugins.confluence-inline-comments:app,-main,-viewcontent,-com.atlassian.confluence.plugins.confluence-inline-comments:EditorContextInit,-page,-browser-metrics-plugin.contrib,-atl.comments,-com.stiltsoft.confluence.plugin.tablefilter.tablefilter:live-filter-resources/batch.js?analytics-enabled=false&cefp_collab_enabled=true&cefp_ed_perm=false&cefp_is_admin=false&gatekeeper-ui-v2=true&highlightactions=true&hostenabled=true&locale=en-US&table-resizable.breaking-text=false&tc-license-setup=true&theme.switcher=true&user-logged-in=true:771:136 @ https://wiki.one.int.sap/wiki/s/92d2c4742cba354172eb1affa02efacd-CDN/-23x24x/9116/n2r6gc/1bfa1eaa8b04ae6d4124fc3e33a6146f/_/download/contextbatch/js/_super/batch.js?locale=en-US:2576
[    5910ms] [WARNING] DEPRECATED undefined - AJS.params has been deprecated since 9.0.0 and will be removed in 10.0.0.  
     at https://wiki.one.int.sap/wiki/s/96a6042f2fa548fad8bc1cf4717da273-CDN/-23x24x/9116/n2r6gc/bd244c994bb049f778fc8222aa2fb6e2/_/download/contextbatch/js/editor,macro-browser,-_super,-atl.general,-com.atlassian.confluence.plugins.confluence-inline-comments:app,-main,-viewcontent,-com.atlassian.confluence.plugins.confluence-inline-comments:EditorContextInit,-page,-browser-metrics-plugin.contrib,-atl.comments,-com.stiltsoft.confluence.plugin.tablefilter.tablefilter:live-filter-resources/batch.js?analytics-enabled=false&cefp_collab_enabled=true&cefp_ed_perm=false&cefp_is_admin=false&gatekeeper-ui-v2=true&highlightactions=true&hostenabled=true&locale=en-US&table-resizable.breaking-text=false&tc-license-setup=true&theme.switcher=true&user-logged-in=true:4537:90 @ https://wiki.one.int.sap/wiki/s/92d2c4742cba354172eb1affa02efacd-CDN/-23x24x/9116/n2r6gc/1bfa1eaa8b04ae6d4124fc3e33a6146f/_/download/contextbatch/js/_super/batch.js?locale=en-US:2576
[    5931ms] [WARNING] Multiple versions of FeatureGateClients found on the current page.
      The currently bound version is 5.5.2 when module version 5.0.0 was loading. @ https://wiki.one.int.sap/wiki/s/96a6042f2fa548fad8bc1cf4717da273-CDN/-23x24x/9116/n2r6gc/bd244c994bb049f778fc8222aa2fb6e2/_/download/contextbatch/js/editor,macro-browser,-_super,-atl.general,-com.atlassian.confluence.plugins.confluence-inline-comments:app,-main,-viewcontent,-com.atlassian.confluence.plugins.confluence-inline-comments:EditorContextInit,-page,-browser-metrics-plugin.contrib,-atl.comments,-com.stiltsoft.confluence.plugin.tablefilter.tablefilter:live-filter-resources/batch.js?analytics-enabled=false&cefp_collab_enabled=true&cefp_ed_perm=false&cefp_is_admin=false&gatekeeper-ui-v2=true&highlightactions=true&hostenabled=true&locale=en-US&table-resizable.breaking-text=false&tc-license-setup=true&theme.switcher=true&user-logged-in=true:11847
[    5941ms] [WARNING] Multiple versions of FeatureGateClients found on the current page.
      The currently bound version is 5.5.2 when module version 5.3.1 was loading. @ https://wiki.one.int.sap/wiki/s/96a6042f2fa548fad8bc1cf4717da273-CDN/-23x24x/9116/n2r6gc/bd244c994bb049f778fc8222aa2fb6e2/_/download/contextbatch/js/editor,macro-browser,-_super,-atl.general,-com.atlassian.confluence.plugins.confluence-inline-comments:app,-main,-viewcontent,-com.atlassian.confluence.plugins.confluence-inline-comments:EditorContextInit,-page,-browser-metrics-plugin.contrib,-atl.comments,-com.stiltsoft.confluence.plugin.tablefilter.tablefilter:live-filter-resources/batch.js?analytics-enabled=false&cefp_collab_enabled=true&cefp_ed_perm=false&cefp_is_admin=false&gatekeeper-ui-v2=true&highlightactions=true&hostenabled=true&locale=en-US&table-resizable.breaking-text=false&tc-license-setup=true&theme.switcher=true&user-logged-in=true:11946
[    5950ms] [LOG] timePicker has been downloaded @ https://wiki.one.int.sap/wiki/s/96a6042f2fa548fad8bc1cf4717da273-CDN/-23x24x/9116/n2r6gc/bd244c994bb049f778fc8222aa2fb6e2/_/download/contextbatch/js/editor,macro-browser,-_super,-atl.general,-com.atlassian.confluence.plugins.confluence-inline-comments:app,-main,-viewcontent,-com.atlassian.confluence.plugins.confluence-inline-comments:EditorContextInit,-page,-browser-metrics-plugin.contrib,-atl.comments,-com.stiltsoft.confluence.plugin.tablefilter.tablefilter:live-filter-resources/batch.js?analytics-enabled=false&cefp_collab_enabled=true&cefp_ed_perm=false&cefp_is_admin=false&gatekeeper-ui-v2=true&highlightactions=true&hostenabled=true&locale=en-US&table-resizable.breaking-text=false&tc-license-setup=true&theme.switcher=true&user-logged-in=true:12759
[    5950ms] [LOG] countdown-macro-config.js has been loaded @ https://wiki.one.int.sap/wiki/s/96a6042f2fa548fad8bc1cf4717da273-CDN/-23x24x/9116/n2r6gc/bd244c994bb049f778fc8222aa2fb6e2/_/download/contextbatch/js/editor,macro-browser,-_super,-atl.general,-com.atlassian.confluence.plugins.confluence-inline-comments:app,-main,-viewcontent,-com.atlassian.confluence.plugins.confluence-inline-comments:EditorContextInit,-page,-browser-metrics-plugin.contrib,-atl.comments,-com.stiltsoft.confluence.plugin.tablefilter.tablefilter:live-filter-resources/batch.js?analytics-enabled=false&cefp_collab_enabled=true&cefp_ed_perm=false&cefp_is_admin=false&gatekeeper-ui-v2=true&highlightactions=true&hostenabled=true&locale=en-US&table-resizable.breaking-text=false&tc-license-setup=true&theme.switcher=true&user-logged-in=true:12877
[    5965ms] [WARNING] DEPRECATED undefined - AJS.params has been deprecated since 9.0.0 and will be removed in 10.0.0.  
     at Object.getParam (https://wiki.one.int.sap/wiki/s/d768014809aa9e9356abc4f32fa3cf06-CDN/-23x24x/9116/n2r6gc/fa8ab6e9231284a06bf1fb80b856a1e4/_/download/contextbatch/js/atl.confluence.plugins.pagetree-desktop,main,page,viewcontent,atl.general,atl.comments,-_super/batch.js?analytics-enabled=false&cefp_collab_enabled=true&cefp_ed_perm=false&cefp_is_admin=false&gatekeeper-ui-v2=true&highlightactions=true&hostenabled=true&locale=en-US&table-resizable.breaking-text=false&theme.switcher=true&user-logged-in=true:227:281) @ https://wiki.one.int.sap/wiki/s/92d2c4742cba354172eb1affa02efacd-CDN/-23x24x/9116/n2r6gc/1bfa1eaa8b04ae6d4124fc3e33a6146f/_/download/contextbatch/js/_super/batch.js?locale=en-US:2576
[    6419ms] [LOG] Synchrony successfully initialised. @ https://wiki.one.int.sap/wiki/s/92d2c4742cba354172eb1affa02efacd-CDN/-23x24x/9116/n2r6gc/1bfa1eaa8b04ae6d4124fc3e33a6146f/_/download/contextbatch/js/_super/batch.js?locale=en-US:2581
[    7653ms] TypeError: u.value.getElementsByClassName is not a function
    at https://wiki.one.int.sap/wiki/s/96a6042f2fa548fad8bc1cf4717da273-CDN/-23x24x/9116/n2r6gc/bd244c994bb049f778fc8222aa2fb6e2/_/download/contextbatch/js/editor,macro-browser,-_super,-atl.general,-com.atlassian.confluence.plugins.confluence-inline-comments:app,-main,-viewcontent,-com.atlassian.confluence.plugins.confluence-inline-comments:EditorContextInit,-page,-browser-metrics-plugin.contrib,-atl.comments,-com.stiltsoft.confluence.plugin.tablefilter.tablefilter:live-filter-resources/batch.js?analytics-enabled=false&cefp_collab_enabled=true&cefp_ed_perm=false&cefp_is_admin=false&gatekeeper-ui-v2=true&highlightactions=true&hostenabled=true&locale=en-US&table-resizable.breaking-text=false&tc-license-setup=true&theme.switcher=true&user-logged-in=true:6307:2556
    at Array.forEach (<anonymous>)
    at MutationObserver.<anonymous> (https://wiki.one.int.sap/wiki/s/96a6042f2fa548fad8bc1cf4717da273-CDN/-23x24x/9116/n2r6gc/bd244c994bb049f778fc8222aa2fb6e2/_/download/contextbatch/js/editor,macro-browser,-_super,-atl.general,-com.atlassian.confluence.plugins.confluence-inline-comments:app,-main,-viewcontent,-com.atlassian.confluence.plugins.confluence-inline-comments:EditorContextInit,-page,-browser-metrics-plugin.contrib,-atl.comments,-com.stiltsoft.confluence.plugin.tablefilter.tablefilter:live-filter-resources/batch.js?analytics-enabled=false&cefp_collab_enabled=true&cefp_ed_perm=false&cefp_is_admin=false&gatekeeper-ui-v2=true&highlightactions=true&hostenabled=true&locale=en-US&table-resizable.breaking-text=false&tc-license-setup=true&theme.switcher=true&user-logged-in=true:6307:2427)
